Record ID,Contributor,Contributor aliases,Title,Title aliases,Year,Publisher,ISBN,Canon sources,Collectibility tier,Search priority,First edition notes,Strong buy GBP,Bargain GBP,Evidence confidence,Source,Search tier
openlibrary:OL44996045W,池田陽子,Nazraeli Press,Monkey puzzle,,2015,Nazraeli Press,,Specialist photography publisher backlist: Nazraeli Press,B,4,Work-level metadata only; verify the exact publisher edition and printing.,,,Medium,https://openlibrary.org/works/OL44996045W,BROAD
openlibrary:OL21040188W,A-Chan,,A-Chan,,2012,Steidl,,Specialist photography publisher backlist: Steidl,C,4,Work-level metadata only; verify the exact publisher edition and printing.,,,Medium,https://openlibrary.org/works/OL21040188W,BROAD
openlibrary:OL21088406W,A-chan,,A-Chan - Salt'N Vinegar,,2015,Steidl,,Specialist photography publisher backlist: Steidl,C,4,Work-level metadata only; verify the exact publisher edition and printing.,,,Medium,https://openlibrary.org/works/OL21088406W,BROAD
openlibrary:OL1824119W,A. D. Coleman,,Critical Focus,,1995,Nazraeli Press,,Specialist photography publisher backlist: Nazraeli Press,B,4,Work-level metadata only; verify the exact publisher edition and printing.,,,Medium,https://openlibrary.org/works/OL1824119W,BROAD
openlibrary:OL1824121W,A. D. Coleman,,The Digital Evolution,,1998,Nazraeli Press,,Specialist photography publisher backlist: Nazraeli Press,B,4,Work-level metadata only; verify the exact publisher edition and printing.,,,Medium,https://openlibrary.org/works/OL1824121W,BROAD
openlibrary:OL8937173W,a J Wilkinson,,Driving Blind,,2004,Dewi Lewis,,Specialist photography publisher backlist: Dewi Lewis,B,4,Work-level metadata only; verify the exact publisher edition and printing.,,,Medium,https://openlibrary.org/works/OL8937173W,BROAD
openlibrary:OL33082593W,Aaron Ruell,,Some photos,,2007,Nazraeli Press,,Specialist photography publisher backlist: Nazraeli Press,B,4,Work-level metadata only; verify the exact publisher edition and printing.,,,Medium,https://openlibrary.org/works/OL33082593W,BROAD
openlibrary:OL25636218W,Aaron Schuman,,Aaron Schuman - Slant,,2019,MACK,,Specialist photography publisher backlist: MACK,B,4,Work-level metadata only; verify the exact publisher edition and printing.,,,Medium,https://openlibrary.org/works/OL25636218W,BROAD
openlibrary:OL31870238W,Aaron Schuman,,Sonata,,2022,MACK,,Specialist photography publisher backlist: MACK,B,4,Work-level metadata only; verify the exact publisher edition and printing.,,,Medium,https://openlibrary.org/works/OL31870238W,BROAD
openlibrary:OL25894867W,Abelardo Morell,,Continuum,,2019,Yoffy Press,,Specialist photography publisher backlist: Yoffy Press,B,4,Work-level metadata only; verify the exact publisher edition and printing.,,,Medium,https://openlibrary.org/works/OL25894867W,BROAD
openlibrary:OL15814151W,Abigail Heyman,,Dreams & Schemes,,1987,Aperture,,Specialist photography publisher backlist: Aperture,C,4,Work-level metadata only; verify the exact publisher edition and printing.,,,Medium,https://openlibrary.org/works/OL15814151W,BROAD
openlibrary:OL639450W,Achille Bonito Oliva,,Gabriele Basilico Workbook 19692006,,2007,Dewi Lewis,,Specialist photography publisher backlist: Dewi Lewis,B,4,Work-level metadata only; verify the exact publisher edition and printing.,,,Medium,https://openlibrary.org/works/OL639450W,BROAD
openlibrary:OL33098811W,Ad van Denderen,,"So blue, so blue",,2008,MACK,,Specialist photography publisher backlist: MACK | Specialist photography publisher backlist: Steidl,B,4,Work-level metadata only; verify the exact publisher edition and printing.,,,Medium,https://openlibrary.org/works/OL33098811W,BROAD
openlibrary:OL3698176W,Adam Bartos,,Adam Bartos,,2005,Steidl,,Specialist photography publisher backlist: Steidl,C,4,Work-level metadata only; verify the exact publisher edition and printing.,,,Medium,https://openlibrary.org/works/OL3698176W,BROAD
openlibrary:OL21035179W,Adam Bartos,,Darkroom,,2012,Steidl,,Specialist photography publisher backlist: Steidl,C,4,Work-level metadata only; verify the exact publisher edition and printing.,,,Medium,https://openlibrary.org/works/OL21035179W,BROAD
openlibrary:OL32026196W,Adam Broomberg,,Glitter in my wounds,,2021,MACK,,Specialist photography publisher backlist: MACK,B,4,Work-level metadata only; verify the exact publisher edition and printing.,,,Medium,https://openlibrary.org/works/OL32026196W,BROAD
openlibrary:OL22575749W,Adam Broomberg,Oliver Chanarin,Holy Bible,,2013,MACK,,Specialist photography publisher backlist: MACK,B,4,Work-level metadata only; verify the exact publisher edition and printing.,,,Medium,https://openlibrary.org/works/OL22575749W,BROAD
openlibrary:OL21241188W,Adam Broomberg,Oliver Chanarin,People in Trouble Laughing Pushed to the Ground,,2011,MACK,,Specialist photography publisher backlist: MACK,B,4,Work-level metadata only; verify the exact publisher edition and printing.,,,Medium,https://openlibrary.org/works/OL21241188W,BROAD
openlibrary:OL21303472W,Adam Broomberg,Oliver Chanarin | Eyal Weizman | MACK (Publishing firm) Staff,Spirit Is a Bone,,2016,MACK,,Specialist photography publisher backlist: MACK,B,4,Work-level metadata only; verify the exact publisher edition and printing.,,,Medium,https://openlibrary.org/works/OL21303472W,BROAD
openlibrary:OL25635708W,Adam Broomberg,Oliver Chanarin | Bertolt Brecht,War Primer 2,,2018,MACK,,Specialist photography publisher backlist: MACK,B,4,Work-level metadata only; verify the exact publisher edition and printing.,,,Medium,https://openlibrary.org/works/OL25635708W,BROAD
openlibrary:OL2772279W,Adam D. Weinberg,,From the Heart,,1985,Aperture,,Specialist photography publisher backlist: Aperture,C,4,Work-level metadata only; verify the exact publisher edition and printing.,,,Medium,https://openlibrary.org/works/OL2772279W,BROAD
openlibrary:OL2952281W,Adam Fuss,,My ghost,,2002,Twin Palms,,Specialist photography publisher backlist: Twin Palms,B,4,Work-level metadata only; verify the exact publisher edition and printing.,,,Medium,https://openlibrary.org/works/OL2952281W,BROAD
openlibrary:OL25634532W,Adam Pape,,Dyckman Haze,,2018,MACK,,Specialist photography publisher backlist: MACK,B,4,Work-level metadata only; verify the exact publisher edition and printing.,,,Medium,https://openlibrary.org/works/OL25634532W,BROAD
openlibrary:OL32842969W,"Adams, Robert",,Prayers in an American church,,2012,Nazraeli Press,,Specialist photography publisher backlist: Nazraeli Press,B,4,Work-level metadata only; verify the exact publisher edition and printing.,,,Medium,https://openlibrary.org/works/OL32842969W,BROAD
openlibrary:OL32820034W,"Adams, Robert",,The question of hope,,2013,Nazraeli Press,,Specialist photography publisher backlist: Nazraeli Press,B,4,Work-level metadata only; verify the exact publisher edition and printing.,,,Medium,https://openlibrary.org/works/OL32820034W,BROAD
openlibrary:OL21011893W,Adams Robert,Gunilla Knape,Tree Line,,2010,Steidl,,Specialist photography publisher backlist: Steidl,C,4,Work-level metadata only; verify the exact publisher edition and printing.,,,Medium,https://openlibrary.org/works/OL21011893W,BROAD
openlibrary:OL29327046W,Ahndraya Parlato,,Who Is Changed and Who Is Dead,,2021,MACK,,Specialist photography publisher backlist: MACK,B,4,Work-level metadata only; verify the exact publisher edition and printing.,,,Medium,https://openlibrary.org/works/OL29327046W,BROAD
openlibrary:OL25634942W,Åke Ericson,,Non Grata,,2018,GOST,,Specialist photography publisher backlist: GOST,B,4,Work-level metadata only; verify the exact publisher edition and printing.,,,Medium,https://openlibrary.org/works/OL25634942W,BROAD
openlibrary:OL15303788W,Alain Cueff,,Marie Jose Burki,,2007,Steidl,,Specialist photography publisher backlist: Steidl,C,4,Work-level metadata only; verify the exact publisher edition and printing.,,,Medium,https://openlibrary.org/works/OL15303788W,BROAD
openlibrary:OL12005763W,Albert Arthur Allen,,Albert Arthur Allen,,2001,Twin Palms,,Specialist photography publisher backlist: Twin Palms,B,4,Work-level metadata only; verify the exact publisher edition and printing.,,,Medium,https://openlibrary.org/works/OL12005763W,BROAD
openlibrary:OL6043172W,Albert Arthur Allen,,Premiere nudes,,2001,Twin Palms,,Specialist photography publisher backlist: Twin Palms,B,4,Work-level metadata only; verify the exact publisher edition and printing.,,,Medium,https://openlibrary.org/works/OL6043172W,BROAD
openlibrary:OL1721133W,Albert Renger-Patzsch,,Albert Renger-Patzsch,,1979,Aperture,,Specialist photography publisher backlist: Aperture,C,4,Work-level metadata only; verify the exact publisher edition and printing.,,,Medium,https://openlibrary.org/works/OL1721133W,BROAD
openlibrary:OL12352808W,Albert Steiner,Anne Hammond | Rene Perret | Beat Stutzer,Albert Steiner,,2005,Steidl,,Specialist photography publisher backlist: Steidl,C,4,Work-level metadata only; verify the exact publisher edition and printing.,,,Medium,https://openlibrary.org/works/OL12352808W,BROAD
openlibrary:OL33035644W,Alberto Korda,,Korda revolutionary lens,,2007,Steidl,,Specialist photography publisher backlist: Steidl,C,4,Work-level metadata only; verify the exact publisher edition and printing.,,,Medium,https://openlibrary.org/works/OL33035644W,BROAD
openlibrary:OL32025419W,Alberto Sinigaglia,,"Alberto Sinigaglia, cables",,2022,Skinnerboox,,Specialist photography publisher backlist: Skinnerboox,B,4,Work-level metadata only; verify the exact publisher edition and printing.,,,Medium,https://openlibrary.org/works/OL32025419W,BROAD
openlibrary:OL25811398W,Alberto Venzago,,Alberto Venzago,,2021,Steidl,,Specialist photography publisher backlist: Steidl,C,4,Work-level metadata only; verify the exact publisher edition and printing.,,,Medium,https://openlibrary.org/works/OL25811398W,BROAD
openlibrary:OL12550347W,Alec Soth,,Dog days Bogotá,,2007,Steidl,,Specialist photography publisher backlist: Steidl,C,4,Work-level metadata only; verify the exact publisher edition and printing.,,,Medium,https://openlibrary.org/works/OL12550347W,BROAD
openlibrary:OL25633332W,Alec Soth,Aaron Schuman,Gathered Leaves,,2015,MACK,,Specialist photography publisher backlist: MACK,B,4,Work-level metadata only; verify the exact publisher edition and printing.,,,Medium,https://openlibrary.org/works/OL25633332W,BROAD
openlibrary:OL21439139W,Alec Soth,,I Know How Furiously Your Heart is Beating,,2019,MACK,,Specialist photography publisher backlist: MACK,B,4,Work-level metadata only; verify the exact publisher edition and printing.,,,Medium,https://openlibrary.org/works/OL21439139W,BROAD
openlibrary:OL21352224W,Alec Soth,Philip Brookman | Richard Ford,Niagara,,2018,MACK,,Specialist photography publisher backlist: MACK | Specialist photography publisher backlist: Steidl,B,4,Work-level metadata only; verify the exact publisher edition and printing.,,,Medium,https://openlibrary.org/works/OL21352224W,BROAD
openlibrary:OL25635275W,Alec Soth,,Sleeping by the Mississippi,,2017,MACK,,Specialist photography publisher backlist: MACK | Specialist photography publisher backlist: Steidl,B,4,Work-level metadata only; verify the exact publisher edition and printing.,,,Medium,https://openlibrary.org/works/OL25635275W,BROAD
openlibrary:OL21284638W,Alec Soth,,Songbook,,2015,MACK,,Specialist photography publisher backlist: MACK,B,4,Work-level metadata only; verify the exact publisher edition and printing.,,,Medium,https://openlibrary.org/works/OL21284638W,BROAD
openlibrary:OL23119933W,Aleix Plademunt,,Almost there,,2013,MACK,,Specialist photography publisher backlist: MACK,B,4,Work-level metadata only; verify the exact publisher edition and printing.,,,Medium,https://openlibrary.org/works/OL23119933W,BROAD
openlibrary:OL5789426W,Alejandra Figueroa,,Alejandra Figueroa,,2007,Steidl,,Specialist photography publisher backlist: Steidl,C,4,Work-level metadata only; verify the exact publisher edition and printing.,,,Medium,https://openlibrary.org/works/OL5789426W,BROAD
openlibrary:OL32289780W,Alejandro Cartagena,,Santa Barbara save US,,2020,Skinnerboox,,Specialist photography publisher backlist: Skinnerboox,B,4,Work-level metadata only; verify the exact publisher edition and printing.,,,Medium,https://openlibrary.org/works/OL32289780W,BROAD
openlibrary:OL16170793W,Alejandro Chaskielberg,,La Creciente,,2011,Nazraeli Press,,Specialist photography publisher backlist: Nazraeli Press,B,4,Work-level metadata only; verify the exact publisher edition and printing.,,,Medium,https://openlibrary.org/works/OL16170793W,BROAD
openlibrary:OL8349461W,Alen Macweeney,,The Travellers,,2004,Twin Palms,,Specialist photography publisher backlist: Twin Palms,B,4,Work-level metadata only; verify the exact publisher edition and printing.,,,Medium,https://openlibrary.org/works/OL8349461W,BROAD
openlibrary:OL20524856W,Alessandra Borghese,,Alessandra d’Urso & Alessandra Borghese,,2017,Steidl,,Specialist photography publisher backlist: Steidl,C,4,Work-level metadata only; verify the exact publisher edition and printing.,,,Medium,https://openlibrary.org/works/OL20524856W,BROAD
openlibrary:OL32077400W,Alessandra Dragoni,,All the flowers that you plant...,,2021,Skinnerboox,,Specialist photography publisher backlist: Skinnerboox,B,4,Work-level metadata only; verify the exact publisher edition and printing.,,,Medium,https://openlibrary.org/works/OL32077400W,BROAD
openlibrary:OL44384698W,Alessandra Sanguinetti,TBW Books,"Sorry, welcome",,2013,TBW Books,,Specialist photography publisher backlist: TBW Books,B,4,Work-level metadata only; verify the exact publisher edition and printing.,,,Medium,https://openlibrary.org/works/OL44384698W,BROAD
openlibrary:OL23306673W,Alessandra Sanguinetti,,The adventures of Guille and Belinda and the enigmatic meaning of their dreams,,2010,Nazraeli Press,,Specialist photography publisher backlist: Nazraeli Press,B,4,Work-level metadata only; verify the exact publisher edition and printing.,,,Medium,https://openlibrary.org/works/OL23306673W,BROAD
openlibrary:OL32074496W,Alessandra Sanguinetti,,The adventures of Guille and Belinda and the illusion of an everlasting summer,,2020,MACK,,Specialist photography publisher backlist: MACK,B,4,Work-level metadata only; verify the exact publisher edition and printing.,,,Medium,https://openlibrary.org/works/OL32074496W,BROAD
openlibrary:OL32493727W,Alessandro Calabrese,,Alessandro Calabrese,,2017,Skinnerboox,,Specialist photography publisher backlist: Skinnerboox,B,4,Work-level metadata only; verify the exact publisher edition and printing.,,,Medium,https://openlibrary.org/works/OL32493727W,BROAD
openlibrary:OL45156521W,Alessandro Iovino,,Albow Gardens,,2026,GOST,,Specialist photography publisher backlist: GOST,B,4,Work-level metadata only; verify the exact publisher edition and printing.,,,Medium,https://openlibrary.org/works/OL45156521W,BROAD
openlibrary:OL25633681W,Alessandro Laita,Chiaralice Rizzi,Live in the House and It Will Not Fall Down,,2016,MACK,,Specialist photography publisher backlist: MACK,B,4,Work-level metadata only; verify the exact publisher edition and printing.,,,Medium,https://openlibrary.org/works/OL25633681W,BROAD
openlibrary:OL25910140W,Alex Harris,Margaret Sartor,Our Strange New Land,,2022,Yoffy Press,,Specialist photography publisher backlist: Yoffy Press,B,4,Work-level metadata only; verify the exact publisher edition and printing.,,,Medium,https://openlibrary.org/works/OL25910140W,BROAD
openlibrary:OL24152494W,Alex Majoli,,Scene,,2019,MACK,,Specialist photography publisher backlist: MACK,B,4,Work-level metadata only; verify the exact publisher edition and printing.,,,Medium,https://openlibrary.org/works/OL24152494W,BROAD
openlibrary:OL21209021W,Alex Webb,Rebecca Norris Webb | Sean Corcoran,Alex Webb and Rebecca Norris Webb,,2019,Aperture,,Specialist photography publisher backlist: Aperture,C,4,Work-level metadata only; verify the exact publisher edition and printing.,,,Medium,https://openlibrary.org/works/OL21209021W,BROAD
openlibrary:OL19751058W,Alex Webb,,Alex Webb and Rebecca Norris Webb on street photography and the poetic image,,2014,Aperture,,Specialist photography publisher backlist: Aperture,C,4,Work-level metadata only; verify the exact publisher edition and printing.,,,Medium,https://openlibrary.org/works/OL19751058W,BROAD
openlibrary:OL20046704W,Alex Webb,,La Calle,,2016,Aperture,,Specialist photography publisher backlist: Aperture,C,4,Work-level metadata only; verify the exact publisher edition and printing.,,,Medium,https://openlibrary.org/works/OL20046704W,BROAD
openlibrary:OL28836327W,Alex Webb,,The Suffering of Light,,2011,Aperture,,Specialist photography publisher backlist: Aperture,C,4,Work-level metadata only; verify the exact publisher edition and printing.,,,Medium,https://openlibrary.org/works/OL28836327W,BROAD
openlibrary:OL26290000W,Alexander MacLeod,Ivy Pochoda | Henry Wessel,Dark Thread French Only,,2019,MACK,,Specialist photography publisher backlist: MACK,B,4,Work-level metadata only; verify the exact publisher edition and printing.,,,Medium,https://openlibrary.org/works/OL26290000W,BROAD
openlibrary:OL8825808W,Alexandra Boulat,,The Triumph of Evil,,2001,Aperture,,Specialist photography publisher backlist: Aperture,C,4,Work-level metadata only; verify the exact publisher edition and printing.,,,Medium,https://openlibrary.org/works/OL8825808W,BROAD
openlibrary:OL20666314W,Alexandra Grant,,Alexandra Grant & Keanu Reeves,,2016,Steidl,,Specialist photography publisher backlist: Steidl,C,4,Work-level metadata only; verify the exact publisher edition and printing.,,,Medium,https://openlibrary.org/works/OL20666314W,BROAD
openlibrary:OL12429102W,Alfons Alt,Sophie Biass-Fabiani | Sally Bonn,The nature of the beast,,2000,Dewi Lewis,,Specialist photography publisher backlist: Dewi Lewis,B,4,Work-level metadata only; verify the exact publisher edition and printing.,,,Medium,https://openlibrary.org/works/OL12429102W,BROAD
openlibrary:OL23175380W,Alfred S. McEwen,,This is Mars,,2013,Aperture,,Specialist photography publisher backlist: Aperture,C,4,Work-level metadata only; verify the exact publisher edition and printing.,,,Medium,https://openlibrary.org/works/OL23175380W,BROAD
openlibrary:OL15947605W,Alfred Stieglitz,,Alfred Stieglitz,,1976,Aperture,,Specialist photography publisher backlist: Aperture,C,4,Work-level metadata only; verify the exact publisher edition and printing.,,,Medium,https://openlibrary.org/works/OL15947605W,BROAD
openlibrary:OL784088W,Alfred Stieglitz,Richard Whelan | Tom Wesselmann,Stieglitz on photography,,2000,Aperture,,Specialist photography publisher backlist: Aperture,C,4,Work-level metadata only; verify the exact publisher edition and printing.,,,Medium,https://openlibrary.org/works/OL784088W,BROAD
openlibrary:OL18385711W,Alfredo Jaar,Ruben Gallo | Juan Goytisolo | Julia Kristeva em português,Inferno and paradiso,,1999,L'Artiere,,Specialist photography publisher backlist: L'Artiere,B,4,Work-level metadata only; verify the exact publisher edition and printing.,,,Medium,https://openlibrary.org/works/OL18385711W,BROAD
openlibrary:OL26483930W,Alice Proujansky,,Go Photo! an Activity Book for Kids,,2016,Aperture,,Specialist photography publisher backlist: Aperture,C,4,Work-level metadata only; verify the exact publisher edition and printing.,,,Medium,https://openlibrary.org/works/OL26483930W,BROAD
openlibrary:OL21262473W,Alisa Resnik,,One Another,,2013,Dewi Lewis,,Specialist photography publisher backlist: Dewi Lewis | Specialist photography publisher backlist: Kehrer,B,4,Work-level metadata only; verify the exact publisher edition and printing.,,,Medium,https://openlibrary.org/works/OL21262473W,BROAD
openlibrary:OL19532966W,Alison Devine Nordström,Peggy Roalf,Colorama,,2004,Aperture,,Specialist photography publisher backlist: Aperture,C,4,Work-level metadata only; verify the exact publisher edition and printing.,,,Medium,https://openlibrary.org/works/OL19532966W,BROAD
openlibrary:OL25006864W,Alison Nordström,Britt Salvesen,New Topographics,,2010,Steidl,,Specialist photography publisher backlist: Steidl,C,4,Work-level metadata only; verify the exact publisher edition and printing.,,,Medium,https://openlibrary.org/works/OL25006864W,BROAD
openlibrary:OL13594563W,Allan Grainger,,I am,,2000,Dewi Lewis,,Specialist photography publisher backlist: Dewi Lewis,B,4,Work-level metadata only; verify the exact publisher edition and printing.,,,Medium,https://openlibrary.org/works/OL13594563W,BROAD
openlibrary:OL31870203W,Allan Sekula,,Art isn't fair,,2020,MACK,,Specialist photography publisher backlist: MACK,B,4,Work-level metadata only; verify the exact publisher edition and printing.,,,Medium,https://openlibrary.org/works/OL31870203W,BROAD
openlibrary:OL3372499W,Allan Sekula,,Fish story,,1995,MACK,,Specialist photography publisher backlist: MACK,B,4,Work-level metadata only; verify the exact publisher edition and printing.,,,Medium,https://openlibrary.org/works/OL3372499W,BROAD
openlibrary:OL3372496W,Allan Sekula,,Photography against the grain,,1984,MACK,,Specialist photography publisher backlist: MACK,B,4,Work-level metadata only; verify the exact publisher edition and printing.,,,Medium,https://openlibrary.org/works/OL3372496W,BROAD
openlibrary:OL17397226W,Alonzo Jordan,,Jasper Texas The Community Photographs Of Alonzo Jordan,,2011,Steidl,,Specialist photography publisher backlist: Steidl,C,4,Work-level metadata only; verify the exact publisher edition and printing.,,,Medium,https://openlibrary.org/works/OL17397226W,BROAD
openlibrary:OL25894866W,Alyssa McDonald,,Continuum,,2019,Yoffy Press,,Specialist photography publisher backlist: Yoffy Press,B,4,Work-level metadata only; verify the exact publisher edition and printing.,,,Medium,https://openlibrary.org/works/OL25894866W,BROAD
openlibrary:OL9042443W,Amanda Harlech,,Amanda Harlech & Karl Lagerfeld,,2007,Steidl,,Specialist photography publisher backlist: Steidl,C,4,Work-level metadata only; verify the exact publisher edition and printing.,,,Medium,https://openlibrary.org/works/OL9042443W,BROAD
openlibrary:OL32515784W,Amanda Harlech,,Die Renaissance einer Stadt,,2017,Steidl,,Specialist photography publisher backlist: Steidl,C,4,Work-level metadata only; verify the exact publisher edition and printing.,,,Medium,https://openlibrary.org/works/OL32515784W,BROAD
openlibrary:OL9042444W,Amanda Harlech,,Karl Lagerfeld & Amanda Harlech,,2008,Steidl,,Specialist photography publisher backlist: Steidl,C,4,Work-level metadata only; verify the exact publisher edition and printing.,,,Medium,https://openlibrary.org/works/OL9042444W,BROAD
openlibrary:OL21040183W,Amanda Harlech,,Travelling in India,,2012,Steidl,,Specialist photography publisher backlist: Steidl,C,4,Work-level metadata only; verify the exact publisher edition and printing.,,,Medium,https://openlibrary.org/works/OL21040183W,BROAD
openlibrary:OL17586716W,Amar Kanwar,,Amar Kanwar Evidence,,2012,Steidl,,Specialist photography publisher backlist: Steidl,C,4,Work-level metadata only; verify the exact publisher edition and printing.,,,Medium,https://openlibrary.org/works/OL17586716W,BROAD
openlibrary:OL9882542W,Ambroise TTzenas,,Beijing,,2007,Dewi Lewis,,Specialist photography publisher backlist: Dewi Lewis,B,4,Work-level metadata only; verify the exact publisher edition and printing.,,,Medium,https://openlibrary.org/works/OL9882542W,BROAD
openlibrary:OL8675439W,Amy Adler,,Young Photographer,,2005,Twin Palms,,Specialist photography publisher backlist: Twin Palms,B,4,Work-level metadata only; verify the exact publisher edition and printing.,,,Medium,https://openlibrary.org/works/OL8675439W,BROAD
openlibrary:OL4464353W,Amy Stechler Burns,,The Shakers,,1987,Aperture,,Specialist photography publisher backlist: Aperture,C,4,Work-level metadata only; verify the exact publisher edition and printing.,,,Medium,https://openlibrary.org/works/OL4464353W,BROAD
openlibrary:OL26509024W,An-My Lê,Dan Leers | Lisa Sutcliffe | David Finkel,An-My lê,,2020,Aperture,,Specialist photography publisher backlist: Aperture,C,4,Work-level metadata only; verify the exact publisher edition and printing.,,,Medium,https://openlibrary.org/works/OL26509024W,BROAD
openlibrary:OL25813476W,Anastasia Samoylova,,Anastasia Samoylova and Walker Evans,,2022,Steidl,,Specialist photography publisher backlist: Steidl,C,4,Work-level metadata only; verify the exact publisher edition and printing.,,,Medium,https://openlibrary.org/works/OL25813476W,BROAD
openlibrary:OL21360392W,Anastasia Samoylova,,Anastasia Samoylova : FloodZone,,2019,Steidl,,Specialist photography publisher backlist: Steidl,C,4,Work-level metadata only; verify the exact publisher edition and printing.,,,Medium,https://openlibrary.org/works/OL21360392W,BROAD
openlibrary:OL13640773W,Anders Edström,,Anders Edström,,2004,MACK,,Specialist photography publisher backlist: MACK | Specialist photography publisher backlist: Steidl,B,4,Work-level metadata only; verify the exact publisher edition and printing.,,,Medium,https://openlibrary.org/works/OL13640773W,BROAD
openlibrary:OL24152427W,Anders Edstrom,,Hanezawa Gardens,,2015,MACK,,Specialist photography publisher backlist: MACK,B,4,Work-level metadata only; verify the exact publisher edition and printing.,,,Medium,https://openlibrary.org/works/OL24152427W,BROAD
openlibrary:OL21262707W,Anders Petersen,Marco Delogu,Anders Petersen,,2014,Steidl,,Specialist photography publisher backlist: Steidl,C,4,Work-level metadata only; verify the exact publisher edition and printing.,,,Medium,https://openlibrary.org/works/OL21262707W,BROAD
openlibrary:OL32775855W,Anders Petersen,,City diary,,2008,Steidl,,Specialist photography publisher backlist: Steidl,C,4,Work-level metadata only; verify the exact publisher edition and printing.,,,Medium,https://openlibrary.org/works/OL32775855W,BROAD
openlibrary:OL9024485W,André De Dienes,,Andre de Dienes,,1985,Twin Palms,,Specialist photography publisher backlist: Twin Palms,B,4,Work-level metadata only; verify the exact publisher edition and printing.,,,Medium,https://openlibrary.org/works/OL9024485W,BROAD
openlibrary:OL7031794W,André De Dienes,,Studies Of The Female Nude,,2005,Twin Palms,,Specialist photography publisher backlist: Twin Palms,B,4,Work-level metadata only; verify the exact publisher edition and printing.,,,Medium,https://openlibrary.org/works/OL7031794W,BROAD
openlibrary:OL8625579W,Andre Jammes,,French Primitive Photography,,1980,Aperture,,Specialist photography publisher backlist: Aperture,C,4,Work-level metadata only; verify the exact publisher edition and printing.,,,Medium,https://openlibrary.org/works/OL8625579W,BROAD
openlibrary:OL2846481W,André Kertész,,André Kertész,,1967,Aperture,,Specialist photography publisher backlist: Aperture,C,4,Work-level metadata only; verify the exact publisher edition and printing.,,,Medium,https://openlibrary.org/works/OL2846481W,BROAD
openlibrary:OL2846460W,André Kertész,,"André Kertész, diary of light 1912-1985",,1987,Aperture,,Specialist photography publisher backlist: Aperture,C,4,Work-level metadata only; verify the exact publisher edition and printing.,,,Medium,https://openlibrary.org/works/OL2846460W,BROAD
openlibrary:OL7833002W,André Magnin,Andre Magnin | Alexis Schwarzenbach,Malick Sidibé,,1998,Scalo,,Specialist photography publisher backlist: Scalo,B,4,Work-level metadata only; verify the exact publisher edition and printing.,,,Medium,https://openlibrary.org/works/OL7833002W,BROAD
openlibrary:OL31498589W,Andrea Alessio,,"Before you, Santa Claus, life was like a moonless night",,2013,Nazraeli Press,,Specialist photography publisher backlist: Nazraeli Press,B,4,Work-level metadata only; verify the exact publisher edition and printing.,,,Medium,https://openlibrary.org/works/OL31498589W,BROAD
openlibrary:OL21148797W,Andrea Ferrari,,Wild Window,,2017,Steidl,,Specialist photography publisher backlist: Steidl,C,4,Work-level metadata only; verify the exact publisher edition and printing.,,,Medium,https://openlibrary.org/works/OL21148797W,BROAD
openlibrary:OL35709433W,Andrea Gjestvang,Firouz Gaini,Atlantic Cowboy,,2023,GOST,,Specialist photography publisher backlist: GOST,B,4,Work-level metadata only; verify the exact publisher edition and printing.,,,Medium,https://openlibrary.org/works/OL35709433W,BROAD
openlibrary:OL32674042W,Andrea Modica,,As we wait,,2015,L'Artiere,,Specialist photography publisher backlist: L'Artiere,B,4,Work-level metadata only; verify the exact publisher edition and printing.,,,Medium,https://openlibrary.org/works/OL32674042W,BROAD
openlibrary:OL32309711W,Andrea Modica,,January 1,,2018,L'Artiere,,Specialist photography publisher backlist: L'Artiere,B,4,Work-level metadata only; verify the exact publisher edition and printing.,,,Medium,https://openlibrary.org/works/OL32309711W,BROAD
openlibrary:OL25886905W,Andrea Modica,,Reveal,,2020,Yoffy Press,,Specialist photography publisher backlist: Yoffy Press,B,4,Work-level metadata only; verify the exact publisher edition and printing.,,,Medium,https://openlibrary.org/works/OL25886905W,BROAD
openlibrary:OL11636337W,Andrea Robbins,,The transportation of place,,2006,Aperture,,Specialist photography publisher backlist: Aperture,C,4,Work-level metadata only; verify the exact publisher edition and printing.,,,Medium,https://openlibrary.org/works/OL11636337W,BROAD
openlibrary:OL25043592W,Andrea Tese,Alison Nordström,Inheritance,,2015,Steidl,,Specialist photography publisher backlist: Steidl,C,4,Work-level metadata only; verify the exact publisher edition and printing.,,,Medium,https://openlibrary.org/works/OL25043592W,BROAD
openlibrary:OL32757186W,Andreas Züst,,Andreas Züst,,2015,Edition Patrick Frey,,Specialist photography publisher backlist: Edition Patrick Frey,B,4,Work-level metadata only; verify the exact publisher edition and printing.,,,Medium,https://openlibrary.org/works/OL32757186W,BROAD
openlibrary:OL4721001W,Andreas Züst,,Bekannte Bekannte,,1988,Edition Patrick Frey,,Specialist photography publisher backlist: Edition Patrick Frey,B,4,Work-level metadata only; verify the exact publisher edition and printing.,,,Medium,https://openlibrary.org/works/OL4721001W,BROAD
openlibrary:OL4721002W,Andreas Züst,,Fluoreszierende Nebelmeere =,,2007,Edition Patrick Frey,,Specialist photography publisher backlist: Edition Patrick Frey,B,4,Work-level metadata only; verify the exact publisher edition and printing.,,,Medium,https://openlibrary.org/works/OL4721002W,BROAD
openlibrary:OL4721003W,Andreas Züst,,Roundabouts,,2004,Edition Patrick Frey,,Specialist photography publisher backlist: Edition Patrick Frey,B,4,Work-level metadata only; verify the exact publisher edition and printing.,,,Medium,https://openlibrary.org/works/OL4721003W,BROAD
openlibrary:OL42394997W,Andrew McConnell,,Some Worlds Have Two Suns,,2024,GOST,,Specialist photography publisher backlist: GOST,B,4,Work-level metadata only; verify the exact publisher edition and printing.,,,Medium,https://openlibrary.org/works/OL42394997W,BROAD
openlibrary:OL21012183W,Andri Pol,,Where Is Japan,,2010,Steidl,,Specialist photography publisher backlist: Steidl,C,4,Work-level metadata only; verify the exact publisher edition and printing.,,,Medium,https://openlibrary.org/works/OL21012183W,BROAD
openlibrary:OL64911W,Andy Grundberg,,Crisis of the real,,1990,Aperture,,Specialist photography publisher backlist: Aperture,C,4,Work-level metadata only; verify the exact publisher edition and printing.,,,Medium,https://openlibrary.org/works/OL64911W,BROAD
openlibrary:OL32269903W,Andy Sewell,,Known and strange things pass,,2020,Skinnerboox,,Specialist photography publisher backlist: Skinnerboox,B,4,Work-level metadata only; verify the exact publisher edition and printing.,,,Medium,https://openlibrary.org/works/OL32269903W,BROAD
openlibrary:OL22542414W,Andy Summers,,Bones of Chuang Tzu,,2019,Steidl,,Specialist photography publisher backlist: Steidl,C,4,Work-level metadata only; verify the exact publisher edition and printing.,,,Medium,https://openlibrary.org/works/OL22542414W,BROAD
openlibrary:OL4351622W,Angela Grauerholz,,Angela Grauerholz,,1991,Steidl,,Specialist photography publisher backlist: Steidl,C,4,Work-level metadata only; verify the exact publisher edition and printing.,,,Medium,https://openlibrary.org/works/OL4351622W,BROAD
openlibrary:OL17410296W,Anish Kapoor,,Land,,2011,Steidl,,Specialist photography publisher backlist: Steidl,C,4,Work-level metadata only; verify the exact publisher edition and printing.,,,Medium,https://openlibrary.org/works/OL17410296W,BROAD
openlibrary:OL21148799W,Anish Kapoor,,Uluru and Kata Tjuta Photographs,,2017,Steidl,,Specialist photography publisher backlist: Steidl,C,4,Work-level metadata only; verify the exact publisher edition and printing.,,,Medium,https://openlibrary.org/works/OL21148799W,BROAD
openlibrary:OL8917619W,Ann Shelton,,Redeye: A Diary,,1998,Dewi Lewis,,Specialist photography publisher backlist: Dewi Lewis,B,4,Work-level metadata only; verify the exact publisher edition and printing.,,,Medium,https://openlibrary.org/works/OL8917619W,BROAD
openlibrary:OL13587470W,Ann-Sofi Sidén,Robert Fleck | Kathryn Kanjo,In between the best of worlds,,2004,Steidl,,Specialist photography publisher backlist: Steidl,C,4,Work-level metadata only; verify the exact publisher edition and printing.,,,Medium,https://openlibrary.org/works/OL13587470W,BROAD
openlibrary:OL32213954W,Ann Thomas,Jenny Diski,Lynne Cohen,,2012,Steidl,,Specialist photography publisher backlist: Steidl,C,4,Work-level metadata only; verify the exact publisher edition and printing.,,,Medium,https://openlibrary.org/works/OL32213954W,BROAD
openlibrary:OL25056839W,Anna Atkins,Joshua Chuang | Larry Schaaf,Anna Atkins,,2019,Steidl,,Specialist photography publisher backlist: Steidl,C,4,Work-level metadata only; verify the exact publisher edition and printing.,,,Medium,https://openlibrary.org/works/OL25056839W,BROAD
openlibrary:OL8625631W,Anna Faroua,Anna Fárová,Josef Sudek,,1990,Aperture,,Specialist photography publisher backlist: Aperture,C,4,Work-level metadata only; verify the exact publisher edition and printing.,,,Medium,https://openlibrary.org/works/OL8625631W,BROAD
openlibrary:OL31877551W,Anna Krieps,,Stardust,,2022,Skinnerboox,,Specialist photography publisher backlist: Skinnerboox,B,4,Work-level metadata only; verify the exact publisher edition and printing.,,,Medium,https://openlibrary.org/works/OL31877551W,BROAD
openlibrary:OL18525626W,Anna Tellgren,Christer Strömholm | Diane Arbus,"Arbus, Model, Strömholm",,2005,Steidl,,Specialist photography publisher backlist: Steidl,C,4,Work-level metadata only; verify the exact publisher edition and printing.,,,Medium,https://openlibrary.org/works/OL18525626W,BROAD
openlibrary:OL33010735W,Anna Tellgren,,Åter till verkligheten,,2010,Steidl,,Specialist photography publisher backlist: Steidl,C,4,Work-level metadata only; verify the exact publisher edition and printing.,,,Medium,https://openlibrary.org/works/OL33010735W,BROAD
openlibrary:OL36446435W,Anna Tellgren,Moderna museet,Reality Revisited,,2010,Steidl,,Specialist photography publisher backlist: Steidl,C,4,Work-level metadata only; verify the exact publisher edition and printing.,,,Medium,https://openlibrary.org/works/OL36446435W,BROAD
openlibrary:OL17494819W,Anne Brauner,,Man Ray Und L Fritz Gruber Jahre Einer Freundschaft 19561976,,2008,Steidl,,Specialist photography publisher backlist: Steidl,C,4,Work-level metadata only; verify the exact publisher edition and printing.,,,Medium,https://openlibrary.org/works/OL17494819W,BROAD
openlibrary:OL25634944W,Anne Golaz,,Corbeau,,2017,MACK,,Specialist photography publisher backlist: MACK,B,4,Work-level metadata only; verify the exact publisher edition and printing.,,,Medium,https://openlibrary.org/works/OL25634944W,BROAD
openlibrary:OL23979853W,Anneli Duscha,,Ella Bergmann-Michel,,2005,Steidl,,Specialist photography publisher backlist: Steidl,C,4,Work-level metadata only; verify the exact publisher edition and printing.,,,Medium,https://openlibrary.org/works/OL23979853W,BROAD
openlibrary:OL4579674W,Annelies Štrba,,Aya,,2002,Scalo,,Specialist photography publisher backlist: Scalo,B,4,Work-level metadata only; verify the exact publisher edition and printing.,,,Medium,https://openlibrary.org/works/OL4579674W,BROAD
openlibrary:OL5877822W,Annette Tietenberg,,Jeno Gindl,,2004,Steidl,,Specialist photography publisher backlist: Steidl,C,4,Work-level metadata only; verify the exact publisher edition and printing.,,,Medium,https://openlibrary.org/works/OL5877822W,BROAD
openlibrary:OL21339125W,Antanas Sutkus,Thomas Schirmbock,Antanas Sutkus,,2019,Steidl,,Specialist photography publisher backlist: Steidl,C,4,Work-level metadata only; verify the exact publisher edition and printing.,,,Medium,https://openlibrary.org/works/OL21339125W,BROAD
openlibrary:OL5760107W,Anthony Goicolea,,Anthony Goicolea,,2003,Twin Palms,,Specialist photography publisher backlist: Twin Palms,B,4,Work-level metadata only; verify the exact publisher edition and printing.,,,Medium,https://openlibrary.org/works/OL5760107W,BROAD
openlibrary:OL33037695W,Anthony Goicolea,,Fictions,,2009,Twin Palms,,Specialist photography publisher backlist: Twin Palms,B,4,Work-level metadata only; verify the exact publisher edition and printing.,,,Medium,https://openlibrary.org/works/OL33037695W,BROAD
openlibrary:OL21247015W,Anthony Hernandez,Ralph Rugoff,"Rodeo Drive, 1984",,2014,MACK,,Specialist photography publisher backlist: MACK,B,4,Work-level metadata only; verify the exact publisher edition and printing.,,,Medium,https://openlibrary.org/works/OL21247015W,BROAD
openlibrary:OL24344256W,Antoine de Beaupré,Serge Vincendet | Sam Stourdzé,Total Records,,2016,Aperture,,Specialist photography publisher backlist: Aperture,C,4,Work-level metadata only; verify the exact publisher edition and printing.,,,Medium,https://openlibrary.org/works/OL24344256W,BROAD
openlibrary:OL10151914W,Antonello Frongia,,Lewis Baltz,,2007,Steidl,,Specialist photography publisher backlist: Steidl,C,4,Work-level metadata only; verify the exact publisher edition and printing.,,,Medium,https://openlibrary.org/works/OL10151914W,BROAD
openlibrary:OL20428737W,Antonio Lopez,,Instamatics,,2011,Twin Palms,,Specialist photography publisher backlist: Twin Palms,B,4,Work-level metadata only; verify the exact publisher edition and printing.,,,Medium,https://openlibrary.org/works/OL20428737W,BROAD
openlibrary:OL24152478W,Antonio M. Xoubanova,,Casa De Campo,,2008,MACK,,Specialist photography publisher backlist: MACK,B,4,Work-level metadata only; verify the exact publisher edition and printing.,,,Medium,https://openlibrary.org/works/OL24152478W,BROAD
openlibrary:OL6006084W,Antonio Migliori,,Gente,,1999,L'Artiere,,Specialist photography publisher backlist: L'Artiere,B,4,Work-level metadata only; verify the exact publisher edition and printing.,,,Medium,https://openlibrary.org/works/OL6006084W,BROAD
openlibrary:OL21338290W,Antwaun Sargent,Campbell Addy | Arielle Bobb-Willis | Addy Campbell,New Black Vanguard,,2019,Aperture,,Specialist photography publisher backlist: Aperture,C,4,Work-level metadata only; verify the exact publisher edition and printing.,,,Medium,https://openlibrary.org/works/OL21338290W,BROAD
openlibrary:OL32542660W,Anush Hamzehian,,Eden,,2016,Skinnerboox,,Specialist photography publisher backlist: Skinnerboox,B,4,Work-level metadata only; verify the exact publisher edition and printing.,,,Medium,https://openlibrary.org/works/OL32542660W,BROAD
openlibrary:OL32077370W,Anush Hamzehian,,L'isola,,2021,Skinnerboox,,Specialist photography publisher backlist: Skinnerboox,B,4,Work-level metadata only; verify the exact publisher edition and printing.,,,Medium,https://openlibrary.org/works/OL32077370W,BROAD
openlibrary:OL32485693W,Anush Hamzehian,,Most were silent,,2018,Skinnerboox,,Specialist photography publisher backlist: Skinnerboox,B,4,Work-level metadata only; verify the exact publisher edition and printing.,,,Medium,https://openlibrary.org/works/OL32485693W,BROAD
openlibrary:OL28808777W,Aperture,Disfarmer | Joel Meyerowitz,Aperture,,1977,Aperture,,Specialist photography publisher backlist: Aperture,C,4,Work-level metadata only; verify the exact publisher edition and printing.,,,Medium,https://openlibrary.org/works/OL28808777W,BROAD
openlibrary:OL8625613W,Aperture,,Aperture 114,,1989,Aperture,,Specialist photography publisher backlist: Aperture,C,4,Work-level metadata only; verify the exact publisher edition and printing.,,,Medium,https://openlibrary.org/works/OL8625613W,BROAD
openlibrary:OL24346356W,Aperture,,Aperture 172,,2003,Aperture,,Specialist photography publisher backlist: Aperture,C,4,Work-level metadata only; verify the exact publisher edition and printing.,,,Medium,https://openlibrary.org/works/OL24346356W,BROAD
openlibrary:OL8625614W,Aperture,,Aperture #90,,1983,Aperture,,Specialist photography publisher backlist: Aperture,C,4,Work-level metadata only; verify the exact publisher edition and printing.,,,Medium,https://openlibrary.org/works/OL8625614W,BROAD
openlibrary:OL8625615W,Aperture,,Aperture: Cuba,,1996,Aperture,,Specialist photography publisher backlist: Aperture,C,4,Work-level metadata only; verify the exact publisher edition and printing.,,,Medium,https://openlibrary.org/works/OL8625615W,BROAD
openlibrary:OL8625621W,Aperture,,Aperture - On Location With,,1993,Aperture,,Specialist photography publisher backlist: Aperture,C,4,Work-level metadata only; verify the exact publisher edition and printing.,,,Medium,https://openlibrary.org/works/OL8625621W,BROAD
openlibrary:OL24346362W,Aperture,,Curiosity,,2013,Aperture,,Specialist photography publisher backlist: Aperture,C,4,Work-level metadata only; verify the exact publisher edition and printing.,,,Medium,https://openlibrary.org/works/OL24346362W,BROAD
openlibrary:OL20574150W,Aperture,,Film & Foto,,2018,Aperture,,Specialist photography publisher backlist: Aperture,C,4,Work-level metadata only; verify the exact publisher edition and printing.,,,Medium,https://openlibrary.org/works/OL20574150W,BROAD
openlibrary:OL8625617W,Aperture,,Fortieth Anniversary Issue,,1992,Aperture,,Specialist photography publisher backlist: Aperture,C,4,Work-level metadata only; verify the exact publisher edition and printing.,,,Medium,https://openlibrary.org/works/OL8625617W,BROAD
openlibrary:OL8625622W,Aperture,,Haiti,,1991,Aperture,,Specialist photography publisher backlist: Aperture,C,4,Work-level metadata only; verify the exact publisher edition and printing.,,,Medium,https://openlibrary.org/works/OL8625622W,BROAD
openlibrary:OL24348704W,Aperture,,"Hello, Photography",,2013,Aperture,,Specialist photography publisher backlist: Aperture,C,4,Work-level metadata only; verify the exact publisher edition and printing.,,,Medium,https://openlibrary.org/works/OL24348704W,BROAD
openlibrary:OL28776385W,Aperture,Chuck Hagen,New Soviet Photography,,1990,Aperture,,Specialist photography publisher backlist: Aperture,C,4,Work-level metadata only; verify the exact publisher edition and printing.,,,Medium,https://openlibrary.org/works/OL28776385W,BROAD
openlibrary:OL25789457W,Aperture,,New York,,2021,Aperture,,Specialist photography publisher backlist: Aperture,C,4,Work-level metadata only; verify the exact publisher edition and printing.,,,Medium,https://openlibrary.org/works/OL25789457W,BROAD
openlibrary:OL8625620W,Aperture,,Our Town (Aperture),,1992,Aperture,,Specialist photography publisher backlist: Aperture,C,4,Work-level metadata only; verify the exact publisher edition and printing.,,,Medium,https://openlibrary.org/works/OL8625620W,BROAD
openlibrary:OL26781611W,Aperture,,Photography As You Don't Know It,,2013,Aperture,,Specialist photography publisher backlist: Aperture,C,4,Work-level metadata only; verify the exact publisher edition and printing.,,,Medium,https://openlibrary.org/works/OL26781611W,BROAD
openlibrary:OL22575886W,Aperture,,Playtime,,2013,Aperture,,Specialist photography publisher backlist: Aperture,C,4,Work-level metadata only; verify the exact publisher edition and printing.,,,Medium,https://openlibrary.org/works/OL22575886W,BROAD
openlibrary:OL24853548W,Aperture,,Storyteller,,1988,Aperture,,Specialist photography publisher backlist: Aperture,C,4,Work-level metadata only; verify the exact publisher edition and printing.,,,Medium,https://openlibrary.org/works/OL24853548W,BROAD
openlibrary:OL8625637W,Aperture Foundation,,Aperture,,1985,Aperture,,Specialist photography publisher backlist: Aperture,C,4,Work-level metadata only; verify the exact publisher edition and printing.,,,Medium,https://openlibrary.org/works/OL8625637W,BROAD
openlibrary:OL8625639W,Aperture Foundation,,Aperture 167,,2002,Aperture,,Specialist photography publisher backlist: Aperture,C,4,Work-level metadata only; verify the exact publisher edition and printing.,,,Medium,https://openlibrary.org/works/OL8625639W,BROAD
openlibrary:OL8625641W,Aperture Foundation,,Connoisseurs and Collectors (Aperture Issue 124),,1991,Aperture,,Specialist photography publisher backlist: Aperture,C,4,Work-level metadata only; verify the exact publisher edition and printing.,,,Medium,https://openlibrary.org/works/OL8625641W,BROAD
openlibrary:OL8625642W,Aperture Foundation,,Edge of Illusion (Aperture Periodical No 100),,1988,Aperture,,Specialist photography publisher backlist: Aperture,C,4,Work-level metadata only; verify the exact publisher edition and printing.,,,Medium,https://openlibrary.org/works/OL8625642W,BROAD
openlibrary:OL8625643W,Aperture Foundation,,"Photography and Time (Aperture, 158)",,2000,Aperture,,Specialist photography publisher backlist: Aperture,C,4,Work-level metadata only; verify the exact publisher edition and printing.,,,Medium,https://openlibrary.org/works/OL8625643W,BROAD
openlibrary:OL8625645W,Aperture Foundation Inc. Staff,,Aperture 120,,1990,Aperture,,Specialist photography publisher backlist: Aperture,C,4,Work-level metadata only; verify the exact publisher edition and printing.,,,Medium,https://openlibrary.org/works/OL8625645W,BROAD
openlibrary:OL8625646W,Aperture Foundation Inc. Staff,,Aperture 128,,1993,Aperture,,Specialist photography publisher backlist: Aperture,C,4,Work-level metadata only; verify the exact publisher edition and printing.,,,Medium,https://openlibrary.org/works/OL8625646W,BROAD
openlibrary:OL8625647W,Aperture Foundation Inc. Staff,,Aperture 132,,1993,Aperture,,Specialist photography publisher backlist: Aperture,C,4,Work-level metadata only; verify the exact publisher edition and printing.,,,Medium,https://openlibrary.org/works/OL8625647W,BROAD
openlibrary:OL8625649W,Aperture Foundation Inc. Staff,,Aperture 139: Strong Hearts,,1995,Aperture,,Specialist photography publisher backlist: Aperture,C,4,Work-level metadata only; verify the exact publisher edition and printing.,,,Medium,https://openlibrary.org/works/OL8625649W,BROAD
openlibrary:OL8625650W,Aperture Foundation Inc. Staff,,Aperture 143,,1996,Aperture,,Specialist photography publisher backlist: Aperture,C,4,Work-level metadata only; verify the exact publisher edition and printing.,,,Medium,https://openlibrary.org/works/OL8625650W,BROAD
openlibrary:OL8625655W,Aperture Foundation Inc. Staff,Thomas Bridges,Aperture 150: Moments of Grace,,1998,Aperture,,Specialist photography publisher backlist: Aperture,C,4,Work-level metadata only; verify the exact publisher edition and printing.,,,Medium,https://openlibrary.org/works/OL8625655W,BROAD
openlibrary:OL8625656W,Aperture Foundation Inc. Staff,,Aperture 152,,1998,Aperture,,Specialist photography publisher backlist: Aperture,C,4,Work-level metadata only; verify the exact publisher edition and printing.,,,Medium,https://openlibrary.org/works/OL8625656W,BROAD
openlibrary:OL8625657W,Aperture Foundation Inc. Staff,,Aperture 153,,1998,Aperture,,Specialist photography publisher backlist: Aperture,C,4,Work-level metadata only; verify the exact publisher edition and printing.,,,Medium,https://openlibrary.org/works/OL8625657W,BROAD
openlibrary:OL8625658W,Aperture Foundation Inc. Staff,,Aperture 154: Explorations,,1999,Aperture,,Specialist photography publisher backlist: Aperture,C,4,Work-level metadata only; verify the exact publisher edition and printing.,,,Medium,https://openlibrary.org/works/OL8625658W,BROAD
openlibrary:OL8625659W,Aperture Foundation Inc. Staff,,Aperture 155: Optical Allusions,,1999,Aperture,,Specialist photography publisher backlist: Aperture,C,4,Work-level metadata only; verify the exact publisher edition and printing.,,,Medium,https://openlibrary.org/works/OL8625659W,BROAD
openlibrary:OL8625660W,Aperture Foundation Inc. Staff,,Aperture 157: Steps in Space,,2000,Aperture,,Specialist photography publisher backlist: Aperture,C,4,Work-level metadata only; verify the exact publisher edition and printing.,,,Medium,https://openlibrary.org/works/OL8625660W,BROAD
openlibrary:OL8625662W,Aperture Foundation Inc. Staff,,Aperture 160 (Aperture),,2000,Aperture,,Specialist photography publisher backlist: Aperture,C,4,Work-level metadata only; verify the exact publisher edition and printing.,,,Medium,https://openlibrary.org/works/OL8625662W,BROAD
openlibrary:OL8625664W,Aperture Foundation Inc. Staff,,Aperture 163,,2001,Aperture,,Specialist photography publisher backlist: Aperture,C,4,Work-level metadata only; verify the exact publisher edition and printing.,,,Medium,https://openlibrary.org/works/OL8625664W,BROAD
openlibrary:OL8625665W,Aperture Foundation Inc. Staff,,Aperture 164,,2001,Aperture,,Specialist photography publisher backlist: Aperture,C,4,Work-level metadata only; verify the exact publisher edition and printing.,,,Medium,https://openlibrary.org/works/OL8625665W,BROAD
openlibrary:OL28788097W,Aperture Foundation Inc. Staff,,Explorations,,1999,Aperture,,Specialist photography publisher backlist: Aperture,C,4,Work-level metadata only; verify the exact publisher edition and printing.,,,Medium,https://openlibrary.org/works/OL28788097W,BROAD
openlibrary:OL8625666W,Aperture Foundation Inc. Staff,,Strong Hearts,,1995,Aperture,,Specialist photography publisher backlist: Aperture,C,4,Work-level metadata only; verify the exact publisher edition and printing.,,,Medium,https://openlibrary.org/works/OL8625666W,BROAD
openlibrary:OL13619148W,Archivo Casasola.,,Mexico,,2003,Aperture,,Specialist photography publisher backlist: Aperture,C,4,Work-level metadata only; verify the exact publisher edition and printing.,,,Medium,https://openlibrary.org/works/OL13619148W,BROAD
openlibrary:OL8925918W,Ari Marcopoulos,,Ari Marcopoulos,,2006,Aperture,,Specialist photography publisher backlist: Aperture,C,4,Work-level metadata only; verify the exact publisher edition and printing.,,,Medium,https://openlibrary.org/works/OL8925918W,BROAD
openlibrary:OL39667971W,Arielle Bobb-Willis,Tiana Reid | Nicole Acheampong | Micaiah Carter,Keep the Kid Alive,,2024,Aperture,,Specialist photography publisher backlist: Aperture,C,4,Work-level metadata only; verify the exact publisher edition and printing.,,,Medium,https://openlibrary.org/works/OL39667971W,BROAD
openlibrary:OL32142378W,Arko Datta,,Snake fire,,2021,L'Artiere,,Specialist photography publisher backlist: L'Artiere,B,4,Work-level metadata only; verify the exact publisher edition and printing.,,,Medium,https://openlibrary.org/works/OL32142378W,BROAD
openlibrary:OL32467020W,Arko Datto,,Will my mannequin be home when I return,,2018,L'Artiere,,Specialist photography publisher backlist: L'Artiere,B,4,Work-level metadata only; verify the exact publisher edition and printing.,,,Medium,https://openlibrary.org/works/OL32467020W,BROAD
openlibrary:OL21053598W,Arnaud Maggs,,Arnaud Maggs,,2013,Steidl,,Specialist photography publisher backlist: Steidl,C,4,Work-level metadata only; verify the exact publisher edition and printing.,,,Medium,https://openlibrary.org/works/OL21053598W,BROAD
openlibrary:OL32711167W,Arne Svenson,,Unspeaking Likeness,,2016,Twin Palms,,Specialist photography publisher backlist: Twin Palms,B,4,Work-level metadata only; verify the exact publisher edition and printing.,,,Medium,https://openlibrary.org/works/OL32711167W,BROAD
openlibrary:OL3029849W,Arno Rafael Minkkinen,,Waterline,,1994,Aperture,,Specialist photography publisher backlist: Aperture,C,4,Work-level metadata only; verify the exact publisher edition and printing.,,,Medium,https://openlibrary.org/works/OL3029849W,BROAD
openlibrary:OL3660416W,Arnold Odermatt,,Arnold Odermatt,,2007,Steidl,,Specialist photography publisher backlist: Steidl,C,4,Work-level metadata only; verify the exact publisher edition and printing.,,,Medium,https://openlibrary.org/works/OL3660416W,BROAD
openlibrary:OL25046984W,Arnold Odermatt,Urs Odermatt,Feierabend - Après le Boulot - Let's Call It a Day,,2015,Steidl,,Specialist photography publisher backlist: Steidl,C,4,Work-level metadata only; verify the exact publisher edition and printing.,,,Medium,https://openlibrary.org/works/OL25046984W,BROAD
openlibrary:OL16604106W,Arnold Odermatt,,In zivil = Hors service = Off duty,,2010,Steidl,,Specialist photography publisher backlist: Steidl,C,4,Work-level metadata only; verify the exact publisher edition and printing.,,,Medium,https://openlibrary.org/works/OL16604106W,BROAD
openlibrary:OL3660417W,Arnold Odermatt,,Karambolage,,2003,Steidl,,Specialist photography publisher backlist: Steidl,C,4,Work-level metadata only; verify the exact publisher edition and printing.,,,Medium,https://openlibrary.org/works/OL3660417W,BROAD
openlibrary:OL21045579W,Arthur Elgort,Grace Coddington,Arthur Elgort,,2015,Steidl,,Specialist photography publisher backlist: Steidl,C,4,Work-level metadata only; verify the exact publisher edition and printing.,,,Medium,https://openlibrary.org/works/OL21045579W,BROAD
openlibrary:OL8577476W,Arthur Elgort,,Arthur Elgort's Models Manual,,1992,Scalo,,Specialist photography publisher backlist: Scalo,B,4,Work-level metadata only; verify the exact publisher edition and printing.,,,Medium,https://openlibrary.org/works/OL8577476W,BROAD
openlibrary:OL9042415W,Arthur Oleman,,Arnold Newman,,2007,Steidl,,Specialist photography publisher backlist: Steidl,C,4,Work-level metadata only; verify the exact publisher edition and printing.,,,Medium,https://openlibrary.org/works/OL9042415W,BROAD
openlibrary:OL13596636W,Asako Narahashi,,Half awake and half asleep in the water,,2007,Nazraeli Press,,Specialist photography publisher backlist: Nazraeli Press,B,4,Work-level metadata only; verify the exact publisher edition and printing.,,,Medium,https://openlibrary.org/works/OL13596636W,BROAD
openlibrary:OL9898727W,Atsushi Ogawa,,Indian Tower,,1993,Nazraeli Press,,Specialist photography publisher backlist: Nazraeli Press,B,4,Work-level metadata only; verify the exact publisher edition and printing.,,,Medium,https://openlibrary.org/works/OL9898727W,BROAD
openlibrary:OL5739959W,Atta Kim,,Atta Kim,,2002,Aperture,,Specialist photography publisher backlist: Aperture | Specialist photography publisher backlist: Steidl,C,4,Work-level metadata only; verify the exact publisher edition and printing.,,,Medium,https://openlibrary.org/works/OL5739959W,BROAD
openlibrary:OL5739957W,Atta Kim,,The museum project,,2005,Aperture,,Specialist photography publisher backlist: Aperture,C,4,Work-level metadata only; verify the exact publisher edition and printing.,,,Medium,https://openlibrary.org/works/OL5739957W,BROAD
openlibrary:OL28778585W,Attilio Colombo,Carole Naggar | Lydia Davis,Fantastic Photographs,,1979,Aperture,,Specialist photography publisher backlist: Aperture,C,4,Work-level metadata only; verify the exact publisher edition and printing.,,,Medium,https://openlibrary.org/works/OL28778585W,BROAD
openlibrary:OL15326659W,Avis Cardella,,Fashion Images de Mode No. 5,,2000,Steidl,,Specialist photography publisher backlist: Steidl,C,4,Work-level metadata only; verify the exact publisher edition and printing.,,,Medium,https://openlibrary.org/works/OL15326659W,BROAD
openlibrary:OL19099403W,Awam Amkpa,Tamar Garb,Distance and Desire,,2013,Steidl,,Specialist photography publisher backlist: Steidl,C,4,Work-level metadata only; verify the exact publisher edition and printing.,,,Medium,https://openlibrary.org/works/OL19099403W,BROAD
openlibrary:OL21101923W,Axel Hoedt,,Axel Hoedt,,2015,Steidl,,Specialist photography publisher backlist: Steidl,C,4,Work-level metadata only; verify the exact publisher edition and printing.,,,Medium,https://openlibrary.org/works/OL21101923W,BROAD
openlibrary:OL10152224W,Azzedine Alaia,,Alaia,,1999,Steidl,,Specialist photography publisher backlist: Steidl,C,4,Work-level metadata only; verify the exact publisher edition and printing.,,,Medium,https://openlibrary.org/works/OL10152224W,BROAD
openlibrary:OL11610505W,B. Ess,,I am not this body,,2001,Aperture,,Specialist photography publisher backlist: Aperture,C,4,Work-level metadata only; verify the exact publisher edition and printing.,,,Medium,https://openlibrary.org/works/OL11610505W,BROAD
openlibrary:OL21676418W,"Bailey, David",Catherine Bailey,117 Polariods,,2020,Steidl,,Specialist photography publisher backlist: Steidl,C,4,Work-level metadata only; verify the exact publisher edition and printing.,,,Medium,https://openlibrary.org/works/OL21676418W,BROAD
openlibrary:OL17568753W,"Bailey, David",,Baileys Dehli Dilemma,,2012,Steidl,,Specialist photography publisher backlist: Steidl,C,4,Work-level metadata only; verify the exact publisher edition and printing.,,,Medium,https://openlibrary.org/works/OL17568753W,BROAD
openlibrary:OL283964W,"Bailey, David",,David Bailey,,2006,Steidl,,Specialist photography publisher backlist: Steidl,C,4,Work-level metadata only; verify the exact publisher edition and printing.,,,Medium,https://openlibrary.org/works/OL283964W,BROAD
openlibrary:OL17418672W,"Bailey, David",,David Bailey East End,,2012,Steidl,,Specialist photography publisher backlist: Steidl,C,4,Work-level metadata only; verify the exact publisher edition and printing.,,,Medium,https://openlibrary.org/works/OL17418672W,BROAD
openlibrary:OL21026397W,"Bailey, David",,"Flowers, Skulls, Contacts",,2010,Steidl,,Specialist photography publisher backlist: Steidl,C,4,Work-level metadata only; verify the exact publisher edition and printing.,,,Medium,https://openlibrary.org/works/OL21026397W,BROAD
openlibrary:OL2014765W,"Bailey, David",,Havana,,2006,Steidl,,Specialist photography publisher backlist: Steidl,C,4,Work-level metadata only; verify the exact publisher edition and printing.,,,Medium,https://openlibrary.org/works/OL2014765W,BROAD
openlibrary:OL17488983W,"Bailey, David",,Is That So Kid,,2008,Steidl,,Specialist photography publisher backlist: Steidl,C,4,Work-level metadata only; verify the exact publisher edition and printing.,,,Medium,https://openlibrary.org/works/OL17488983W,BROAD
openlibrary:OL12087883W,Balthasar Burkhard,,Omnia,,2005,Scalo,,Specialist photography publisher backlist: Scalo,B,4,Work-level metadata only; verify the exact publisher edition and printing.,,,Medium,https://openlibrary.org/works/OL12087883W,BROAD
openlibrary:OL32026197W,Barbara Bloom,,Gold custody,,2021,MACK,,Specialist photography publisher backlist: MACK,B,4,Work-level metadata only; verify the exact publisher edition and printing.,,,Medium,https://openlibrary.org/works/OL32026197W,BROAD
openlibrary:OL6345700W,Barbara Brooks Morgan,,Barbara Morgan,,1964,Aperture,,Specialist photography publisher backlist: Aperture,C,4,Work-level metadata only; verify the exact publisher edition and printing.,,,Medium,https://openlibrary.org/works/OL6345700W,BROAD
openlibrary:OL18139193W,Barbara Crane,Barbara Hitchcock,Barbara Crane,,2009,Aperture,,Specialist photography publisher backlist: Aperture,C,4,Work-level metadata only; verify the exact publisher edition and printing.,,,Medium,https://openlibrary.org/works/OL18139193W,BROAD
openlibrary:OL11993751W,Barbara Davatz,Barbara Davatz | Nicole Muller | Sigrid Pallmert,As time goes by,,1999,Scalo,,Specialist photography publisher backlist: Scalo | Specialist photography publisher backlist: Edition Patrick Frey,B,4,Work-level metadata only; verify the exact publisher edition and printing.,,,Medium,https://openlibrary.org/works/OL11993751W,BROAD
openlibrary:OL8625688W,Barbara Morgan,,Barbara Morgan,,1964,Aperture,,Specialist photography publisher backlist: Aperture,C,4,Work-level metadata only; verify the exact publisher edition and printing.,,,Medium,https://openlibrary.org/works/OL8625688W,BROAD
openlibrary:OL8625689W,Barbara Morgan,Barbara Brooks Morgan,Barbara Morgan (Aperture Masters of Photography),,2005,Aperture,,Specialist photography publisher backlist: Aperture,C,4,Work-level metadata only; verify the exact publisher edition and printing.,,,Medium,https://openlibrary.org/works/OL8625689W,BROAD
openlibrary:OL13786330W,Barbara Probst,,Barbara Probst,,2007,Steidl,,Specialist photography publisher backlist: Steidl,C,4,Work-level metadata only; verify the exact publisher edition and printing.,,,Medium,https://openlibrary.org/works/OL13786330W,BROAD
openlibrary:OL25452189W,Barry McGee,Ari Marcopoulos,Barry Mcgee,,2022,Aperture,,Specialist photography publisher backlist: Aperture,C,4,Work-level metadata only; verify the exact publisher edition and printing.,,,Medium,https://openlibrary.org/works/OL25452189W,BROAD
openlibrary:OL13596714W,Beate Gütschow,Natasha Egan | Akiko Ono,Beate Gütschow,,2007,Aperture,,Specialist photography publisher backlist: Aperture,C,4,Work-level metadata only; verify the exact publisher edition and printing.,,,Medium,https://openlibrary.org/works/OL13596714W,BROAD
openlibrary:OL32355114W,Beatrice Minger,,"""Hier sass er""",,2018,Edition Patrick Frey,,Specialist photography publisher backlist: Edition Patrick Frey,B,4,Work-level metadata only; verify the exact publisher edition and printing.,,,Medium,https://openlibrary.org/works/OL32355114W,BROAD
openlibrary:OL4309150W,Beaumont Newhall,,A collection of photographs,,1969,Aperture,,Specialist photography publisher backlist: Aperture,C,4,Work-level metadata only; verify the exact publisher edition and printing.,,,Medium,https://openlibrary.org/works/OL4309150W,BROAD
openlibrary:OL4309158W,Beaumont Newhall,,"Frederick H. Evans (Aperture Monograph, Vol 18, No 1)",,1975,Aperture,,Specialist photography publisher backlist: Aperture,C,4,Work-level metadata only; verify the exact publisher edition and printing.,,,Medium,https://openlibrary.org/works/OL4309158W,BROAD
openlibrary:OL4309159W,Beaumont Newhall,,"Frederick H. Evans: photographer of the majesty, light, and space of the medieval cathedrals of England and France",,1973,Aperture,,Specialist photography publisher backlist: Aperture,C,4,Work-level metadata only; verify the exact publisher edition and printing.,,,Medium,https://openlibrary.org/works/OL4309159W,BROAD
openlibrary:OL9957865W,Bec Dean,,Matthew Sleeth,,2007,Aperture,,Specialist photography publisher backlist: Aperture,C,4,Work-level metadata only; verify the exact publisher edition and printing.,,,Medium,https://openlibrary.org/works/OL9957865W,BROAD
openlibrary:OL19123617W,Beda Achermann,Mats Gustafson | Ruben Toledo | Peter Lindbergh,Unified message,,2002,Steidl,,Specialist photography publisher backlist: Steidl,C,4,Work-level metadata only; verify the exact publisher edition and printing.,,,Medium,https://openlibrary.org/works/OL19123617W,BROAD
openlibrary:OL21287769W,Ben Burbridge,Greg Hobson | England) Staff Media Space (Gallery : London | National Media Museum (Great Britain) Staff,Revelations,,2015,MACK,,Specialist photography publisher backlist: MACK,B,4,Work-level metadata only; verify the exact publisher edition and printing.,,,Medium,https://openlibrary.org/works/OL21287769W,BROAD
openlibrary:OL5120313W,Ben Maddow,,Edward Weston,,1978,Aperture,,Specialist photography publisher backlist: Aperture,C,4,Work-level metadata only; verify the exact publisher edition and printing.,,,Medium,https://openlibrary.org/works/OL5120313W,BROAD
openlibrary:OL5120312W,Ben Maddow,,Let truth be the prejudice,,1985,Aperture,,Specialist photography publisher backlist: Aperture,C,4,Work-level metadata only; verify the exact publisher edition and printing.,,,Medium,https://openlibrary.org/works/OL5120312W,BROAD
openlibrary:OL36444995W,Ben Maddow,Peter Wehrli | A.D. Coleman,"Screen Tests, Portraits, Nudes 1964-1996",,2003,Steidl,,Specialist photography publisher backlist: Steidl,C,4,Work-level metadata only; verify the exact publisher edition and printing.,,,Medium,https://openlibrary.org/works/OL36444995W,BROAD
openlibrary:OL34339529W,Ben Rasmussen,,Good Citizen,,2022,GOST,,Specialist photography publisher backlist: GOST,B,4,Work-level metadata only; verify the exact publisher edition and printing.,,,Medium,https://openlibrary.org/works/OL34339529W,BROAD
openlibrary:OL18599522W,Benjamin Stone,Elizabeth Edwards | Peter James,A record of England,,2007,Dewi Lewis,,Specialist photography publisher backlist: Dewi Lewis,B,4,Work-level metadata only; verify the exact publisher edition and printing.,,,Medium,https://openlibrary.org/works/OL18599522W,BROAD
openlibrary:OL4015055W,Berenice Abbott,,Berenice Abbott,,1976,Aperture,,Specialist photography publisher backlist: Aperture | Specialist photography publisher backlist: Steidl,C,4,Work-level metadata only; verify the exact publisher edition and printing.,,,Medium,https://openlibrary.org/works/OL4015055W,BROAD
openlibrary:OL36445700W,Bernard Millet,James Lingwood,Beach and Disco,,2003,Steidl,,Specialist photography publisher backlist: Steidl,C,4,Work-level metadata only; verify the exact publisher edition and printing.,,,Medium,https://openlibrary.org/works/OL36445700W,BROAD
openlibrary:OL17555605W,Bernd Becher,,Stonework and Lime Kilns,,2013,Aperture,,Specialist photography publisher backlist: Aperture,C,4,Work-level metadata only; verify the exact publisher edition and printing.,,,Medium,https://openlibrary.org/works/OL17555605W,BROAD
openlibrary:OL2861808W,Bernhard Prinz,,Bernhard Prinz,,1988,Steidl,,Specialist photography publisher backlist: Steidl,C,4,Work-level metadata only; verify the exact publisher edition and printing.,,,Medium,https://openlibrary.org/works/OL2861808W,BROAD
openlibrary:OL31860197W,Bertien van Manen,,Archive,,2021,MACK,,Specialist photography publisher backlist: MACK,B,4,Work-level metadata only; verify the exact publisher edition and printing.,,,Medium,https://openlibrary.org/works/OL31860197W,BROAD
openlibrary:OL25632036W,Bertien van Manen,,Beyond Maps and Atlases,,2016,MACK,,Specialist photography publisher backlist: MACK,B,4,Work-level metadata only; verify the exact publisher edition and printing.,,,Medium,https://openlibrary.org/works/OL25632036W,BROAD
openlibrary:OL23104876W,Bertien van Manen,,Easter and Oak Trees,,2013,MACK,,Specialist photography publisher backlist: MACK,B,4,Work-level metadata only; verify the exact publisher edition and printing.,,,Medium,https://openlibrary.org/works/OL23104876W,BROAD
openlibrary:OL25636676W,Bertien van Manen,,I Will Be Wolf,,2017,MACK,,Specialist photography publisher backlist: MACK,B,4,Work-level metadata only; verify the exact publisher edition and printing.,,,Medium,https://openlibrary.org/works/OL25636676W,BROAD
openlibrary:OL22630697W,Bertien van Manen,,Let's sit down before we go,,2011,MACK,,Specialist photography publisher backlist: MACK,B,4,Work-level metadata only; verify the exact publisher edition and printing.,,,Medium,https://openlibrary.org/works/OL22630697W,BROAD
openlibrary:OL23329876W,Bertien van Manen,,Moonshine,,2014,MACK,,Specialist photography publisher backlist: MACK,B,4,Work-level metadata only; verify the exact publisher edition and printing.,,,Medium,https://openlibrary.org/works/OL23329876W,BROAD
openlibrary:OL13596420W,Betsy Karel,,Bombay jadoo,,2007,Steidl,,Specialist photography publisher backlist: Steidl,C,4,Work-level metadata only; verify the exact publisher edition and printing.,,,Medium,https://openlibrary.org/works/OL13596420W,BROAD
openlibrary:OL21088403W,Bettina Rheims,,Bettina Rheims - Gender Studies,,2015,Steidl,,Specialist photography publisher backlist: Steidl,C,4,Work-level metadata only; verify the exact publisher edition and printing.,,,Medium,https://openlibrary.org/works/OL21088403W,BROAD
openlibrary:OL21088392W,Bettina Rheims,,Bonkers!,,2015,Steidl,,Specialist photography publisher backlist: Steidl,C,4,Work-level metadata only; verify the exact publisher edition and printing.,,,Medium,https://openlibrary.org/works/OL21088392W,BROAD
openlibrary:OL36445226W,Bettina Rheims,Patrick Remy,Morceaux Choisis,,2002,Steidl,,Specialist photography publisher backlist: Steidl,C,4,Work-level metadata only; verify the exact publisher edition and printing.,,,Medium,https://openlibrary.org/works/OL36445226W,BROAD
openlibrary:OL25746214W,Bieke Depoorter,Ruth Vandewalle,Bieke Depoorter,,2018,Aperture,,Specialist photography publisher backlist: Aperture,C,4,Work-level metadata only; verify the exact publisher edition and printing.,,,Medium,https://openlibrary.org/works/OL25746214W,BROAD
openlibrary:OL536789W,Bill Brandt,Peter James | Richard Sadler,Homes fit for heroes,,2004,Dewi Lewis,,Specialist photography publisher backlist: Dewi Lewis,B,4,Work-level metadata only; verify the exact publisher edition and printing.,,,Medium,https://openlibrary.org/works/OL536789W,BROAD
openlibrary:OL35542773W,Bill Henson,Dennis Cooper,Bill Henson,,2002,Scalo,,Specialist photography publisher backlist: Scalo,B,4,Work-level metadata only; verify the exact publisher edition and printing.,,,Medium,https://openlibrary.org/works/OL35542773W,BROAD
openlibrary:OL11687365W,Bill Henson,,Mnemosyne,,2005,Scalo,,Specialist photography publisher backlist: Scalo,B,4,Work-level metadata only; verify the exact publisher edition and printing.,,,Medium,https://openlibrary.org/works/OL11687365W,BROAD
openlibrary:OL7800967W,Bill Jacobson,,Bill Jacobson,,1998,Twin Palms,,Specialist photography publisher backlist: Twin Palms,B,4,Work-level metadata only; verify the exact publisher edition and printing.,,,Medium,https://openlibrary.org/works/OL7800967W,BROAD
openlibrary:OL13592563W,Bill Jacobson,,"Bill Jacobson, 1989-1997",,1997,Twin Palms,,Specialist photography publisher backlist: Twin Palms,B,4,Work-level metadata only; verify the exact publisher edition and printing.,,,Medium,https://openlibrary.org/works/OL13592563W,BROAD
openlibrary:OL3762762W,Bill Jay,,Bill Jay's album,,2007,Nazraeli Press,,Specialist photography publisher backlist: Nazraeli Press,B,4,Work-level metadata only; verify the exact publisher edition and printing.,,,Medium,https://openlibrary.org/works/OL3762762W,BROAD
openlibrary:OL3762771W,Bill Jay,,Cyanide & Spirits,,1991,Nazraeli Press,,Specialist photography publisher backlist: Nazraeli Press,B,4,Work-level metadata only; verify the exact publisher edition and printing.,,,Medium,https://openlibrary.org/works/OL3762771W,BROAD
openlibrary:OL3762774W,Bill Jay,,Occam's Razor,,1992,Nazraeli Press,,Specialist photography publisher backlist: Nazraeli Press,B,4,Work-level metadata only; verify the exact publisher edition and printing.,,,Medium,https://openlibrary.org/works/OL3762774W,BROAD
openlibrary:OL19395015W,Bill Jay,,USA photography guide,,1993,Nazraeli Press,,Specialist photography publisher backlist: Nazraeli Press,B,4,Work-level metadata only; verify the exact publisher edition and printing.,,,Medium,https://openlibrary.org/works/OL19395015W,BROAD
openlibrary:OL17906615W,Bill Jay,,USA photography guide 2,,1995,Nazraeli Press,,Specialist photography publisher backlist: Nazraeli Press,B,4,Work-level metadata only; verify the exact publisher edition and printing.,,,Medium,https://openlibrary.org/works/OL17906615W,BROAD
openlibrary:OL13596704W,Bill Wood,,Bill Wood's business,,2008,Steidl,,Specialist photography publisher backlist: Steidl,C,4,Work-level metadata only; verify the exact publisher edition and printing.,,,Medium,https://openlibrary.org/works/OL13596704W,BROAD
openlibrary:OL19153778W,Birgit Bernard,,Zeitgenossen,,2000,Steidl,,Specialist photography publisher backlist: Steidl,C,4,Work-level metadata only; verify the exact publisher edition and printing.,,,Medium,https://openlibrary.org/works/OL19153778W,BROAD
openlibrary:OL13426733W,Birgit K aufer,,"Die Obsession der Puppe in der Fotografie: Hans Bellmer, Pierre Molinier, Cindy Sherman",,2006,GOST,,Specialist photography publisher backlist: GOST,B,4,Work-level metadata only; verify the exact publisher edition and printing.,,,Medium,https://openlibrary.org/works/OL13426733W,BROAD
openlibrary:OL4804263W,Bob Colacello,,Bob Colacello,,2007,Steidl,,Specialist photography publisher backlist: Steidl,C,4,Work-level metadata only; verify the exact publisher edition and printing.,,,Medium,https://openlibrary.org/works/OL4804263W,BROAD
openlibrary:OL33036163W,Bodo von Dewitz,,Politische Bilder,,2009,Steidl,,Specialist photography publisher backlist: Steidl,C,4,Work-level metadata only; verify the exact publisher edition and printing.,,,Medium,https://openlibrary.org/works/OL33036163W,BROAD
openlibrary:OL27360269W,Bonnie Yochelson,Berenice Abbott,Berenice Abbott,,1976,Steidl,,Specialist photography publisher backlist: Steidl,C,4,Work-level metadata only; verify the exact publisher edition and printing.,,,Medium,https://openlibrary.org/works/OL27360269W,BROAD
openlibrary:OL3360184W,Bonnie Yochelson,,Esther Bubley,,2005,Aperture,,Specialist photography publisher backlist: Aperture,C,4,Work-level metadata only; verify the exact publisher edition and printing.,,,Medium,https://openlibrary.org/works/OL3360184W,BROAD
openlibrary:OL11984000W,Boo Moon,,Boo Moon,,1999,Nazraeli Press,,Specialist photography publisher backlist: Nazraeli Press,B,4,Work-level metadata only; verify the exact publisher edition and printing.,,,Medium,https://openlibrary.org/works/OL11984000W,BROAD
openlibrary:OL22627913W,Boomoon,,Naksan,,2010,Nazraeli Press,,Specialist photography publisher backlist: Nazraeli Press,B,4,Work-level metadata only; verify the exact publisher edition and printing.,,,Medium,https://openlibrary.org/works/OL22627913W,BROAD
openlibrary:OL895331W,Boris Michailov,,Boris Mikhailov,,2002,Scalo,,Specialist photography publisher backlist: Scalo,B,4,Work-level metadata only; verify the exact publisher edition and printing.,,,Medium,https://openlibrary.org/works/OL895331W,BROAD
openlibrary:OL895325W,Boris Michailov,,Case history,,1999,Scalo,,Specialist photography publisher backlist: Scalo,B,4,Work-level metadata only; verify the exact publisher edition and printing.,,,Medium,https://openlibrary.org/works/OL895325W,BROAD
openlibrary:OL895327W,Boris Michailov,,"Look at me I look at water, or, Perversion of repose",,2004,Steidl,,Specialist photography publisher backlist: Steidl,C,4,Work-level metadata only; verify the exact publisher edition and printing.,,,Medium,https://openlibrary.org/works/OL895327W,BROAD
openlibrary:OL16166301W,Boris Michailov,,Maquette Braunschweig,,2009,Steidl,,Specialist photography publisher backlist: Steidl,C,4,Work-level metadata only; verify the exact publisher edition and printing.,,,Medium,https://openlibrary.org/works/OL16166301W,BROAD
openlibrary:OL895329W,Boris Michailov,Boris Mikhaylov | Alexis Schwarzenbach | Margarita Tupitsyn,"Neokonchennai︠a︡ dissertat︠s︡ii︠a︡, ili, Besedy samomu sebe",,1998,Scalo,,Specialist photography publisher backlist: Scalo,B,4,Work-level metadata only; verify the exact publisher edition and printing.,,,Medium,https://openlibrary.org/works/OL895329W,BROAD
openlibrary:OL895330W,Boris Michailov,,Salt Lake,,2002,Steidl,,Specialist photography publisher backlist: Steidl,C,4,Work-level metadata only; verify the exact publisher edition and printing.,,,Medium,https://openlibrary.org/works/OL895330W,BROAD
openlibrary:OL8369911W,Boris Mikhailov,,Boris Mikhailov,,1999,Scalo,,Specialist photography publisher backlist: Scalo | Specialist photography publisher backlist: Steidl,B,4,Work-level metadata only; verify the exact publisher edition and printing.,,,Medium,https://openlibrary.org/works/OL8369911W,BROAD
openlibrary:OL11749396W,Boris Mikhailov,,Unfinished dissertation,,1998,Scalo,,Specialist photography publisher backlist: Scalo,B,4,Work-level metadata only; verify the exact publisher edition and printing.,,,Medium,https://openlibrary.org/works/OL11749396W,BROAD
openlibrary:OL43548994W,"Bowman, Rebekah (Photographer)",,Portrait of the Cuban school of ballet,,2018,Nazraeli Press,,Specialist photography publisher backlist: Nazraeli Press,B,4,Work-level metadata only; verify the exact publisher edition and printing.,,,Medium,https://openlibrary.org/works/OL43548994W,BROAD
openlibrary:OL25634530W,Brad Feuerhelm,,Dein Kampf,,2019,MACK,,Specialist photography publisher backlist: MACK,B,4,Work-level metadata only; verify the exact publisher edition and printing.,,,Medium,https://openlibrary.org/works/OL25634530W,BROAD
openlibrary:OL4285812W,Brett Weston,,Voyage of the eye,,1975,Aperture,,Specialist photography publisher backlist: Aperture,C,4,Work-level metadata only; verify the exact publisher edition and printing.,,,Medium,https://openlibrary.org/works/OL4285812W,BROAD
openlibrary:OL13414153W,Brian Ulrich,,Copia,,2006,Aperture,,Specialist photography publisher backlist: Aperture,C,4,Work-level metadata only; verify the exact publisher edition and printing.,,,Medium,https://openlibrary.org/works/OL13414153W,BROAD
openlibrary:OL8482611W,Brian Wallis,Deborah Willis,African American Vernacular Photography (Archive),,2005,Steidl,,Specialist photography publisher backlist: Steidl,C,4,Work-level metadata only; verify the exact publisher edition and printing.,,,Medium,https://openlibrary.org/works/OL8482611W,BROAD
openlibrary:OL18490149W,Brian Wallis,Joanna Lehan,Ecotopia,,2006,Steidl,,Specialist photography publisher backlist: Steidl,C,4,Work-level metadata only; verify the exact publisher edition and printing.,,,Medium,https://openlibrary.org/works/OL18490149W,BROAD
openlibrary:OL36447812W,Brian Wallis,,Weegee,,2012,Steidl,,Specialist photography publisher backlist: Steidl,C,4,Work-level metadata only; verify the exact publisher edition and printing.,,,Medium,https://openlibrary.org/works/OL36447812W,BROAD
openlibrary:OL19610509W,Brian Wallis,Sally Pierce | Wendy Wick Reaves | Grant Romer,Young America,,2005,Steidl,,Specialist photography publisher backlist: Steidl,C,4,Work-level metadata only; verify the exact publisher edition and printing.,,,Medium,https://openlibrary.org/works/OL19610509W,BROAD
openlibrary:OL4325128W,Brian Weil,,Every 17 seconds,,1992,Aperture,,Specialist photography publisher backlist: Aperture,C,4,Work-level metadata only; verify the exact publisher edition and printing.,,,Medium,https://openlibrary.org/works/OL4325128W,BROAD
openlibrary:OL32071817W,Britt Salvesen,Stephen Shore,Transparencies,,2020,MACK,,Specialist photography publisher backlist: MACK,B,4,Work-level metadata only; verify the exact publisher edition and printing.,,,Medium,https://openlibrary.org/works/OL32071817W,BROAD
openlibrary:OL15711526W,Brooks Johnson,,Photography speaks,,2004,Aperture,,Specialist photography publisher backlist: Aperture,C,4,Work-level metadata only; verify the exact publisher edition and printing.,,,Medium,https://openlibrary.org/works/OL15711526W,BROAD
openlibrary:OL3002576W,Bruce Davidson,,Brooklyn gang,,1998,Twin Palms,,Specialist photography publisher backlist: Twin Palms,B,4,Work-level metadata only; verify the exact publisher edition and printing.,,,Medium,https://openlibrary.org/works/OL3002576W,BROAD
openlibrary:OL12167097W,Bruce Davidson,,Bruce Davidson,,1990,Aperture,,Specialist photography publisher backlist: Aperture | Specialist photography publisher backlist: Steidl,C,4,Work-level metadata only; verify the exact publisher edition and printing.,,,Medium,https://openlibrary.org/works/OL12167097W,BROAD
openlibrary:OL3002579W,Bruce Davidson,,Central Park,,1995,Aperture,,Specialist photography publisher backlist: Aperture,C,4,Work-level metadata only; verify the exact publisher edition and printing.,,,Medium,https://openlibrary.org/works/OL3002579W,BROAD
openlibrary:OL3002587W,Bruce Davidson,,Subway,,1980,Aperture,,Specialist photography publisher backlist: Aperture,C,4,Work-level metadata only; verify the exact publisher edition and printing.,,,Medium,https://openlibrary.org/works/OL3002587W,BROAD
openlibrary:OL2893110W,Bruce Gilden,,Haiti,,1996,Dewi Lewis,,Specialist photography publisher backlist: Dewi Lewis,B,4,Work-level metadata only; verify the exact publisher edition and printing.,,,Medium,https://openlibrary.org/works/OL2893110W,BROAD
openlibrary:OL1888027W,Bruce Sterling,,Inez van Lamsweerde and Vinoodh Matadin,,2007,Steidl,,Specialist photography publisher backlist: Steidl,C,4,Work-level metadata only; verify the exact publisher edition and printing.,,,Medium,https://openlibrary.org/works/OL1888027W,BROAD
openlibrary:OL21110921W,Bryan Adams,John Pawson,Bryan Adams,,2016,Steidl,,Specialist photography publisher backlist: Steidl,C,4,Work-level metadata only; verify the exact publisher edition and printing.,,,Medium,https://openlibrary.org/works/OL21110921W,BROAD
openlibrary:OL17481862W,Bryan Adams,,Wounded The Legacy Of War Photographs,,2013,Steidl,,Specialist photography publisher backlist: Steidl,C,4,Work-level metadata only; verify the exact publisher edition and printing.,,,Medium,https://openlibrary.org/works/OL17481862W,BROAD
openlibrary:OL4330785W,Burk Uzzle,,All American,,1984,Aperture,,Specialist photography publisher backlist: Aperture,C,4,Work-level metadata only; verify the exact publisher edition and printing.,,,Medium,https://openlibrary.org/works/OL4330785W,BROAD
openlibrary:OL2189503W,"Burkhard, Balthasar.",,Balthasar Burkhard,,1988,Scalo,,Specialist photography publisher backlist: Scalo | Specialist photography publisher backlist: Steidl,B,4,Work-level metadata only; verify the exact publisher edition and printing.,,,Medium,https://openlibrary.org/works/OL2189503W,BROAD
openlibrary:OL29300875W,C. Fausto Cabrera,,The Parameters of our Cage,,2020,MACK,,Specialist photography publisher backlist: MACK,B,4,Work-level metadata only; verify the exact publisher edition and printing.,,,Medium,https://openlibrary.org/works/OL29300875W,BROAD
openlibrary:OL1889607W,Calvin Tomkins,,Paul Strand,,1978,Aperture,,Specialist photography publisher backlist: Aperture,C,4,Work-level metadata only; verify the exact publisher edition and printing.,,,Medium,https://openlibrary.org/works/OL1889607W,BROAD
openlibrary:OL9898734W,Camille Solyagua,,Collections 92-06,,2007,Nazraeli Press,,Specialist photography publisher backlist: Nazraeli Press,B,4,Work-level metadata only; verify the exact publisher edition and printing.,,,Medium,https://openlibrary.org/works/OL9898734W,BROAD
openlibrary:OL28882644W,Carla Williams,,Tender,,2023,TBW Books,,Specialist photography publisher backlist: TBW Books,B,4,Work-level metadata only; verify the exact publisher edition and printing.,,,Medium,https://openlibrary.org/works/OL28882644W,BROAD
openlibrary:OL16571102W,Carlo McCormick,,John Chamberlain,,2011,Steidl,,Specialist photography publisher backlist: Steidl,C,4,Work-level metadata only; verify the exact publisher edition and printing.,,,Medium,https://openlibrary.org/works/OL16571102W,BROAD
openlibrary:OL32074492W,Carlotta Di Lenardo,Alberto Di Lenardo,An attic full of trains,,2020,MACK,,Specialist photography publisher backlist: MACK,B,4,Work-level metadata only; verify the exact publisher edition and printing.,,,Medium,https://openlibrary.org/works/OL32074492W,BROAD
openlibrary:OL22950239W,Carly Steinbrunn,,The voyage of discovery,,2015,MACK,,Specialist photography publisher backlist: MACK,B,4,Work-level metadata only; verify the exact publisher edition and printing.,,,Medium,https://openlibrary.org/works/OL22950239W,BROAD
openlibrary:OL25874099W,Carol Golemboski,Shirley Jackson,Psychometry,,2016,Yoffy Press,,Specialist photography publisher backlist: Yoffy Press,B,4,Work-level metadata only; verify the exact publisher edition and printing.,,,Medium,https://openlibrary.org/works/OL25874099W,BROAD
openlibrary:OL43679251W,Carolyn Drake,Rebecca Bengal,Knit club,,2020,TBW Books,,Specialist photography publisher backlist: TBW Books,B,4,Work-level metadata only; verify the exact publisher edition and printing.,,,Medium,https://openlibrary.org/works/OL43679251W,BROAD
openlibrary:OL36475991W,Carolyn Drake,,Men Untitled,,2023,TBW Books,,Specialist photography publisher backlist: TBW Books,B,4,Work-level metadata only; verify the exact publisher edition and printing.,,,Medium,https://openlibrary.org/works/OL36475991W,BROAD
openlibrary:OL19234131W,Carsten Ahrens,Carl Albrecht Haenlein,"Anton Josef Trčka, Edward Weston, Helmut Newton",,1998,Scalo,,Specialist photography publisher backlist: Scalo,B,4,Work-level metadata only; verify the exact publisher edition and printing.,,,Medium,https://openlibrary.org/works/OL19234131W,BROAD
openlibrary:OL18415356W,Carsten Ahrens,Carl Albrecht Haenlein | Anton Josef Trcka | Edward Weston,The Artificial of the real,,1998,Scalo,,Specialist photography publisher backlist: Scalo,B,4,Work-level metadata only; verify the exact publisher edition and printing.,,,Medium,https://openlibrary.org/works/OL18415356W,BROAD
openlibrary:OL3753896W,Carter Ratcliff,,Aperture Ninety One,,1983,Aperture,,Specialist photography publisher backlist: Aperture,C,4,Work-level metadata only; verify the exact publisher edition and printing.,,,Medium,https://openlibrary.org/works/OL3753896W,BROAD
openlibrary:OL22616047W,"Carter, William",,Causes and spirits,,2011,Steidl,,Specialist photography publisher backlist: Steidl,C,4,Work-level metadata only; verify the exact publisher edition and printing.,,,Medium,https://openlibrary.org/works/OL22616047W,BROAD
openlibrary:OL9042384W,Catherine Balet,,Identity,,2006,Steidl,,Specialist photography publisher backlist: Steidl,C,4,Work-level metadata only; verify the exact publisher edition and printing.,,,Medium,https://openlibrary.org/works/OL9042384W,BROAD
openlibrary:OL21670090W,Catherine Balet,,Moods in a Room,,2020,Dewi Lewis,,Specialist photography publisher backlist: Dewi Lewis,B,4,Work-level metadata only; verify the exact publisher edition and printing.,,,Medium,https://openlibrary.org/works/OL21670090W,BROAD
openlibrary:OL21031726W,Catherine Balet,,Strangers in the Light,,2011,Steidl,,Specialist photography publisher backlist: Steidl,C,4,Work-level metadata only; verify the exact publisher edition and printing.,,,Medium,https://openlibrary.org/works/OL21031726W,BROAD
openlibrary:OL520239W,Catherine Chalmers,Steve Baker | Garry Marvin | Lyall Watson,American cockroach,,2004,Aperture,,Specialist photography publisher backlist: Aperture,C,4,Work-level metadata only; verify the exact publisher edition and printing.,,,Medium,https://openlibrary.org/works/OL520239W,BROAD
openlibrary:OL520240W,Catherine Chalmers,Michael Sand,Foodchain,,2000,Aperture,,Specialist photography publisher backlist: Aperture,C,4,Work-level metadata only; verify the exact publisher edition and printing.,,,Medium,https://openlibrary.org/works/OL520240W,BROAD
openlibrary:OL9250877W,Catherine Duncan,,Paul Strand,,1994,Aperture,,Specialist photography publisher backlist: Aperture,C,4,Work-level metadata only; verify the exact publisher edition and printing.,,,Medium,https://openlibrary.org/works/OL9250877W,BROAD
openlibrary:OL25459405W,Catherine Panebianco,,Holding Time,,2021,Yoffy Press,,Specialist photography publisher backlist: Yoffy Press,B,4,Work-level metadata only; verify the exact publisher edition and printing.,,,Medium,https://openlibrary.org/works/OL25459405W,BROAD
openlibrary:OL6042830W,Catherine Wagner,,Art & science,,1996,Nazraeli Press,,Specialist photography publisher backlist: Nazraeli Press,B,4,Work-level metadata only; verify the exact publisher edition and printing.,,,Medium,https://openlibrary.org/works/OL6042830W,BROAD
openlibrary:OL2844868W,Catherine Wagner,,Cross Section,,2001,Twin Palms,,Specialist photography publisher backlist: Twin Palms,B,4,Work-level metadata only; verify the exact publisher edition and printing.,,,Medium,https://openlibrary.org/works/OL2844868W,BROAD
openlibrary:OL2844873W,Catherine Wagner,,Cross Sections,,2001,Twin Palms,,Specialist photography publisher backlist: Twin Palms,B,4,Work-level metadata only; verify the exact publisher edition and printing.,,,Medium,https://openlibrary.org/works/OL2844873W,BROAD
openlibrary:OL2381034W,Cécile Wick,Cecile Wick | Jochen Baldes,America,,1999,Scalo,,Specialist photography publisher backlist: Scalo | Specialist photography publisher backlist: Edition Patrick Frey,B,4,Work-level metadata only; verify the exact publisher edition and printing.,,,Medium,https://openlibrary.org/works/OL2381034W,BROAD
openlibrary:OL20110696W,Cesare Fabbri,,The Flying Carpet,,2017,MACK,,Specialist photography publisher backlist: MACK,B,4,Work-level metadata only; verify the exact publisher edition and printing.,,,Medium,https://openlibrary.org/works/OL20110696W,BROAD
openlibrary:OL12064524W,Chan Chao,,Burma,,2000,Nazraeli Press,,Specialist photography publisher backlist: Nazraeli Press,B,4,Work-level metadata only; verify the exact publisher edition and printing.,,,Medium,https://openlibrary.org/works/OL12064524W,BROAD
openlibrary:OL12064525W,Chan Chao,,Echo,,2004,Nazraeli Press,,Specialist photography publisher backlist: Nazraeli Press,B,4,Work-level metadata only; verify the exact publisher edition and printing.,,,Medium,https://openlibrary.org/works/OL12064525W,BROAD
openlibrary:OL19099401W,Chantal Pontbriand,,Mutations: Perspectives on Photography (Paris Photo),,2011,Steidl,,Specialist photography publisher backlist: Steidl,C,4,Work-level metadata only; verify the exact publisher edition and printing.,,,Medium,https://openlibrary.org/works/OL19099401W,BROAD
openlibrary:OL13584066W,Charis Wilson,,California and the West,,1978,Aperture,,Specialist photography publisher backlist: Aperture,C,4,Work-level metadata only; verify the exact publisher edition and printing.,,,Medium,https://openlibrary.org/works/OL13584066W,BROAD
openlibrary:OL17475542W,Charles Freger,,Wilder Mann The Image Of The Savage,,2012,Dewi Lewis,,Specialist photography publisher backlist: Dewi Lewis,B,4,Work-level metadata only; verify the exact publisher edition and printing.,,,Medium,https://openlibrary.org/works/OL17475542W,BROAD
openlibrary:OL5970732W,Charles Hagen,,"Aperture 118 (Spring, 1990)",,1990,Aperture,,Specialist photography publisher backlist: Aperture,C,4,Work-level metadata only; verify the exact publisher edition and printing.,,,Medium,https://openlibrary.org/works/OL5970732W,BROAD
openlibrary:OL31731799W,Charles Hagen,Nan Richardson,"Aperture, Issue 115 : New Southern Photography",,1989,Aperture,,Specialist photography publisher backlist: Aperture,C,4,Work-level metadata only; verify the exact publisher edition and printing.,,,Medium,https://openlibrary.org/works/OL31731799W,BROAD
openlibrary:OL5970734W,Charles Hagen,,Josef Sudek: Poet of Prague,,1990,Aperture,,Specialist photography publisher backlist: Aperture,C,4,Work-level metadata only; verify the exact publisher edition and printing.,,,Medium,https://openlibrary.org/works/OL5970734W,BROAD
openlibrary:OL8625611W,Charles L. Dodson,,"Aperture, 109",,1987,Aperture,,Specialist photography publisher backlist: Aperture,C,4,Work-level metadata only; verify the exact publisher edition and printing.,,,Medium,https://openlibrary.org/works/OL8625611W,BROAD
openlibrary:OL3535451W,Charles Wehrenberg,,Mississippi blue,,2002,Twin Palms,,Specialist photography publisher backlist: Twin Palms,B,4,Work-level metadata only; verify the exact publisher edition and printing.,,,Medium,https://openlibrary.org/works/OL3535451W,BROAD
openlibrary:OL2512155W,Charlotte Cory,,The Visitors,,2008,Dewi Lewis,,Specialist photography publisher backlist: Dewi Lewis,B,4,Work-level metadata only; verify the exact publisher edition and printing.,,,Medium,https://openlibrary.org/works/OL2512155W,BROAD
openlibrary:OL20014045W,Charlotte Cotton,,Photography is magic,,2015,Aperture,,Specialist photography publisher backlist: Aperture,C,4,Work-level metadata only; verify the exact publisher edition and printing.,,,Medium,https://openlibrary.org/works/OL20014045W,BROAD
openlibrary:OL25474771W,Chase Barnes,,Wilderness of Mirrors,,2022,Yoffy Press,,Specialist photography publisher backlist: Yoffy Press,B,4,Work-level metadata only; verify the exact publisher edition and printing.,,,Medium,https://openlibrary.org/works/OL25474771W,BROAD
openlibrary:OL6815918W,Chauncey Hare,,Interior America,,1978,Aperture,,Specialist photography publisher backlist: Aperture,C,4,Work-level metadata only; verify the exact publisher edition and printing.,,,Medium,https://openlibrary.org/works/OL6815918W,BROAD
openlibrary:OL6815919W,Chauncey Hare,,Interior American,,1978,Aperture,,Specialist photography publisher backlist: Aperture,C,4,Work-level metadata only; verify the exact publisher edition and printing.,,,Medium,https://openlibrary.org/works/OL6815919W,BROAD
openlibrary:OL16240562W,Chip Simone,,Chroma,,2011,Nazraeli Press,,Specialist photography publisher backlist: Nazraeli Press,B,4,Work-level metadata only; verify the exact publisher edition and printing.,,,Medium,https://openlibrary.org/works/OL16240562W,BROAD
openlibrary:OL44719682W,Chŏng-jin Yi,Norton Museum of Art,Everglades,,2016,Nazraeli Press,,Specialist photography publisher backlist: Nazraeli Press,B,4,Work-level metadata only; verify the exact publisher edition and printing.,,,Medium,https://openlibrary.org/works/OL44719682W,BROAD
openlibrary:OL21307193W,Chong-Jin Yi,,Unnamed Road,,2015,MACK,,Specialist photography publisher backlist: MACK,B,4,Work-level metadata only; verify the exact publisher edition and printing.,,,Medium,https://openlibrary.org/works/OL21307193W,BROAD
openlibrary:OL9042407W,Chris Killip,,Chris Killip,,2007,Steidl,,Specialist photography publisher backlist: Steidl,C,4,Work-level metadata only; verify the exact publisher edition and printing.,,,Medium,https://openlibrary.org/works/OL9042407W,BROAD
openlibrary:OL21110906W,Chris Killip,,Chris Killip - In Flagrante Two,,2015,Steidl,,Specialist photography publisher backlist: Steidl,C,4,Work-level metadata only; verify the exact publisher edition and printing.,,,Medium,https://openlibrary.org/works/OL21110906W,BROAD
openlibrary:OL21110914W,Chris Killip,,Isle of Man Revisited,,2015,Steidl,,Specialist photography publisher backlist: Steidl,C,4,Work-level metadata only; verify the exact publisher edition and printing.,,,Medium,https://openlibrary.org/works/OL21110914W,BROAD
openlibrary:OL21110912W,Chris Killip,,Pirelli Work,,2015,Steidl,,Specialist photography publisher backlist: Steidl,C,4,Work-level metadata only; verify the exact publisher edition and printing.,,,Medium,https://openlibrary.org/works/OL21110912W,BROAD
openlibrary:OL8954437W,Chris Shaw,,Life as a Night Porter,,2005,Twin Palms,,Specialist photography publisher backlist: Twin Palms,B,4,Work-level metadata only; verify the exact publisher edition and printing.,,,Medium,https://openlibrary.org/works/OL8954437W,BROAD
openlibrary:OL21225373W,Chris Steele-Perkins,Richard Smith,Teds,,2003,Dewi Lewis,,Specialist photography publisher backlist: Dewi Lewis,B,4,Work-level metadata only; verify the exact publisher edition and printing.,,,Medium,https://openlibrary.org/works/OL21225373W,BROAD
openlibrary:OL6016131W,Chris Verene,,Chris Verene,,2000,Twin Palms,,Specialist photography publisher backlist: Twin Palms,B,4,Work-level metadata only; verify the exact publisher edition and printing.,,,Medium,https://openlibrary.org/works/OL6016131W,BROAD
openlibrary:OL33033627W,Chris Verene,,Family,,2010,Twin Palms,,Specialist photography publisher backlist: Twin Palms,B,4,Work-level metadata only; verify the exact publisher edition and printing.,,,Medium,https://openlibrary.org/works/OL33033627W,BROAD
openlibrary:OL9042377W,Christer Stromholm,,"In Memory of Myself, Christer Stromholm",,2007,Steidl,,Specialist photography publisher backlist: Steidl,C,4,Work-level metadata only; verify the exact publisher edition and printing.,,,Medium,https://openlibrary.org/works/OL9042377W,BROAD
openlibrary:OL25055689W,Christer Strömholm,Greger Nilson | Gunnar Smoliansky,Lido,,2019,Steidl,,Specialist photography publisher backlist: Steidl,C,4,Work-level metadata only; verify the exact publisher edition and printing.,,,Medium,https://openlibrary.org/works/OL25055689W,BROAD
openlibrary:OL15004556W,Christian Caujolle,,Collection Photographs,,2007,Steidl,,Specialist photography publisher backlist: Steidl,C,4,Work-level metadata only; verify the exact publisher edition and printing.,,,Medium,https://openlibrary.org/works/OL15004556W,BROAD
openlibrary:OL23123770W,Christian Müller,,Ed Ruscha,,2013,Steidl,,Specialist photography publisher backlist: Steidl,C,4,Work-level metadata only; verify the exact publisher edition and printing.,,,Medium,https://openlibrary.org/works/OL23123770W,BROAD
openlibrary:OL11738318W,Christian Schwager,,Falsche Chalets,,2004,Edition Patrick Frey,,Specialist photography publisher backlist: Edition Patrick Frey,B,4,Work-level metadata only; verify the exact publisher edition and printing.,,,Medium,https://openlibrary.org/works/OL11738318W,BROAD
openlibrary:OL39366121W,Christian Schwager,,My lovely Bosnia,,2007,Edition Patrick Frey,,Specialist photography publisher backlist: Edition Patrick Frey,B,4,Work-level metadata only; verify the exact publisher edition and printing.,,,Medium,https://openlibrary.org/works/OL39366121W,BROAD
openlibrary:OL5699678W,Christiane Kuhlmann,,Charlotte Rudolph,,2004,Steidl,,Specialist photography publisher backlist: Steidl,C,4,Work-level metadata only; verify the exact publisher edition and printing.,,,Medium,https://openlibrary.org/works/OL5699678W,BROAD
openlibrary:OL21365857W,Christof Ribbat,Beat Wismer,Evelyn Hofer,,2005,Steidl,,Specialist photography publisher backlist: Steidl,C,4,Work-level metadata only; verify the exact publisher edition and printing.,,,Medium,https://openlibrary.org/works/OL21365857W,BROAD
openlibrary:OL16180002W,Christopher Killip,,Seacoal,,2011,Steidl,,Specialist photography publisher backlist: Steidl,C,4,Work-level metadata only; verify the exact publisher edition and printing.,,,Medium,https://openlibrary.org/works/OL16180002W,BROAD
openlibrary:OL1337839W,Christopher Morris,,My America,,2006,Steidl,,Specialist photography publisher backlist: Steidl,C,4,Work-level metadata only; verify the exact publisher edition and printing.,,,Medium,https://openlibrary.org/works/OL1337839W,BROAD
openlibrary:OL19763321W,Christopher Phillips,Ai Weiwei,Life and dreams,,2018,Steidl,,Specialist photography publisher backlist: Steidl,C,4,Work-level metadata only; verify the exact publisher edition and printing.,,,Medium,https://openlibrary.org/works/OL19763321W,BROAD
openlibrary:OL18259893W,Christopher Phillips,,Photography in the modern era,,1989,Aperture,,Specialist photography publisher backlist: Aperture,C,4,Work-level metadata only; verify the exact publisher edition and printing.,,,Medium,https://openlibrary.org/works/OL18259893W,BROAD
openlibrary:OL21358537W,Christy Lange,Thomas Demand,Complete Papers,,2018,MACK,,Specialist photography publisher backlist: MACK,B,4,Work-level metadata only; verify the exact publisher edition and printing.,,,Medium,https://openlibrary.org/works/OL21358537W,BROAD
openlibrary:OL2998067W,Chuck Close,,Chuck Close,,1975,Aperture,,Specialist photography publisher backlist: Aperture | Specialist photography publisher backlist: Steidl,C,4,Work-level metadata only; verify the exact publisher edition and printing.,,,Medium,https://openlibrary.org/works/OL2998067W,BROAD
openlibrary:OL9042417W,Cia Rinne,,Joakim Eskildsen,,2007,Steidl,,Specialist photography publisher backlist: Steidl,C,4,Work-level metadata only; verify the exact publisher edition and printing.,,,Medium,https://openlibrary.org/works/OL9042417W,BROAD
openlibrary:OL22575742W,Ciáran Óg Arnold,,I Went to the Worst of Bars Hoping to Get Killed. But All I Could Do Was to Get Drunk Again,,2015,MACK,,Specialist photography publisher backlist: MACK,B,4,Work-level metadata only; verify the exact publisher edition and printing.,,,Medium,https://openlibrary.org/works/OL22575742W,BROAD
openlibrary:OL25901522W,Cig Harvey,,Reveal,,2020,Yoffy Press,,Specialist photography publisher backlist: Yoffy Press,B,4,Work-level metadata only; verify the exact publisher edition and printing.,,,Medium,https://openlibrary.org/works/OL25901522W,BROAD
openlibrary:OL2772280W,Claire Yaffa,,Light & shadow,,1998,Aperture,,Specialist photography publisher backlist: Aperture,C,4,Work-level metadata only; verify the exact publisher edition and printing.,,,Medium,https://openlibrary.org/works/OL2772280W,BROAD
openlibrary:OL9042431W,Clare Richardson,,Harlemville,,2003,MACK,,Specialist photography publisher backlist: MACK | Specialist photography publisher backlist: Steidl,B,4,Work-level metadata only; verify the exact publisher edition and printing.,,,Medium,https://openlibrary.org/works/OL9042431W,BROAD
openlibrary:OL25633726W,Clare Strand,,Girl Plays with Snake,,2016,MACK,,Specialist photography publisher backlist: MACK,B,4,Work-level metadata only; verify the exact publisher edition and printing.,,,Medium,https://openlibrary.org/works/OL25633726W,BROAD
openlibrary:OL2629427W,Clarence John Laughlin,,Clarence John Laughlin,,1973,Aperture,,Specialist photography publisher backlist: Aperture,C,4,Work-level metadata only; verify the exact publisher edition and printing.,,,Medium,https://openlibrary.org/works/OL2629427W,BROAD
openlibrary:OL21188797W,"Clark, Ed",Ed. H. Clark | Keith Davis | Peter Kunhardt,Ed Clark,,2019,Steidl,,Specialist photography publisher backlist: Steidl,C,4,Work-level metadata only; verify the exact publisher edition and printing.,,,Medium,https://openlibrary.org/works/OL21188797W,BROAD
openlibrary:OL770367W,Claude Roy,,La France de profil,,1952,Aperture,,Specialist photography publisher backlist: Aperture,C,4,Work-level metadata only; verify the exact publisher edition and printing.,,,Medium,https://openlibrary.org/works/OL770367W,BROAD
openlibrary:OL1004024W,Claudio Edinger,Augusto Nunes,Madness,,1997,Dewi Lewis,,Specialist photography publisher backlist: Dewi Lewis,B,4,Work-level metadata only; verify the exact publisher edition and printing.,,,Medium,https://openlibrary.org/works/OL1004024W,BROAD
openlibrary:OL9041183W,Clément Chéroux,,The stamp of fantasy,,2007,Steidl,,Specialist photography publisher backlist: Steidl,C,4,Work-level metadata only; verify the exact publisher edition and printing.,,,Medium,https://openlibrary.org/works/OL9041183W,BROAD
openlibrary:OL2978934W,Clifford Ross,,Wave music,,2005,Aperture,,Specialist photography publisher backlist: Aperture,C,4,Work-level metadata only; verify the exact publisher edition and printing.,,,Medium,https://openlibrary.org/works/OL2978934W,BROAD
openlibrary:OL2033207W,Cole Weston,,At home and abroad,,1998,Aperture,,Specialist photography publisher backlist: Aperture,C,4,Work-level metadata only; verify the exact publisher edition and printing.,,,Medium,https://openlibrary.org/works/OL2033207W,BROAD
openlibrary:OL17412481W,Colin Westerbeck,,Graciela Iturbide The Hasselblad Award 2008,,2009,Steidl,,Specialist photography publisher backlist: Steidl,C,4,Work-level metadata only; verify the exact publisher edition and printing.,,,Medium,https://openlibrary.org/works/OL17412481W,BROAD
openlibrary:OL23362077W,Collier Schorr,,8 women,,2014,MACK,,Specialist photography publisher backlist: MACK,B,4,Work-level metadata only; verify the exact publisher edition and printing.,,,Medium,https://openlibrary.org/works/OL23362077W,BROAD
openlibrary:OL28591410W,Collier Schorr,,AUGUST COLLIER SCHORR,,2022,MACK,,Specialist photography publisher backlist: MACK,B,4,Work-level metadata only; verify the exact publisher edition and printing.,,,Medium,https://openlibrary.org/works/OL28591410W,BROAD
openlibrary:OL33041057W,Collier Schorr,,Blumen,,2009,Steidl,,Specialist photography publisher backlist: Steidl,C,4,Work-level metadata only; verify the exact publisher edition and printing.,,,Medium,https://openlibrary.org/works/OL33041057W,BROAD
openlibrary:OL2029633W,Collier Schorr,,Neighbors =,,2006,MACK,,Specialist photography publisher backlist: MACK | Specialist photography publisher backlist: Steidl,B,4,Work-level metadata only; verify the exact publisher edition and printing.,,,Medium,https://openlibrary.org/works/OL2029633W,BROAD
openlibrary:OL25635229W,Collier Schorr,,Paul's Book,,2019,MACK,,Specialist photography publisher backlist: MACK,B,4,Work-level metadata only; verify the exact publisher edition and printing.,,,Medium,https://openlibrary.org/works/OL25635229W,BROAD
openlibrary:OL24152532W,Corey Arnold,,Fish-Work,,2011,Nazraeli Press,,Specialist photography publisher backlist: Nazraeli Press,B,4,Work-level metadata only; verify the exact publisher edition and printing.,,,Medium,https://openlibrary.org/works/OL24152532W,BROAD
openlibrary:OL41887360W,Corey Arnold,Chris Arnold | Nazraeli Press Staff,Fishing with My Dad,,2011,Nazraeli Press,,Specialist photography publisher backlist: Nazraeli Press,B,4,Work-level metadata only; verify the exact publisher edition and printing.,,,Medium,https://openlibrary.org/works/OL41887360W,BROAD
openlibrary:OL16598474W,Corinne Diserens,,Contemporary African photography from The Walther Collection,,2011,Steidl,,Specialist photography publisher backlist: Steidl,C,4,Work-level metadata only; verify the exact publisher edition and printing.,,,Medium,https://openlibrary.org/works/OL16598474W,BROAD
openlibrary:OL35727754W,Craig Easton,,Thatcher's Children,,2023,GOST,,Specialist photography publisher backlist: GOST,B,4,Work-level metadata only; verify the exact publisher edition and printing.,,,Medium,https://openlibrary.org/works/OL35727754W,BROAD
openlibrary:OL7801456W,Craig McDean,,Craig Mcdean,,2004,Steidl,,Specialist photography publisher backlist: Steidl,C,4,Work-level metadata only; verify the exact publisher edition and printing.,,,Medium,https://openlibrary.org/works/OL7801456W,BROAD
openlibrary:OL25889687W,Cristiano Volk,,Melaina Chole,,2020,Yoffy Press,,Specialist photography publisher backlist: Yoffy Press,B,4,Work-level metadata only; verify the exact publisher edition and printing.,,,Medium,https://openlibrary.org/works/OL25889687W,BROAD
openlibrary:OL9050946W,Cristóbal Hara,,Cristóbal Hara,,2004,Steidl,,Specialist photography publisher backlist: Steidl,C,4,Work-level metadata only; verify the exact publisher edition and printing.,,,Medium,https://openlibrary.org/works/OL9050946W,BROAD
openlibrary:OL26871091W,Curran Hatleberg,Natasha Trethewey | Joy Williams,River's Dream,,2022,TBW Books,,Specialist photography publisher backlist: TBW Books,B,4,Work-level metadata only; verify the exact publisher edition and printing.,,,Medium,https://openlibrary.org/works/OL26871091W,BROAD
openlibrary:OL17406941W,Curtis Mann,,Mp3 Midwest Photographers Publication Project,,2009,Aperture,,Specialist photography publisher backlist: Aperture,C,4,Work-level metadata only; verify the exact publisher edition and printing.,,,Medium,https://openlibrary.org/works/OL17406941W,BROAD
openlibrary:OL17383446W,Cynthia Young,,The Mexican Suitcase The Legendary Spanish Civil War Negatives Of Robert Capa Gerda Taro And David Seymour,,2010,Steidl,,Specialist photography publisher backlist: Steidl,C,4,Work-level metadata only; verify the exact publisher edition and printing.,,,Medium,https://openlibrary.org/works/OL17383446W,BROAD
openlibrary:OL9346061W,D. Lewis,,Publishing Photography,,1994,Dewi Lewis,,Specialist photography publisher backlist: Dewi Lewis,B,4,Work-level metadata only; verify the exact publisher edition and printing.,,,Medium,https://openlibrary.org/works/OL9346061W,BROAD
openlibrary:OL12084727W,Daidō Moriyama,Minoru Shinjuku | Jose Lebrero,Daido Moriyama,,2004,Nazraeli Press,,Specialist photography publisher backlist: Nazraeli Press,B,4,Work-level metadata only; verify the exact publisher edition and printing.,,,Medium,https://openlibrary.org/works/OL12084727W,BROAD
openlibrary:OL33396072W,Daidō Moriyama,,Kiroku,,2009,Nazraeli Press,,Specialist photography publisher backlist: Nazraeli Press,B,4,Work-level metadata only; verify the exact publisher edition and printing.,,,Medium,https://openlibrary.org/works/OL33396072W,BROAD
openlibrary:OL32074488W,Damian Michael Heinisch,,45,,2020,MACK,,Specialist photography publisher backlist: MACK,B,4,Work-level metadata only; verify the exact publisher edition and printing.,,,Medium,https://openlibrary.org/works/OL32074488W,BROAD
openlibrary:OL32221581W,Dan Holdsworth,,Blackout,,2012,Steidl,,Specialist photography publisher backlist: Steidl,C,4,Work-level metadata only; verify the exact publisher edition and printing.,,,Medium,https://openlibrary.org/works/OL32221581W,BROAD
openlibrary:OL23158540W,Daniel Beltrá,,Spill,,2013,GOST,,Specialist photography publisher backlist: GOST,B,4,Work-level metadata only; verify the exact publisher edition and printing.,,,Medium,https://openlibrary.org/works/OL23158540W,BROAD
openlibrary:OL8265222W,Daniel Girardin,,Nicolas Faure,,2006,Steidl,,Specialist photography publisher backlist: Steidl,C,4,Work-level metadata only; verify the exact publisher edition and printing.,,,Medium,https://openlibrary.org/works/OL8265222W,BROAD
openlibrary:OL32269852W,Daniel Reuter,,Providencia,,2020,Skinnerboox,,Specialist photography publisher backlist: Skinnerboox,B,4,Work-level metadata only; verify the exact publisher edition and printing.,,,Medium,https://openlibrary.org/works/OL32269852W,BROAD
openlibrary:OL4278352W,Danny Lyon,,Knave of Hearts,,1999,Twin Palms,,Specialist photography publisher backlist: Twin Palms,B,4,Work-level metadata only; verify the exact publisher edition and printing.,,,Medium,https://openlibrary.org/works/OL4278352W,BROAD
openlibrary:OL17525244W,Danny Lyon,,Memories Of The Southern Civil Rights Movement,,2010,Twin Palms,,Specialist photography publisher backlist: Twin Palms,B,4,Work-level metadata only; verify the exact publisher edition and printing.,,,Medium,https://openlibrary.org/works/OL17525244W,BROAD
openlibrary:OL24418714W,Danny Lyon,,Pictures from New World,,2001,Aperture,,Specialist photography publisher backlist: Aperture,C,4,Work-level metadata only; verify the exact publisher edition and printing.,,,Medium,https://openlibrary.org/works/OL24418714W,BROAD
openlibrary:OL4278351W,Danny Lyon,,Pictures from the New World,,1981,Aperture,,Specialist photography publisher backlist: Aperture,C,4,Work-level metadata only; verify the exact publisher edition and printing.,,,Medium,https://openlibrary.org/works/OL4278351W,BROAD
openlibrary:OL9898487W,Danwen Xing,Li Xien Ting,Wo-men,,2004,Scalo,,Specialist photography publisher backlist: Scalo,B,4,Work-level metadata only; verify the exact publisher edition and printing.,,,Medium,https://openlibrary.org/works/OL9898487W,BROAD
openlibrary:OL14976225W,Darian Leader,,Olivier Richon,,2006,Steidl,,Specialist photography publisher backlist: Steidl,C,4,Work-level metadata only; verify the exact publisher edition and printing.,,,Medium,https://openlibrary.org/works/OL14976225W,BROAD
openlibrary:OL8683219W,Darren Almond,,Darren Almond,,2006,Steidl,,Specialist photography publisher backlist: Steidl,C,4,Work-level metadata only; verify the exact publisher edition and printing.,,,Medium,https://openlibrary.org/works/OL8683219W,BROAD
openlibrary:OL19925991W,Dave Anderson,,Rough beauty,,2006,Dewi Lewis,,Specialist photography publisher backlist: Dewi Lewis,B,4,Work-level metadata only; verify the exact publisher edition and printing.,,,Medium,https://openlibrary.org/works/OL19925991W,BROAD
openlibrary:OL18489055W,David Armstrong,,David Armstrong,,1997,Scalo,,Specialist photography publisher backlist: Scalo,B,4,Work-level metadata only; verify the exact publisher edition and printing.,,,Medium,https://openlibrary.org/works/OL18489055W,BROAD
openlibrary:OL21150526W,David Bailey,David Bailey William,Naga Hills,,2017,Steidl,,Specialist photography publisher backlist: Steidl,C,4,Work-level metadata only; verify the exact publisher edition and printing.,,,Medium,https://openlibrary.org/works/OL21150526W,BROAD
openlibrary:OL21110917W,David Bailey,Daniel Blau,Tears and Tears,,2016,Steidl,,Specialist photography publisher backlist: Steidl,C,4,Work-level metadata only; verify the exact publisher edition and printing.,,,Medium,https://openlibrary.org/works/OL21110917W,BROAD
openlibrary:OL32335487W,David Brandon Geeting,,David Brandon Geeting,,2019,Skinnerboox,,Specialist photography publisher backlist: Skinnerboox,B,4,Work-level metadata only; verify the exact publisher edition and printing.,,,Medium,https://openlibrary.org/works/OL32335487W,BROAD
openlibrary:OL2886850W,David C. Turnley,,The Russian heart,,1992,Aperture,,Specialist photography publisher backlist: Aperture | Specialist photography publisher backlist: Phaidon,C,4,Work-level metadata only; verify the exact publisher edition and printing.,,,Medium,https://openlibrary.org/works/OL2886850W,BROAD
openlibrary:OL21031722W,David Campany,Walker Evans,Damaget,,2014,Steidl,,Specialist photography publisher backlist: Steidl,C,4,Work-level metadata only; verify the exact publisher edition and printing.,,,Medium,https://openlibrary.org/works/OL21031722W,BROAD
openlibrary:OL23135762W,David Campany,,Gasoline,,2013,MACK,,Specialist photography publisher backlist: MACK,B,4,Work-level metadata only; verify the exact publisher edition and printing.,,,Medium,https://openlibrary.org/works/OL23135762W,BROAD
openlibrary:OL21282410W,David Campany,France) Staff Bal (Art organization : Paris,Handful of Dust,,2015,MACK,,Specialist photography publisher backlist: MACK,B,4,Work-level metadata only; verify the exact publisher edition and printing.,,,Medium,https://openlibrary.org/works/OL21282410W,BROAD
openlibrary:OL21233203W,David Campany,,Knock Three Times,,2007,Dewi Lewis,,Specialist photography publisher backlist: Dewi Lewis,B,4,Work-level metadata only; verify the exact publisher edition and printing.,,,Medium,https://openlibrary.org/works/OL21233203W,BROAD
openlibrary:OL20524854W,David Campany,,Lise Sarfati,,2018,Steidl,,Specialist photography publisher backlist: Steidl,C,4,Work-level metadata only; verify the exact publisher edition and printing.,,,Medium,https://openlibrary.org/works/OL20524854W,BROAD
openlibrary:OL4325186W,David Deutsch,,Photographs/Paintings,,1989,Twin Palms,,Specialist photography publisher backlist: Twin Palms,B,4,Work-level metadata only; verify the exact publisher edition and printing.,,,Medium,https://openlibrary.org/works/OL4325186W,BROAD
openlibrary:OL4658907W,David Farrell,,Innocent landscapes =,,2001,Dewi Lewis,,Specialist photography publisher backlist: Dewi Lewis,B,4,Work-level metadata only; verify the exact publisher edition and printing.,,,Medium,https://openlibrary.org/works/OL4658907W,BROAD
openlibrary:OL20644281W,David Gere,Gideon Mendel,Through Positive Eyes,,2019,Aperture,,Specialist photography publisher backlist: Aperture,C,4,Work-level metadata only; verify the exact publisher edition and printing.,,,Medium,https://openlibrary.org/works/OL20644281W,BROAD
openlibrary:OL19099406W,David Goldblatt,,David Goldblatt: Particulars,,2014,Steidl,,Specialist photography publisher backlist: Steidl,C,4,Work-level metadata only; verify the exact publisher edition and printing.,,,Medium,https://openlibrary.org/works/OL19099406W,BROAD
openlibrary:OL21204091W,David Goldblatt,Antjie Krog | Ivor Powell,David Goldblatt : Some Afrikaners Photographed,,2019,Steidl,,Specialist photography publisher backlist: Steidl,C,4,Work-level metadata only; verify the exact publisher edition and printing.,,,Medium,https://openlibrary.org/works/OL21204091W,BROAD
openlibrary:OL21204110W,David Goldblatt,Alexandra Dodd,David Goldblatt : the Last Interview,,2019,Steidl,,Specialist photography publisher backlist: Steidl,C,4,Work-level metadata only; verify the exact publisher edition and printing.,,,Medium,https://openlibrary.org/works/OL21204110W,BROAD
openlibrary:OL21045573W,David Goldblatt,,On the Mines,,2013,Steidl,,Specialist photography publisher backlist: Steidl,C,4,Work-level metadata only; verify the exact publisher edition and printing.,,,Medium,https://openlibrary.org/works/OL21045573W,BROAD
openlibrary:OL21076251W,David Goldblatt,Michael Stevenson,Regarding Intersections,,2015,Steidl,,Specialist photography publisher backlist: Steidl,C,4,Work-level metadata only; verify the exact publisher edition and printing.,,,Medium,https://openlibrary.org/works/OL21076251W,BROAD
openlibrary:OL2019337W,David Goldblatt,Phillip Van Niekerk,The transported of Kwandebele,,1989,Steidl,,Specialist photography publisher backlist: Steidl,C,4,Work-level metadata only; verify the exact publisher edition and printing.,,,Medium,https://openlibrary.org/works/OL2019337W,BROAD
openlibrary:OL32682992W,David H. Gibson,,"Images, panoramas, sequences",,2016,Nazraeli Press,,Specialist photography publisher backlist: Nazraeli Press,B,4,Work-level metadata only; verify the exact publisher edition and printing.,,,Medium,https://openlibrary.org/works/OL32682992W,BROAD
openlibrary:OL17530311W,David Hickey,,Primary Atmospheres Works From California 19601970,,2010,Steidl,,Specialist photography publisher backlist: Steidl,C,4,Work-level metadata only; verify the exact publisher edition and printing.,,,Medium,https://openlibrary.org/works/OL17530311W,BROAD
openlibrary:OL25889688W,David Hilliard,,Caress,,2019,Yoffy Press,,Specialist photography publisher backlist: Yoffy Press,B,4,Work-level metadata only; verify the exact publisher edition and printing.,,,Medium,https://openlibrary.org/works/OL25889688W,BROAD
openlibrary:OL5744710W,David Hilliard,,David Hilliard,,2005,Aperture,,Specialist photography publisher backlist: Aperture,C,4,Work-level metadata only; verify the exact publisher edition and printing.,,,Medium,https://openlibrary.org/works/OL5744710W,BROAD
openlibrary:OL21020845W,David Hurn,Clare Grafik,I'm a Real Photographer,,2007,Chris Boot,,Specialist photography publisher backlist: Chris Boot,B,4,Work-level metadata only; verify the exact publisher edition and printing.,,,Medium,https://openlibrary.org/works/OL21020845W,BROAD
openlibrary:OL32782366W,David Küenzi,,Zustandsaufnahme,,2013,Edition Patrick Frey,,Specialist photography publisher backlist: Edition Patrick Frey,B,4,Work-level metadata only; verify the exact publisher edition and printing.,,,Medium,https://openlibrary.org/works/OL32782366W,BROAD
openlibrary:OL17582365W,David Levi,,Words Not Spent Today Buy Smaller Images Tomorrow Essays On The Present And Future Of Photography,,2014,Aperture,,Specialist photography publisher backlist: Aperture,C,4,Work-level metadata only; verify the exact publisher edition and printing.,,,Medium,https://openlibrary.org/works/OL17582365W,BROAD
openlibrary:OL5966446W,David Levi Strauss,,Between the eyes,,2003,Aperture,,Specialist photography publisher backlist: Aperture,C,4,Work-level metadata only; verify the exact publisher edition and printing.,,,Medium,https://openlibrary.org/works/OL5966446W,BROAD
openlibrary:OL26472151W,David Levi Strauss,John Berger,David Levi Strauss : Between the Eyes,,2012,Aperture,,Specialist photography publisher backlist: Aperture,C,4,Work-level metadata only; verify the exact publisher edition and printing.,,,Medium,https://openlibrary.org/works/OL26472151W,BROAD
openlibrary:OL18510012W,David Levi-Strauss,,Francesca Woodman,,1998,Scalo,,Specialist photography publisher backlist: Scalo,B,4,Work-level metadata only; verify the exact publisher edition and printing.,,,Medium,https://openlibrary.org/works/OL18510012W,BROAD
openlibrary:OL1823419W,David Levinthal,,Mein Kampf,,1997,Twin Palms,,Specialist photography publisher backlist: Twin Palms,B,4,Work-level metadata only; verify the exact publisher edition and printing.,,,Medium,https://openlibrary.org/works/OL1823419W,BROAD
openlibrary:OL20026101W,David Maisel,,Black maps,,2013,Steidl,,Specialist photography publisher backlist: Steidl,C,4,Work-level metadata only; verify the exact publisher edition and printing.,,,Medium,https://openlibrary.org/works/OL20026101W,BROAD
openlibrary:OL8618053W,David Maisel,,David Maisel,,2004,Nazraeli Press,,Specialist photography publisher backlist: Nazraeli Press | Specialist photography publisher backlist: Steidl,B,4,Work-level metadata only; verify the exact publisher edition and printing.,,,Medium,https://openlibrary.org/works/OL8618053W,BROAD
openlibrary:OL39029152W,David Maisel,,The lake project,,2004,Nazraeli Press,,Specialist photography publisher backlist: Nazraeli Press,B,4,Work-level metadata only; verify the exact publisher edition and printing.,,,Medium,https://openlibrary.org/works/OL39029152W,BROAD
openlibrary:OL4214280W,David Mellor,,"Bill Brandt, behind the camera",,1985,Aperture,,Specialist photography publisher backlist: Aperture | Specialist photography publisher backlist: Phaidon,C,4,Work-level metadata only; verify the exact publisher edition and printing.,,,Medium,https://openlibrary.org/works/OL4214280W,BROAD
openlibrary:OL22469293W,David Octavius Hill,,"David Octavius Hill, Robert Adamson",,1963,Steidl,,Specialist photography publisher backlist: Steidl,C,4,Work-level metadata only; verify the exact publisher edition and printing.,,,Medium,https://openlibrary.org/works/OL22469293W,BROAD
openlibrary:OL2766143W,David Vaughan,Merce Cunningham,Merce Cunningham,,1996,Aperture,,Specialist photography publisher backlist: Aperture,C,4,Work-level metadata only; verify the exact publisher edition and printing.,,,Medium,https://openlibrary.org/works/OL2766143W,BROAD
openlibrary:OL1909099W,David Wojnarowicz,Lucy R. Lippard,Brush Fires in the Social Landscape,,1994,Aperture,,Specialist photography publisher backlist: Aperture,C,4,Work-level metadata only; verify the exact publisher edition and printing.,,,Medium,https://openlibrary.org/works/OL1909099W,BROAD
openlibrary:OL5432620W,Dawid,,Dawid,,2001,Steidl,,Specialist photography publisher backlist: Steidl,C,4,Work-level metadata only; verify the exact publisher edition and printing.,,,Medium,https://openlibrary.org/works/OL5432620W,BROAD
openlibrary:OL21147625W,Dawoud Bey,Brian Ulrich,Dawoud Bey on Photographing People and Communities,,2017,Aperture,,Specialist photography publisher backlist: Aperture,C,4,Work-level metadata only; verify the exact publisher edition and printing.,,,Medium,https://openlibrary.org/works/OL21147625W,BROAD
openlibrary:OL27410763W,Dawoud Bey,,Street Portraits,,2021,MACK,,Specialist photography publisher backlist: MACK,B,4,Work-level metadata only; verify the exact publisher edition and printing.,,,Medium,https://openlibrary.org/works/OL27410763W,BROAD
openlibrary:OL5082488W,Dayanita Singh.,,Go away closer,,2007,Steidl,,Specialist photography publisher backlist: Steidl,C,4,Work-level metadata only; verify the exact publisher edition and printing.,,,Medium,https://openlibrary.org/works/OL5082488W,BROAD
openlibrary:OL21150533W,Dayanita Singh,Gerhard Steidl | Aveen Sen,Museum Bhavan,,2017,Steidl,,Specialist photography publisher backlist: Steidl,C,4,Work-level metadata only; verify the exact publisher edition and printing.,,,Medium,https://openlibrary.org/works/OL21150533W,BROAD
openlibrary:OL21088397W,Dayanita Singh,Aveek Sen,Museum of Chance,,2015,Steidl,,Specialist photography publisher backlist: Steidl,C,4,Work-level metadata only; verify the exact publisher edition and printing.,,,Medium,https://openlibrary.org/works/OL21088397W,BROAD
openlibrary:OL5082490W,Dayanita Singh.,Dayanita Singh,Privacy,,2003,Steidl,,Specialist photography publisher backlist: Steidl,C,4,Work-level metadata only; verify the exact publisher edition and printing.,,,Medium,https://openlibrary.org/works/OL5082490W,BROAD
openlibrary:OL21364709W,Dayanita Singh,,Zakir Hussain Maquette,,2019,Steidl,,Specialist photography publisher backlist: Steidl,C,4,Work-level metadata only; verify the exact publisher edition and printing.,,,Medium,https://openlibrary.org/works/OL21364709W,BROAD
openlibrary:OL4464357W,Debbie Fleming Caffery,,Polly,,2004,Twin Palms,,Specialist photography publisher backlist: Twin Palms,B,4,Work-level metadata only; verify the exact publisher edition and printing.,,,Medium,https://openlibrary.org/works/OL4464357W,BROAD
openlibrary:OL38018305W,Debbie Fleming Caffery,,"Polly, limited boxed edition with original Print",,2005,Twin Palms,,Specialist photography publisher backlist: Twin Palms,B,4,Work-level metadata only; verify the exact publisher edition and printing.,,,Medium,https://openlibrary.org/works/OL38018305W,BROAD
openlibrary:OL25883857W,Debbie Fleming Caffery,,Reveal,,2020,Yoffy Press,,Specialist photography publisher backlist: Yoffy Press,B,4,Work-level metadata only; verify the exact publisher edition and printing.,,,Medium,https://openlibrary.org/works/OL25883857W,BROAD
openlibrary:OL4464358W,Debbie Fleming Caffery,,The shadows,,2002,Twin Palms,,Specialist photography publisher backlist: Twin Palms,B,4,Work-level metadata only; verify the exact publisher edition and printing.,,,Medium,https://openlibrary.org/works/OL4464358W,BROAD
openlibrary:OL21384577W,Deborah Padfield,Brian Hurwitz | Charles Pither,Perceptions of Pain,,2003,Dewi Lewis,,Specialist photography publisher backlist: Dewi Lewis,B,4,Work-level metadata only; verify the exact publisher edition and printing.,,,Medium,https://openlibrary.org/works/OL21384577W,BROAD
openlibrary:OL3462967W,Deborah Turbeville,,Deborah Turbeville,,2007,Steidl,,Specialist photography publisher backlist: Steidl,C,4,Work-level metadata only; verify the exact publisher edition and printing.,,,Medium,https://openlibrary.org/works/OL3462967W,BROAD
openlibrary:OL32706388W,Delphine Sims,Joan Tapper,"Looking in, looking out",,2015,Nazraeli Press,,Specialist photography publisher backlist: Nazraeli Press,B,4,Work-level metadata only; verify the exact publisher edition and printing.,,,Medium,https://openlibrary.org/works/OL32706388W,BROAD
openlibrary:OL21359925W,Denis Gielen,Joanna Leroy | LaToya Ruby Frazier | Jean-Marc Prevost,Latoya Ruby Frazier,,2014,Steidl,,Specialist photography publisher backlist: Steidl,C,4,Work-level metadata only; verify the exact publisher edition and printing.,,,Medium,https://openlibrary.org/works/OL21359925W,BROAD
openlibrary:OL5964596W,Dennis C. Shultz,Scott Dickerson,To save a river,,2002,Aperture,,Specialist photography publisher backlist: Aperture,C,4,Work-level metadata only; verify the exact publisher edition and printing.,,,Medium,https://openlibrary.org/works/OL5964596W,BROAD
openlibrary:OL32897263W,Detlef Orlopp,,Detlef Orlopp,,2015,Steidl,,Specialist photography publisher backlist: Steidl,C,4,Work-level metadata only; verify the exact publisher edition and printing.,,,Medium,https://openlibrary.org/works/OL32897263W,BROAD
openlibrary:OL8917612W,Dewi Lewis,,Photo Uk,,1998,Dewi Lewis,,Specialist photography publisher backlist: Dewi Lewis,B,4,Work-level metadata only; verify the exact publisher edition and printing.,,,Medium,https://openlibrary.org/works/OL8917612W,BROAD
openlibrary:OL12243579W,Diana Michener,,3 poems,,2006,Steidl,,Specialist photography publisher backlist: Steidl,C,4,Work-level metadata only; verify the exact publisher edition and printing.,,,Medium,https://openlibrary.org/works/OL12243579W,BROAD
openlibrary:OL21954744W,Diana Michener,,Diana Michener,,2020,Steidl,,Specialist photography publisher backlist: Steidl,C,4,Work-level metadata only; verify the exact publisher edition and printing.,,,Medium,https://openlibrary.org/works/OL21954744W,BROAD
openlibrary:OL12243580W,Diana Michener,,"Dogs, fires, me",,2005,Steidl,,Specialist photography publisher backlist: Steidl,C,4,Work-level metadata only; verify the exact publisher edition and printing.,,,Medium,https://openlibrary.org/works/OL12243580W,BROAD
openlibrary:OL33008181W,Diana Michener,,Figure studies,,2010,Steidl,,Specialist photography publisher backlist: Steidl,C,4,Work-level metadata only; verify the exact publisher edition and printing.,,,Medium,https://openlibrary.org/works/OL33008181W,BROAD
openlibrary:OL21013269W,Diana Michener,,Sweethearts,,2009,Steidl,,Specialist photography publisher backlist: Steidl,C,4,Work-level metadata only; verify the exact publisher edition and printing.,,,Medium,https://openlibrary.org/works/OL21013269W,BROAD
openlibrary:OL19746504W,Diane Arbus,,A box of ten photographs,,2018,Aperture,,Specialist photography publisher backlist: Aperture,C,4,Work-level metadata only; verify the exact publisher edition and printing.,,,Medium,https://openlibrary.org/works/OL19746504W,BROAD
openlibrary:OL3540517W,Diane Arbus,,Diane Arbus,,1972,Aperture,,Specialist photography publisher backlist: Aperture,C,4,Work-level metadata only; verify the exact publisher edition and printing.,,,Medium,https://openlibrary.org/works/OL3540517W,BROAD
openlibrary:OL3540515W,Diane Arbus,,Magazine work,,1984,Aperture,,Specialist photography publisher backlist: Aperture,C,4,Work-level metadata only; verify the exact publisher edition and printing.,,,Medium,https://openlibrary.org/works/OL3540515W,BROAD
openlibrary:OL3540516W,Diane Arbus,,Untitled,,1995,Aperture,,Specialist photography publisher backlist: Aperture | Specialist photography publisher backlist: Thames & Hudson,C,4,Work-level metadata only; verify the exact publisher edition and printing.,,,Medium,https://openlibrary.org/works/OL3540516W,BROAD
openlibrary:OL23873896W,Diane Cook,,Aquarium,,2003,Aperture,,Specialist photography publisher backlist: Aperture,C,4,Work-level metadata only; verify the exact publisher edition and printing.,,,Medium,https://openlibrary.org/works/OL23873896W,BROAD
openlibrary:OL18468784W,Diane Dufour,Serge Toubiana | Matthieu Orléan,The image to come,,2007,Steidl,,Specialist photography publisher backlist: Steidl,C,4,Work-level metadata only; verify the exact publisher edition and printing.,,,Medium,https://openlibrary.org/works/OL18468784W,BROAD
openlibrary:OL23584748W,Diane Keaton,,Mr. Salesman,,1993,Twin Palms,,Specialist photography publisher backlist: Twin Palms,B,4,Work-level metadata only; verify the exact publisher edition and printing.,,,Medium,https://openlibrary.org/works/OL23584748W,BROAD
openlibrary:OL15572690W,Dick Arentz,,Italia,,2010,Nazraeli Press,,Specialist photography publisher backlist: Nazraeli Press,B,4,Work-level metadata only; verify the exact publisher edition and printing.,,,Medium,https://openlibrary.org/works/OL15572690W,BROAD
openlibrary:OL18718259W,Dick Arentz,,The grand tour,,1998,Nazraeli Press,,Specialist photography publisher backlist: Nazraeli Press,B,4,Work-level metadata only; verify the exact publisher edition and printing.,,,Medium,https://openlibrary.org/works/OL18718259W,BROAD
openlibrary:OL28775371W,Dimitri Balterman,Dmitri Baltermants,Photostroika,,1990,Aperture,,Specialist photography publisher backlist: Aperture,C,4,Work-level metadata only; verify the exact publisher edition and printing.,,,Medium,https://openlibrary.org/works/OL28775371W,BROAD
openlibrary:OL36448048W,Dirk Alvermann,,Dirk Alvermann,,2015,Steidl,,Specialist photography publisher backlist: Steidl,C,4,Work-level metadata only; verify the exact publisher edition and printing.,,,Medium,https://openlibrary.org/works/OL36448048W,BROAD
openlibrary:OL1741160W,Dirk Reinartz,,Deutschland durch die Bank =,,1997,Steidl,,Specialist photography publisher backlist: Steidl,C,4,Work-level metadata only; verify the exact publisher edition and printing.,,,Medium,https://openlibrary.org/works/OL1741160W,BROAD
openlibrary:OL16767552W,Dirk Reinartz,,Hamburg-St. Georg 1981,,2010,Steidl,,Specialist photography publisher backlist: Steidl,C,4,Work-level metadata only; verify the exact publisher edition and printing.,,,Medium,https://openlibrary.org/works/OL16767552W,BROAD
openlibrary:OL1741164W,Dirk Reinartz,,Totenstill,,1994,Scalo,,Specialist photography publisher backlist: Scalo | Specialist photography publisher backlist: Steidl,B,4,Work-level metadata only; verify the exact publisher edition and printing.,,,Medium,https://openlibrary.org/works/OL1741164W,BROAD
openlibrary:OL8917607W,Dolores Marat,,Labyrinth,,2002,Dewi Lewis,,Specialist photography publisher backlist: Dewi Lewis,B,4,Work-level metadata only; verify the exact publisher edition and printing.,,,Medium,https://openlibrary.org/works/OL8917607W,BROAD
openlibrary:OL17542041W,Domingo Milella,,Domingo Milella,,2012,Steidl,,Specialist photography publisher backlist: Steidl,C,4,Work-level metadata only; verify the exact publisher edition and printing.,,,Medium,https://openlibrary.org/works/OL17542041W,BROAD
openlibrary:OL36447976W,Dominique ISSERMANN,,Laetitia Casta,,2012,Steidl,,Specialist photography publisher backlist: Steidl,C,4,Work-level metadata only; verify the exact publisher edition and printing.,,,Medium,https://openlibrary.org/works/OL36447976W,BROAD
openlibrary:OL4991888W,Don Farber,,Taking refuge in L.A,,1987,Aperture,,Specialist photography publisher backlist: Aperture,C,4,Work-level metadata only; verify the exact publisher edition and printing.,,,Medium,https://openlibrary.org/works/OL4991888W,BROAD
openlibrary:OL16158570W,Don Kirby,,Grasslands,,2009,Nazraeli Press,,Specialist photography publisher backlist: Nazraeli Press,B,4,Work-level metadata only; verify the exact publisher edition and printing.,,,Medium,https://openlibrary.org/works/OL16158570W,BROAD
openlibrary:OL6061253W,Don Kirby,,Wheatcountry,,2001,Nazraeli Press,,Specialist photography publisher backlist: Nazraeli Press,B,4,Work-level metadata only; verify the exact publisher edition and printing.,,,Medium,https://openlibrary.org/works/OL6061253W,BROAD
openlibrary:OL20023121W,Don McCullin,"Evans, Harold | Susan Sontag",Don McCullin,,2012,Aperture,,Specialist photography publisher backlist: Aperture,C,4,Work-level metadata only; verify the exact publisher edition and printing.,,,Medium,https://openlibrary.org/works/OL20023121W,BROAD
openlibrary:OL3005277W,Don McCullin,,Sleeping with ghosts,,1994,Aperture,,Specialist photography publisher backlist: Aperture,C,4,Work-level metadata only; verify the exact publisher edition and printing.,,,Medium,https://openlibrary.org/works/OL3005277W,BROAD
openlibrary:OL15067011W,Donald B. Kuspit,,Albert Renger-Patzsch,,1993,Aperture,,Specialist photography publisher backlist: Aperture,C,4,Work-level metadata only; verify the exact publisher edition and printing.,,,Medium,https://openlibrary.org/works/OL15067011W,BROAD
openlibrary:OL15837933W,Donna Ferrato,,Living with the enemy,,1991,Aperture,,Specialist photography publisher backlist: Aperture,C,4,Work-level metadata only; verify the exact publisher edition and printing.,,,Medium,https://openlibrary.org/works/OL15837933W,BROAD
openlibrary:OL4135255W,Donna Ferrato,,Love & lust,,2004,Aperture,,Specialist photography publisher backlist: Aperture,C,4,Work-level metadata only; verify the exact publisher edition and printing.,,,Medium,https://openlibrary.org/works/OL4135255W,BROAD
openlibrary:OL3048984W,Donovan Wylie,,Donovan Wylie,,2007,Steidl,,Specialist photography publisher backlist: Steidl,C,4,Work-level metadata only; verify the exact publisher edition and printing.,,,Medium,https://openlibrary.org/works/OL3048984W,BROAD
openlibrary:OL17562122W,Doon Arbus,,Diane Arbus An Aperture Monograph,,2012,Aperture,,Specialist photography publisher backlist: Aperture,C,4,Work-level metadata only; verify the exact publisher edition and printing.,,,Medium,https://openlibrary.org/works/OL17562122W,BROAD
openlibrary:OL23535095W,Dorothea Lange,Sam Contis,DAY SLEEPER DOROTHEA LANGE,,2020,MACK,,Specialist photography publisher backlist: MACK,B,4,Work-level metadata only; verify the exact publisher edition and printing.,,,Medium,https://openlibrary.org/works/OL23535095W,BROAD
openlibrary:OL11981212W,Dorothea Lange,,Photographs of a lifetime,,1998,Aperture,,Specialist photography publisher backlist: Aperture,C,4,Work-level metadata only; verify the exact publisher edition and printing.,,,Medium,https://openlibrary.org/works/OL11981212W,BROAD
openlibrary:OL2857946W,Dorothy Bohm,,Breaks in communication,,2002,Steidl,,Specialist photography publisher backlist: Steidl,C,4,Work-level metadata only; verify the exact publisher edition and printing.,,,Medium,https://openlibrary.org/works/OL2857946W,BROAD
openlibrary:OL4294038W,Dorothy Norman,,"Aperture, Issue 127",,1992,Aperture,,Specialist photography publisher backlist: Aperture,C,4,Work-level metadata only; verify the exact publisher edition and printing.,,,Medium,https://openlibrary.org/works/OL4294038W,BROAD
openlibrary:OL4294039W,Dorothy Norman,,Beyond a portrait,,1984,Aperture,,Specialist photography publisher backlist: Aperture,C,4,Work-level metadata only; verify the exact publisher edition and printing.,,,Medium,https://openlibrary.org/works/OL4294039W,BROAD
openlibrary:OL25897278W,Drew Nikonowicz,Hans Gremmen | Paula Kupler,This World and Others Like It,,2019,Yoffy Press,,Specialist photography publisher backlist: Yoffy Press,B,4,Work-level metadata only; verify the exact publisher edition and printing.,,,Medium,https://openlibrary.org/works/OL25897278W,BROAD
openlibrary:OL3647570W,Duane Michals,,A visit with Magritte,,1981,Steidl,,Specialist photography publisher backlist: Steidl,C,4,Work-level metadata only; verify the exact publisher edition and printing.,,,Medium,https://openlibrary.org/works/OL3647570W,BROAD
openlibrary:OL21988723W,Duane Michals,,Duane Michals : Things Are Queer,,2020,Steidl,,Specialist photography publisher backlist: Steidl,C,4,Work-level metadata only; verify the exact publisher edition and printing.,,,Medium,https://openlibrary.org/works/OL21988723W,BROAD
openlibrary:OL3647571W,Duane Michals,,Eros & Thanatos,,1993,Twin Palms,,Specialist photography publisher backlist: Twin Palms,B,4,Work-level metadata only; verify the exact publisher edition and printing.,,,Medium,https://openlibrary.org/works/OL3647571W,BROAD
openlibrary:OL3647560W,Duane Michals,,Foto follies,,2006,Steidl,,Specialist photography publisher backlist: Steidl,C,4,Work-level metadata only; verify the exact publisher edition and printing.,,,Medium,https://openlibrary.org/works/OL3647560W,BROAD
openlibrary:OL3647561W,Duane Michals,,Foto follies: how photography lost its virginity on the way to the bank,,,Steidl,,Specialist photography publisher backlist: Steidl,C,4,Work-level metadata only; verify the exact publisher edition and printing.,,,Medium,https://openlibrary.org/works/OL3647561W,BROAD
openlibrary:OL36447153W,Duane Michals,,Photographs from the Floating World,,2013,Steidl,,Specialist photography publisher backlist: Steidl,C,4,Work-level metadata only; verify the exact publisher edition and printing.,,,Medium,https://openlibrary.org/works/OL36447153W,BROAD
openlibrary:OL3647574W,Duane Michals,,Questions without answers,,2001,Twin Palms,,Specialist photography publisher backlist: Twin Palms,B,4,Work-level metadata only; verify the exact publisher edition and printing.,,,Medium,https://openlibrary.org/works/OL3647574W,BROAD
openlibrary:OL3647575W,Duane Michals,,"Salute, Walt Whitman",,1996,Twin Palms,,Specialist photography publisher backlist: Twin Palms,B,4,Work-level metadata only; verify the exact publisher edition and printing.,,,Medium,https://openlibrary.org/works/OL3647575W,BROAD
openlibrary:OL3647554W,Duane Michals,,The Adventures of Constantine Cavafy,,2007,Twin Palms,,Specialist photography publisher backlist: Twin Palms,B,4,Work-level metadata only; verify the exact publisher edition and printing.,,,Medium,https://openlibrary.org/works/OL3647554W,BROAD
openlibrary:OL31642266W,Duncan Forbes,,AN INTERVIEW WITH LEWIS BALTZ,,2020,MACK,,Specialist photography publisher backlist: MACK,B,4,Work-level metadata only; verify the exact publisher edition and printing.,,,Medium,https://openlibrary.org/works/OL31642266W,BROAD
openlibrary:OL37890322W,Dylan Hausthor,,What the Rain Might Bring,,2024,TBW Books,,Specialist photography publisher backlist: TBW Books,B,4,Work-level metadata only; verify the exact publisher edition and printing.,,,Medium,https://openlibrary.org/works/OL37890322W,BROAD
openlibrary:OL13673201W,E. Mars,,Lilly's waist,,2005,Nazraeli Press,,Specialist photography publisher backlist: Nazraeli Press,B,4,Work-level metadata only; verify the exact publisher edition and printing.,,,Medium,https://openlibrary.org/works/OL13673201W,BROAD
openlibrary:OL21232839W,Eamonn Clarke,James Clarke,David Beckham,,2004,Dewi Lewis,,Specialist photography publisher backlist: Dewi Lewis,B,4,Work-level metadata only; verify the exact publisher edition and printing.,,,Medium,https://openlibrary.org/works/OL21232839W,BROAD
openlibrary:OL21148790W,Ed Kashi,,Ed Kashi,,2017,Steidl,,Specialist photography publisher backlist: Steidl,C,4,Work-level metadata only; verify the exact publisher edition and printing.,,,Medium,https://openlibrary.org/works/OL21148790W,BROAD
openlibrary:OL32511717W,Ed Templeton,,Contemporary suburbium,,2017,Nazraeli Press,,Specialist photography publisher backlist: Nazraeli Press,B,4,Work-level metadata only; verify the exact publisher edition and printing.,,,Medium,https://openlibrary.org/works/OL32511717W,BROAD
openlibrary:OL17394859W,Edgar Martins,,When Light Casts No Shadow,,2010,Dewi Lewis,,Specialist photography publisher backlist: Dewi Lewis,B,4,Work-level metadata only; verify the exact publisher edition and printing.,,,Medium,https://openlibrary.org/works/OL17394859W,BROAD
openlibrary:OL32674033W,Edoardo Hahn,,Landscape materials,,2015,L'Artiere,,Specialist photography publisher backlist: L'Artiere,B,4,Work-level metadata only; verify the exact publisher edition and printing.,,,Medium,https://openlibrary.org/works/OL32674033W,BROAD
openlibrary:OL32682993W,Eduardo Del Valle,,Childhood memories from the other side of the water,,2016,Nazraeli Press,,Specialist photography publisher backlist: Nazraeli Press,B,4,Work-level metadata only; verify the exact publisher edition and printing.,,,Medium,https://openlibrary.org/works/OL32682993W,BROAD
openlibrary:OL9911793W,Eduardo Del Valle,,Eduardo del Valle & Mirta Gómez,,2008,Nazraeli Press,,Specialist photography publisher backlist: Nazraeli Press,B,4,Work-level metadata only; verify the exact publisher edition and printing.,,,Medium,https://openlibrary.org/works/OL9911793W,BROAD
openlibrary:OL33324680W,Eduardo Del Valle,,En vista,,2009,Nazraeli Press,,Specialist photography publisher backlist: Nazraeli Press,B,4,Work-level metadata only; verify the exact publisher edition and printing.,,,Medium,https://openlibrary.org/works/OL33324680W,BROAD
openlibrary:OL11616823W,Eduardo del Valle,,Fried waters,,2005,Nazraeli Press,,Specialist photography publisher backlist: Nazraeli Press,B,4,Work-level metadata only; verify the exact publisher edition and printing.,,,Medium,https://openlibrary.org/works/OL11616823W,BROAD
openlibrary:OL9911794W,Eduardo Del Valle,,From the ground up,,2003,Nazraeli Press,,Specialist photography publisher backlist: Nazraeli Press,B,4,Work-level metadata only; verify the exact publisher edition and printing.,,,Medium,https://openlibrary.org/works/OL9911794W,BROAD
openlibrary:OL18688671W,Eduardo Del Valle,Tony Mendoza | Abelardo Morell,Witness number four,,2008,Nazraeli Press,,Specialist photography publisher backlist: Nazraeli Press,B,4,Work-level metadata only; verify the exact publisher edition and printing.,,,Medium,https://openlibrary.org/works/OL18688671W,BROAD
openlibrary:OL33249556W,Eduardo Meade del Valle,,Four sections of time,,2004,Nazraeli Press,,Specialist photography publisher backlist: Nazraeli Press,B,4,Work-level metadata only; verify the exact publisher edition and printing.,,,Medium,https://openlibrary.org/works/OL33249556W,BROAD
openlibrary:OL33040870W,Edward Bateman,,Mechanical brides of the uncanny,,2009,Nazraeli Press,,Specialist photography publisher backlist: Nazraeli Press,B,4,Work-level metadata only; verify the exact publisher edition and printing.,,,Medium,https://openlibrary.org/works/OL33040870W,BROAD
openlibrary:OL21188818W,Edward Burtynsky,Margaret Atwood | Jennifer Baichwal | Suzaan Boettger,Anthropocene,,2018,Steidl,,Specialist photography publisher backlist: Steidl,C,4,Work-level metadata only; verify the exact publisher edition and printing.,,,Medium,https://openlibrary.org/works/OL21188818W,BROAD
openlibrary:OL21062567W,Edward Burtynsky,Wade Davis,Burtynsky - Water,,2014,Steidl,,Specialist photography publisher backlist: Steidl,C,4,Work-level metadata only; verify the exact publisher edition and printing.,,,Medium,https://openlibrary.org/works/OL21062567W,BROAD
openlibrary:OL12362566W,Edward Burtynsky,Edward Burtynsky | Ted Fishman,China,,2005,Steidl,,Specialist photography publisher backlist: Steidl,C,4,Work-level metadata only; verify the exact publisher edition and printing.,,,Medium,https://openlibrary.org/works/OL12362566W,BROAD
openlibrary:OL20244703W,Edward Burtynsky,William A. Ewing,Edward Burtynsky,,2016,Steidl,,Specialist photography publisher backlist: Steidl,C,4,Work-level metadata only; verify the exact publisher edition and printing.,,,Medium,https://openlibrary.org/works/OL20244703W,BROAD
openlibrary:OL17442859W,Edward Burtynsky,,Stormbelt,,2013,Dewi Lewis,,Specialist photography publisher backlist: Dewi Lewis,B,4,Work-level metadata only; verify the exact publisher edition and printing.,,,Medium,https://openlibrary.org/works/OL17442859W,BROAD
openlibrary:OL9512959W,Edward Munch,,Surface and Illusion,,1997,Aperture,,Specialist photography publisher backlist: Aperture,C,4,Work-level metadata only; verify the exact publisher edition and printing.,,,Medium,https://openlibrary.org/works/OL9512959W,BROAD
openlibrary:OL2235535W,Edward Quinn,,"Edward Quinn Fotograf, Nizza",,1994,Scalo,,Specialist photography publisher backlist: Scalo,B,4,Work-level metadata only; verify the exact publisher edition and printing.,,,Medium,https://openlibrary.org/works/OL2235535W,BROAD
openlibrary:OL4557914W,Edward Ruscha,,Then & now,,2005,Steidl,,Specialist photography publisher backlist: Steidl,C,4,Work-level metadata only; verify the exact publisher edition and printing.,,,Medium,https://openlibrary.org/works/OL4557914W,BROAD
openlibrary:OL2948538W,Edward S. Curtis,,The North American Indians,,1972,Aperture,,Specialist photography publisher backlist: Aperture,C,4,Work-level metadata only; verify the exact publisher edition and printing.,,,Medium,https://openlibrary.org/works/OL2948538W,BROAD
openlibrary:OL2948519W,Edward S. Curtis,,The North American Indians: a selection of photographs by Edward S. Curtis,,1972,Aperture,,Specialist photography publisher backlist: Aperture,C,4,Work-level metadata only; verify the exact publisher edition and printing.,,,Medium,https://openlibrary.org/works/OL2948519W,BROAD
openlibrary:OL120422W,Edward Steichen,,Edward Steichen,,1978,Aperture,,Specialist photography publisher backlist: Aperture | Specialist photography publisher backlist: Thames & Hudson,C,4,Work-level metadata only; verify the exact publisher edition and printing.,,,Medium,https://openlibrary.org/works/OL120422W,BROAD
openlibrary:OL16590239W,Edward Steichen,,"Edward Steichen, celebrity design",,2010,Steidl,,Specialist photography publisher backlist: Steidl,C,4,Work-level metadata only; verify the exact publisher edition and printing.,,,Medium,https://openlibrary.org/works/OL16590239W,BROAD
openlibrary:OL784104W,Edward Weston,,Daybooks,,1961,Aperture,,Specialist photography publisher backlist: Aperture,C,4,Work-level metadata only; verify the exact publisher edition and printing.,,,Medium,https://openlibrary.org/works/OL784104W,BROAD
openlibrary:OL784133W,Edward Weston,Susan Morgan | Cole Weston,Edward Weston,,1932,Aperture,,Specialist photography publisher backlist: Aperture,C,4,Work-level metadata only; verify the exact publisher edition and printing.,,,Medium,https://openlibrary.org/works/OL784133W,BROAD
openlibrary:OL8341434W,Edward Weston,,Edward Weston (Aperture Masters of Photography),,2005,Aperture,,Specialist photography publisher backlist: Aperture,C,4,Work-level metadata only; verify the exact publisher edition and printing.,,,Medium,https://openlibrary.org/works/OL8341434W,BROAD
openlibrary:OL784107W,Edward Weston,,Edward Weston: fifty years,,1973,Aperture,,Specialist photography publisher backlist: Aperture,C,4,Work-level metadata only; verify the exact publisher edition and printing.,,,Medium,https://openlibrary.org/works/OL784107W,BROAD
openlibrary:OL784108W,Edward Weston,,"Edward Weston, his life and photographs",,1979,Aperture,,Specialist photography publisher backlist: Aperture,C,4,Work-level metadata only; verify the exact publisher edition and printing.,,,Medium,https://openlibrary.org/works/OL784108W,BROAD
openlibrary:OL8341437W,Edward Weston,,Edward Weston Nude Floating,,2008,Aperture,,Specialist photography publisher backlist: Aperture,C,4,Work-level metadata only; verify the exact publisher edition and printing.,,,Medium,https://openlibrary.org/works/OL8341437W,BROAD
openlibrary:OL784124W,Edward Weston,Charis Wilson | Jessica Stockholder,Edward Weston nudes,,1977,Aperture,,Specialist photography publisher backlist: Aperture,C,4,Work-level metadata only; verify the exact publisher edition and printing.,,,Medium,https://openlibrary.org/works/OL784124W,BROAD
openlibrary:OL784113W,Edward Weston,Nancy Newhall | Sarah M. Lowe | Dody Weston Thompson,Edward Weston - the flame of recognition,,1965,Aperture,,Specialist photography publisher backlist: Aperture,C,4,Work-level metadata only; verify the exact publisher edition and printing.,,,Medium,https://openlibrary.org/works/OL784113W,BROAD
openlibrary:OL19635089W,Edward Weston,,Nudes,,1978,Aperture,,Specialist photography publisher backlist: Aperture,C,4,Work-level metadata only; verify the exact publisher edition and printing.,,,Medium,https://openlibrary.org/works/OL19635089W,BROAD
openlibrary:OL784120W,Edward Weston,,Portraits,,1995,Aperture,,Specialist photography publisher backlist: Aperture,C,4,Work-level metadata only; verify the exact publisher edition and printing.,,,Medium,https://openlibrary.org/works/OL784120W,BROAD
openlibrary:OL16494692W,Eiji Ina,,Emperor of Japan,,2008,Nazraeli Press,,Specialist photography publisher backlist: Nazraeli Press,B,4,Work-level metadata only; verify the exact publisher edition and printing.,,,Medium,https://openlibrary.org/works/OL16494692W,BROAD
openlibrary:OL8625588W,Eikō Hosoe,,Aperture: Black Sun,,1987,Aperture,,Specialist photography publisher backlist: Aperture,C,4,Work-level metadata only; verify the exact publisher edition and printing.,,,Medium,https://openlibrary.org/works/OL8625588W,BROAD
openlibrary:OL3650605W,Eikō Hosoe,,Barakei =,,1984,Aperture,,Specialist photography publisher backlist: Aperture,C,4,Work-level metadata only; verify the exact publisher edition and printing.,,,Medium,https://openlibrary.org/works/OL3650605W,BROAD
openlibrary:OL8625589W,Eikō Hosoe,,Eikoh Hosoe,,1994,Aperture,,Specialist photography publisher backlist: Aperture,C,4,Work-level metadata only; verify the exact publisher edition and printing.,,,Medium,https://openlibrary.org/works/OL8625589W,BROAD
openlibrary:OL8216198W,Eileen Cowin,,Eileen Cowin,,1987,Aperture,,Specialist photography publisher backlist: Aperture,C,4,Work-level metadata only; verify the exact publisher edition and printing.,,,Medium,https://openlibrary.org/works/OL8216198W,BROAD
openlibrary:OL13596087W,Eirik Johnson,,Borderlands,,2005,Twin Palms,,Specialist photography publisher backlist: Twin Palms,B,4,Work-level metadata only; verify the exact publisher edition and printing.,,,Medium,https://openlibrary.org/works/OL13596087W,BROAD
openlibrary:OL17379434W,Eirik Johnson,,Sawdust Mountain,,2009,Aperture,,Specialist photography publisher backlist: Aperture,C,4,Work-level metadata only; verify the exact publisher edition and printing.,,,Medium,https://openlibrary.org/works/OL17379434W,BROAD
openlibrary:OL6017441W,Elena Dorfman,,Fandomania,,2007,Aperture,,Specialist photography publisher backlist: Aperture | Specialist photography publisher backlist: Thames & Hudson,C,4,Work-level metadata only; verify the exact publisher edition and printing.,,,Medium,https://openlibrary.org/works/OL6017441W,BROAD
openlibrary:OL8917573W,Eleni Leoussi,,Rehearsal,,1999,Dewi Lewis,,Specialist photography publisher backlist: Dewi Lewis,B,4,Work-level metadata only; verify the exact publisher edition and printing.,,,Medium,https://openlibrary.org/works/OL8917573W,BROAD
openlibrary:OL25889689W,Elinor Carucci,,Caress,,2019,Yoffy Press,,Specialist photography publisher backlist: Yoffy Press,B,4,Work-level metadata only; verify the exact publisher edition and printing.,,,Medium,https://openlibrary.org/works/OL25889689W,BROAD
openlibrary:OL22426300W,Elisabeth Sunday,,Grace,,2012,Nazraeli Press,,Specialist photography publisher backlist: Nazraeli Press,B,4,Work-level metadata only; verify the exact publisher edition and printing.,,,Medium,https://openlibrary.org/works/OL22426300W,BROAD
openlibrary:OL2914957W,Elisabeth Sussman,,Nan Goldin,,1996,Scalo,,Specialist photography publisher backlist: Scalo,B,4,Work-level metadata only; verify the exact publisher edition and printing.,,,Medium,https://openlibrary.org/works/OL2914957W,BROAD
openlibrary:OL4650645W,Elizabeth Heyert,,Elizabeth Heyert,,2006,Scalo,,Specialist photography publisher backlist: Scalo,B,4,Work-level metadata only; verify the exact publisher edition and printing.,,,Medium,https://openlibrary.org/works/OL4650645W,BROAD
openlibrary:OL4650648W,Elizabeth Heyert,,The travelers,,2006,Scalo,,Specialist photography publisher backlist: Scalo,B,4,Work-level metadata only; verify the exact publisher edition and printing.,,,Medium,https://openlibrary.org/works/OL4650648W,BROAD
openlibrary:OL23713089W,Elizabeth Janus,,Die Rache der Veronika,,1998,Scalo,,Specialist photography publisher backlist: Scalo,B,4,Work-level metadata only; verify the exact publisher edition and printing.,,,Medium,https://openlibrary.org/works/OL23713089W,BROAD
openlibrary:OL25958997W,Elizabeth Mack,,Art in a Lockdown,,2021,MACK,,Specialist photography publisher backlist: MACK,B,4,Work-level metadata only; verify the exact publisher edition and printing.,,,Medium,https://openlibrary.org/works/OL25958997W,BROAD
openlibrary:OL5754274W,Ellen Von Unwerth,,Revenge,,2003,Twin Palms,,Specialist photography publisher backlist: Twin Palms,B,4,Work-level metadata only; verify the exact publisher edition and printing.,,,Medium,https://openlibrary.org/works/OL5754274W,BROAD
openlibrary:OL34315525W,Ellen Von Unwerth,Ingrid Sischy,Snaps,,1994,Twin Palms,,Specialist photography publisher backlist: Twin Palms,B,4,Work-level metadata only; verify the exact publisher edition and printing.,,,Medium,https://openlibrary.org/works/OL34315525W,BROAD
openlibrary:OL25903180W,Elliot Erwitt,,"Found, Not Lost",,2021,GOST,,Specialist photography publisher backlist: GOST,B,4,Work-level metadata only; verify the exact publisher edition and printing.,,,Medium,https://openlibrary.org/works/OL25903180W,BROAD
openlibrary:OL21313314W,Elliott Erwitt,,Pittsburgh,,2017,GOST,,Specialist photography publisher backlist: GOST,B,4,Work-level metadata only; verify the exact publisher edition and printing.,,,Medium,https://openlibrary.org/works/OL21313314W,BROAD
openlibrary:OL700354W,Elliott Erwitt,,To the dogs,,1992,Scalo,,Specialist photography publisher backlist: Scalo,B,4,Work-level metadata only; verify the exact publisher edition and printing.,,,Medium,https://openlibrary.org/works/OL700354W,BROAD
openlibrary:OL13596269W,Emi Anrakuji,,Anrakuji,,2006,Nazraeli Press,,Specialist photography publisher backlist: Nazraeli Press,B,4,Work-level metadata only; verify the exact publisher edition and printing.,,,Medium,https://openlibrary.org/works/OL13596269W,BROAD
openlibrary:OL13596270W,Emi Anrakuji,,IPY,,2008,Nazraeli Press,,Specialist photography publisher backlist: Nazraeli Press,B,4,Work-level metadata only; verify the exact publisher edition and printing.,,,Medium,https://openlibrary.org/works/OL13596270W,BROAD
openlibrary:OL39128763W,Emin Özmen,Piotr Zalewski | Cloé Kerhoas,Olay,,2023,MACK,,Specialist photography publisher backlist: MACK,B,4,Work-level metadata only; verify the exact publisher edition and printing.,,,Medium,https://openlibrary.org/works/OL39128763W,BROAD
openlibrary:OL32138108W,Emma Vitti,,ImFlusse,,2021,L'Artiere,,Specialist photography publisher backlist: L'Artiere,B,4,Work-level metadata only; verify the exact publisher edition and printing.,,,Medium,https://openlibrary.org/works/OL32138108W,BROAD
openlibrary:OL25632291W,Emmanuelle Andrianjafy,,Nothing's in Vain,,2017,MACK,,Specialist photography publisher backlist: MACK,B,4,Work-level metadata only; verify the exact publisher edition and printing.,,,Medium,https://openlibrary.org/works/OL25632291W,BROAD
openlibrary:OL29246701W,Emmet Gowin,,Emmet Gowin,,2009,Steidl,,Specialist photography publisher backlist: Steidl,C,4,Work-level metadata only; verify the exact publisher edition and printing.,,,Medium,https://openlibrary.org/works/OL29246701W,BROAD
openlibrary:OL17476641W,Enrique Metinides,,101 Tragedies Of Enrique Metinides,,2012,Aperture,,Specialist photography publisher backlist: Aperture,C,4,Work-level metadata only; verify the exact publisher edition and printing.,,,Medium,https://openlibrary.org/works/OL17476641W,BROAD
openlibrary:OL32839461W,Eric Bachmann,Peter Hartmann | Eugen Sorg,"Muhammad Ali, Zürich, 26.12.1971",,2014,Edition Patrick Frey,,Specialist photography publisher backlist: Edition Patrick Frey,B,4,Work-level metadata only; verify the exact publisher edition and printing.,,,Medium,https://openlibrary.org/works/OL32839461W,BROAD
openlibrary:OL27955327W,Eric J. Zetterquist,,Object Portraits,,2017,Nazraeli Press,,Specialist photography publisher backlist: Nazraeli Press,B,4,Work-level metadata only; verify the exact publisher edition and printing.,,,Medium,https://openlibrary.org/works/OL27955327W,BROAD
openlibrary:OL44843965W,Eric Lawton,,Event horizon,,2018,Nazraeli Press,,Specialist photography publisher backlist: Nazraeli Press,B,4,Work-level metadata only; verify the exact publisher edition and printing.,,,Medium,https://openlibrary.org/works/OL44843965W,BROAD
openlibrary:OL22575798W,Eric Oglander,,Mirrors,,2016,TBW Books,,Specialist photography publisher backlist: TBW Books,B,4,Work-level metadata only; verify the exact publisher edition and printing.,,,Medium,https://openlibrary.org/works/OL22575798W,BROAD
openlibrary:OL3465390W,Éric Valli,Diane Summers,Dolpo,,1987,Aperture,,Specialist photography publisher backlist: Aperture,C,4,Work-level metadata only; verify the exact publisher edition and printing.,,,Medium,https://openlibrary.org/works/OL3465390W,BROAD
openlibrary:OL2851828W,Erich Salomon,,Erich Salomon,,1978,Aperture,,Specialist photography publisher backlist: Aperture,C,4,Work-level metadata only; verify the exact publisher edition and printing.,,,Medium,https://openlibrary.org/works/OL2851828W,BROAD
openlibrary:OL1433645W,Erich Stenger,,Photographie in Kultur und Technik,,1939,MACK,,Specialist photography publisher backlist: MACK,B,4,Work-level metadata only; verify the exact publisher edition and printing.,,,Medium,https://openlibrary.org/works/OL1433645W,BROAD
openlibrary:OL32332110W,Erik Kessels,,Read naked,,2019,Skinnerboox,,Specialist photography publisher backlist: Skinnerboox,B,4,Work-level metadata only; verify the exact publisher edition and printing.,,,Medium,https://openlibrary.org/works/OL32332110W,BROAD
openlibrary:OL24152522W,Erin O'Toole,,April Dawn Alison,,2019,MACK,,Specialist photography publisher backlist: MACK,B,4,Work-level metadata only; verify the exact publisher edition and printing.,,,Medium,https://openlibrary.org/works/OL24152522W,BROAD
openlibrary:OL17376483W,Erin O'Toole,,Doug Rickard A New American Picture,,2012,Aperture,,Specialist photography publisher backlist: Aperture,C,4,Work-level metadata only; verify the exact publisher edition and printing.,,,Medium,https://openlibrary.org/works/OL17376483W,BROAD
openlibrary:OL32071815W,Erin O'Toole,,Thought pieces,,2020,MACK,,Specialist photography publisher backlist: MACK,B,4,Work-level metadata only; verify the exact publisher edition and printing.,,,Medium,https://openlibrary.org/works/OL32071815W,BROAD
openlibrary:OL15915749W,Ernest Cole,,Ernest Cole,,2010,Steidl,,Specialist photography publisher backlist: Steidl,C,4,Work-level metadata only; verify the exact publisher edition and printing.,,,Medium,https://openlibrary.org/works/OL15915749W,BROAD
openlibrary:OL4232467W,Ernestine Ruben,,Er nestine Ruben; Ruben on Rodin,,2000,Nazraeli Press,,Specialist photography publisher backlist: Nazraeli Press,B,4,Work-level metadata only; verify the exact publisher edition and printing.,,,Medium,https://openlibrary.org/works/OL4232467W,BROAD
openlibrary:OL16606190W,Ernst Haas,,Ernst Haas,,2011,Steidl,,Specialist photography publisher backlist: Steidl,C,4,Work-level metadata only; verify the exact publisher edition and printing.,,,Medium,https://openlibrary.org/works/OL16606190W,BROAD
openlibrary:OL813647W,Ernst Ludwig Kirchner,Wolfgang Henze | Jill Lloyd | Roland Scotti,Ernst Ludwig Kirchner,,1960,Steidl,,Specialist photography publisher backlist: Steidl,C,4,Work-level metadata only; verify the exact publisher edition and printing.,,,Medium,https://openlibrary.org/works/OL813647W,BROAD
openlibrary:OL4834175W,Erwin Olaf,,Erwin Olaf,,1995,Aperture,,Specialist photography publisher backlist: Aperture,C,4,Work-level metadata only; verify the exact publisher edition and printing.,,,Medium,https://openlibrary.org/works/OL4834175W,BROAD
openlibrary:OL24820582W,Esalen Institute,,Cultures in transition,,1990,Aperture,,Specialist photography publisher backlist: Aperture,C,4,Work-level metadata only; verify the exact publisher edition and printing.,,,Medium,https://openlibrary.org/works/OL24820582W,BROAD
openlibrary:OL16082151W,Espen Rasmussen,,Transit,,2011,Dewi Lewis,,Specialist photography publisher backlist: Dewi Lewis,B,4,Work-level metadata only; verify the exact publisher edition and printing.,,,Medium,https://openlibrary.org/works/OL16082151W,BROAD
openlibrary:OL4660112W,Estelle Jussim,,The eternal moment,,1989,Aperture,,Specialist photography publisher backlist: Aperture,C,4,Work-level metadata only; verify the exact publisher edition and printing.,,,Medium,https://openlibrary.org/works/OL4660112W,BROAD
openlibrary:OL9052796W,Esther Haase,,Sexy Book,,2006,Scalo,,Specialist photography publisher backlist: Scalo,B,4,Work-level metadata only; verify the exact publisher edition and printing.,,,Medium,https://openlibrary.org/works/OL9052796W,BROAD
openlibrary:OL26195646W,Esther Ruelfs,,Annelise Kretschmer,,2003,Steidl,,Specialist photography publisher backlist: Steidl,C,4,Work-level metadata only; verify the exact publisher edition and printing.,,,Medium,https://openlibrary.org/works/OL26195646W,BROAD
openlibrary:OL21148787W,Esther Ruelfs,Sabine Schulze,ReVision,,2017,Steidl,,Specialist photography publisher backlist: Steidl,C,4,Work-level metadata only; verify the exact publisher edition and printing.,,,Medium,https://openlibrary.org/works/OL21148787W,BROAD
openlibrary:OL21198043W,Ethan James Green,Hari Nef | Michael Schulman - undifferentiated,Ethan James Green : Young New York,,2019,Aperture,,Specialist photography publisher backlist: Aperture,C,4,Work-level metadata only; verify the exact publisher edition and printing.,,,Medium,https://openlibrary.org/works/OL21198043W,BROAD
openlibrary:OL9594978W,Eugaene Atget,,Eugene Atget (Aperture History of Photography Series; 14),,1980,Aperture,,Specialist photography publisher backlist: Aperture,C,4,Work-level metadata only; verify the exact publisher edition and printing.,,,Medium,https://openlibrary.org/works/OL9594978W,BROAD
openlibrary:OL11273509W,Eugène Atget,,Eugène Atget,,1980,Aperture,,Specialist photography publisher backlist: Aperture,C,4,Work-level metadata only; verify the exact publisher edition and printing.,,,Medium,https://openlibrary.org/works/OL11273509W,BROAD
openlibrary:OL3537341W,Eugene Richards,,Americans we,,1994,Aperture,,Specialist photography publisher backlist: Aperture,C,4,Work-level metadata only; verify the exact publisher edition and printing.,,,Medium,https://openlibrary.org/works/OL3537341W,BROAD
openlibrary:OL18478239W,Eugenia Parry Janis,Eugenia Parry | Alphonse Bertillon,Crime album stories,,2000,Scalo,,Specialist photography publisher backlist: Scalo,B,4,Work-level metadata only; verify the exact publisher edition and printing.,,,Medium,https://openlibrary.org/works/OL18478239W,BROAD
openlibrary:OL26564063W,Eugenie Shinkle,,Fashion Photography,,2017,Aperture,,Specialist photography publisher backlist: Aperture,C,4,Work-level metadata only; verify the exact publisher edition and printing.,,,Medium,https://openlibrary.org/works/OL26564063W,BROAD
openlibrary:OL26595253W,Eva Lipman,Ken Graves,Restraint and Desire,,2021,TBW Books,,Specialist photography publisher backlist: TBW Books,B,4,Work-level metadata only; verify the exact publisher edition and printing.,,,Medium,https://openlibrary.org/works/OL26595253W,BROAD
openlibrary:OL8625713W,Evan H. Turner,,Ray K. Metzker,,2000,Aperture,,Specialist photography publisher backlist: Aperture,C,4,Work-level metadata only; verify the exact publisher edition and printing.,,,Medium,https://openlibrary.org/works/OL8625713W,BROAD
openlibrary:OL20509928W,Evelyn Hofer,,Evelyn Hofer,,2015,Steidl,,Specialist photography publisher backlist: Steidl,C,4,Work-level metadata only; verify the exact publisher edition and printing.,,,Medium,https://openlibrary.org/works/OL20509928W,BROAD
openlibrary:OL878631W,Evgeniĭ Khaldeĭ,Alexander Nakhimovsky | Alice Nakhimovsky,Witness to history,,1997,Aperture,,Specialist photography publisher backlist: Aperture,C,4,Work-level metadata only; verify the exact publisher edition and printing.,,,Medium,https://openlibrary.org/works/OL878631W,BROAD
openlibrary:OL32518348W,Ezio D'Agostino,,Neos,,2019,Skinnerboox,,Specialist photography publisher backlist: Skinnerboox,B,4,Work-level metadata only; verify the exact publisher edition and printing.,,,Medium,https://openlibrary.org/works/OL32518348W,BROAD
openlibrary:OL9042359W,Ezra Petronio,,Bold & beautiful,,2005,Steidl,,Specialist photography publisher backlist: Steidl,C,4,Work-level metadata only; verify the exact publisher edition and printing.,,,Medium,https://openlibrary.org/works/OL9042359W,BROAD
openlibrary:OL6017838W,F. Holland Day,,F. Holland Day,,1995,Twin Palms,,Specialist photography publisher backlist: Twin Palms,B,4,Work-level metadata only; verify the exact publisher edition and printing.,,,Medium,https://openlibrary.org/works/OL6017838W,BROAD
openlibrary:OL18382849W,Fabien Ouaki,,50 x 50,,1998,Steidl,,Specialist photography publisher backlist: Steidl,C,4,Work-level metadata only; verify the exact publisher edition and printing.,,,Medium,https://openlibrary.org/works/OL18382849W,BROAD
openlibrary:OL18553732W,Fay Godwin,Simon Armitage | Roger Taylor,Landmarks,,2002,Dewi Lewis,,Specialist photography publisher backlist: Dewi Lewis,B,4,Work-level metadata only; verify the exact publisher edition and printing.,,,Medium,https://openlibrary.org/works/OL18553732W,BROAD
openlibrary:OL21088399W,Fazal Sheik,Eduardo Cadava | Liz Jobey,Erasure,,2015,Steidl,,Specialist photography publisher backlist: Steidl,C,4,Work-level metadata only; verify the exact publisher edition and printing.,,,Medium,https://openlibrary.org/works/OL21088399W,BROAD
openlibrary:OL869223W,Fazal Sheikh,,A Sense of a Common Ground,,1995,Scalo,,Specialist photography publisher backlist: Scalo,B,4,Work-level metadata only; verify the exact publisher edition and printing.,,,Medium,https://openlibrary.org/works/OL869223W,BROAD
openlibrary:OL869226W,Fazal Sheikh,,A sense of common ground,,1993,Scalo,,Specialist photography publisher backlist: Scalo,B,4,Work-level metadata only; verify the exact publisher edition and printing.,,,Medium,https://openlibrary.org/works/OL869226W,BROAD
openlibrary:OL21019379W,Fazal Sheikh,,Circle,,2008,Steidl,,Specialist photography publisher backlist: Steidl,C,4,Work-level metadata only; verify the exact publisher edition and printing.,,,Medium,https://openlibrary.org/works/OL21019379W,BROAD
openlibrary:OL869225W,Fazal Sheikh,,Fazal Sheikh,,2005,Steidl,,Specialist photography publisher backlist: Steidl,C,4,Work-level metadata only; verify the exact publisher edition and printing.,,,Medium,https://openlibrary.org/works/OL869225W,BROAD
openlibrary:OL869224W,Fazal Sheikh,,The victor weeps,,1998,Scalo,,Specialist photography publisher backlist: Scalo,B,4,Work-level metadata only; verify the exact publisher edition and printing.,,,Medium,https://openlibrary.org/works/OL869224W,BROAD
openlibrary:OL32611569W,Federico Clavarino,,Hereafter,,2019,Skinnerboox,,Specialist photography publisher backlist: Skinnerboox,B,4,Work-level metadata only; verify the exact publisher edition and printing.,,,Medium,https://openlibrary.org/works/OL32611569W,BROAD
openlibrary:OL23946176W,Fee Schlapper,,Fee Schlapper,,2004,Steidl,,Specialist photography publisher backlist: Steidl,C,4,Work-level metadata only; verify the exact publisher edition and printing.,,,Medium,https://openlibrary.org/works/OL23946176W,BROAD
openlibrary:OL643521W,Flor Garduño,,Testigos del tiempo,,1992,Aperture,,Specialist photography publisher backlist: Aperture,C,4,Work-level metadata only; verify the exact publisher edition and printing.,,,Medium,https://openlibrary.org/works/OL643521W,BROAD
openlibrary:OL28775399W,Flor Garduno,Flor Garduo,Witnesses of Time,,2001,Aperture,,Specialist photography publisher backlist: Aperture,C,4,Work-level metadata only; verify the exact publisher edition and printing.,,,Medium,https://openlibrary.org/works/OL28775399W,BROAD
openlibrary:OL32821790W,Florian Ebner,Duncan Forbes | Daniela Janser | Kathrin Schönegg,Manifeste!,,2014,Steidl,,Specialist photography publisher backlist: Steidl,C,4,Work-level metadata only; verify the exact publisher edition and printing.,,,Medium,https://openlibrary.org/works/OL32821790W,BROAD
openlibrary:OL45024995W,Florian Ebner,Helmar Lerski | Museum Folkwang Essen. Fotografische Sammlung,Metamorphosen des Gesichts,,2002,Steidl,,Specialist photography publisher backlist: Steidl,C,4,Work-level metadata only; verify the exact publisher edition and printing.,,,Medium,https://openlibrary.org/works/OL45024995W,BROAD
openlibrary:OL32611580W,Fontanesi,,Fontanesi,,2019,Skinnerboox,,Specialist photography publisher backlist: Skinnerboox,B,4,Work-level metadata only; verify the exact publisher edition and printing.,,,Medium,https://openlibrary.org/works/OL32611580W,BROAD
openlibrary:OL22611553W,Fouad Elkoury,,Be-longing,,2011,Steidl,,Specialist photography publisher backlist: Steidl,C,4,Work-level metadata only; verify the exact publisher edition and printing.,,,Medium,https://openlibrary.org/works/OL22611553W,BROAD
openlibrary:OL11633107W,Francesca Danieli,,Gamma knife,,2005,Nazraeli Press,,Specialist photography publisher backlist: Nazraeli Press,B,4,Work-level metadata only; verify the exact publisher edition and printing.,,,Medium,https://openlibrary.org/works/OL11633107W,BROAD
openlibrary:OL2185442W,Francesca Woodman,Harm Lux | Philip Ursprung | Hans J. Rindisbacher,Francesca Woodman,,1986,Scalo,,Specialist photography publisher backlist: Scalo,B,4,Work-level metadata only; verify the exact publisher edition and printing.,,,Medium,https://openlibrary.org/works/OL2185442W,BROAD
openlibrary:OL27092710W,Francine Fleischer,,Francine Fleischer - the Water in Between,,2021,Steidl,,Specialist photography publisher backlist: Steidl,C,4,Work-level metadata only; verify the exact publisher edition and printing.,,,Medium,https://openlibrary.org/works/OL27092710W,BROAD
openlibrary:OL17481591W,Francois Cheval,,Erwin Blumenfeld Blumenfeld Studio Color New York 19411960,,2013,Steidl,,Specialist photography publisher backlist: Steidl,C,4,Work-level metadata only; verify the exact publisher edition and printing.,,,Medium,https://openlibrary.org/works/OL17481591W,BROAD
openlibrary:OL18871168W,François-Marie Banier,,Andy Warhol,,2004,Steidl,,Specialist photography publisher backlist: Steidl,C,4,Work-level metadata only; verify the exact publisher edition and printing.,,,Medium,https://openlibrary.org/works/OL18871168W,BROAD
openlibrary:OL22422517W,François-Marie Banier,,Brioche lait pot poire,,2010,Steidl,,Specialist photography publisher backlist: Steidl,C,4,Work-level metadata only; verify the exact publisher edition and printing.,,,Medium,https://openlibrary.org/works/OL22422517W,BROAD
openlibrary:OL36446525W,Francois-Marie Banier,,Changer de Corps,,2013,Steidl,,Specialist photography publisher backlist: Steidl,C,4,Work-level metadata only; verify the exact publisher edition and printing.,,,Medium,https://openlibrary.org/works/OL36446525W,BROAD
openlibrary:OL36447402W,Francois-Marie Banier,,Changer de Vie,,2013,Steidl,,Specialist photography publisher backlist: Steidl,C,4,Work-level metadata only; verify the exact publisher edition and printing.,,,Medium,https://openlibrary.org/works/OL36447402W,BROAD
openlibrary:OL22781314W,François-Marie Banier,,Comme des étoiles,,2011,Steidl,,Specialist photography publisher backlist: Steidl,C,4,Work-level metadata only; verify the exact publisher edition and printing.,,,Medium,https://openlibrary.org/works/OL22781314W,BROAD
openlibrary:OL8971411W,François-Marie Banier,,François-Marie Banier,,2000,Steidl,,Specialist photography publisher backlist: Steidl,C,4,Work-level metadata only; verify the exact publisher edition and printing.,,,Medium,https://openlibrary.org/works/OL8971411W,BROAD
openlibrary:OL19099025W,François Marie Banier,,François-Marie Banier: Vive la Vie,,2009,Steidl,,Specialist photography publisher backlist: Steidl,C,4,Work-level metadata only; verify the exact publisher edition and printing.,,,Medium,https://openlibrary.org/works/OL19099025W,BROAD
openlibrary:OL33048062W,François-Marie Banier,,Grandes Chaleurs,,2009,Steidl,,Specialist photography publisher backlist: Steidl,C,4,Work-level metadata only; verify the exact publisher edition and printing.,,,Medium,https://openlibrary.org/works/OL33048062W,BROAD
openlibrary:OL33071440W,François-Marie Banier,,I missed you,,2009,Steidl,,Specialist photography publisher backlist: Steidl,C,4,Work-level metadata only; verify the exact publisher edition and printing.,,,Medium,https://openlibrary.org/works/OL33071440W,BROAD
openlibrary:OL25046985W,François Marie Banier,Jan Hoet,Imprudences,,2015,Steidl,,Specialist photography publisher backlist: Steidl,C,4,Work-level metadata only; verify the exact publisher edition and printing.,,,Medium,https://openlibrary.org/works/OL25046985W,BROAD
openlibrary:OL25033594W,François-Marie Banier,,Never Stop Dancing,,2015,Steidl,,Specialist photography publisher backlist: Steidl,C,4,Work-level metadata only; verify the exact publisher edition and printing.,,,Medium,https://openlibrary.org/works/OL25033594W,BROAD
openlibrary:OL22781315W,François-Marie Banier,,Poaime,,2011,Steidl,,Specialist photography publisher backlist: Steidl,C,4,Work-level metadata only; verify the exact publisher edition and printing.,,,Medium,https://openlibrary.org/works/OL22781315W,BROAD
openlibrary:OL2842550W,"François, Michel",,La plante en nous =,,2000,Steidl,,Specialist photography publisher backlist: Steidl,C,4,Work-level metadata only; verify the exact publisher edition and printing.,,,Medium,https://openlibrary.org/works/OL2842550W,BROAD
openlibrary:OL33105483W,Francois-Paul Journe,Stephen Forsey | Antoine Simonin,Movement,,2007,Steidl,,Specialist photography publisher backlist: Steidl,C,4,Work-level metadata only; verify the exact publisher edition and printing.,,,Medium,https://openlibrary.org/works/OL33105483W,BROAD
openlibrary:OL33077868W,Frank-Heinrich Müller,,East,,2009,Steidl,,Specialist photography publisher backlist: Steidl,C,4,Work-level metadata only; verify the exact publisher edition and printing.,,,Medium,https://openlibrary.org/works/OL33077868W,BROAD
openlibrary:OL1809202W,Frank Horvat,,1999,,2000,Dewi Lewis,,Specialist photography publisher backlist: Dewi Lewis,B,4,Work-level metadata only; verify the exact publisher edition and printing.,,,Medium,https://openlibrary.org/works/OL1809202W,BROAD
openlibrary:OL1809213W,Frank Horvat,,Frank Horvat,,1989,Dewi Lewis,,Specialist photography publisher backlist: Dewi Lewis,B,4,Work-level metadata only; verify the exact publisher edition and printing.,,,Medium,https://openlibrary.org/works/OL1809213W,BROAD
openlibrary:OL1809211W,Frank Horvat,,Very similar,,1999,Dewi Lewis,,Specialist photography publisher backlist: Dewi Lewis,B,4,Work-level metadata only; verify the exact publisher edition and printing.,,,Medium,https://openlibrary.org/works/OL1809211W,BROAD
openlibrary:OL6167792W,Frank Meadow Sutcliffe,,Frank Meadow Sutcliffe,,1979,Aperture,,Specialist photography publisher backlist: Aperture,C,4,Work-level metadata only; verify the exact publisher edition and printing.,,,Medium,https://openlibrary.org/works/OL6167792W,BROAD
openlibrary:OL32224263W,"Fraser, Peter",,A city in the mind,,2012,Steidl,,Specialist photography publisher backlist: Steidl,C,4,Work-level metadata only; verify the exact publisher edition and printing.,,,Medium,https://openlibrary.org/works/OL32224263W,BROAD
openlibrary:OL7971325W,Fred Mayer,,The Forgotten Peoples of Siberia,,1994,Scalo,,Specialist photography publisher backlist: Scalo,B,4,Work-level metadata only; verify the exact publisher edition and printing.,,,Medium,https://openlibrary.org/works/OL7971325W,BROAD
openlibrary:OL17582363W,Fred Ritchin,,Bending The Frame Photojournalism Documentary And The Citizen,,2013,Aperture,,Specialist photography publisher backlist: Aperture,C,4,Work-level metadata only; verify the exact publisher edition and printing.,,,Medium,https://openlibrary.org/works/OL17582363W,BROAD
openlibrary:OL64913W,Fred Ritchin,,In our own image,,1990,Aperture,,Specialist photography publisher backlist: Aperture,C,4,Work-level metadata only; verify the exact publisher edition and printing.,,,Medium,https://openlibrary.org/works/OL64913W,BROAD
openlibrary:OL15012679W,Fred Ritchin,,Sebastiao Salgado,,2004,Aperture,,Specialist photography publisher backlist: Aperture,C,4,Work-level metadata only; verify the exact publisher edition and printing.,,,Medium,https://openlibrary.org/works/OL15012679W,BROAD
openlibrary:OL8675826W,Frederick Sommer,,The Box,,1996,Nazraeli Press,,Specialist photography publisher backlist: Nazraeli Press,B,4,Work-level metadata only; verify the exact publisher edition and printing.,,,Medium,https://openlibrary.org/works/OL8675826W,BROAD
openlibrary:OL16416763W,Frits Gierstberg,,The Dutch photobook,,2012,Aperture,,Specialist photography publisher backlist: Aperture,C,4,Work-level metadata only; verify the exact publisher edition and printing.,,,Medium,https://openlibrary.org/works/OL16416763W,BROAD
openlibrary:OL37565839W,Fumi Nagasaka,,"Dora, Yerkwood, Walker County, Alabama",,2023,GOST,,Specialist photography publisher backlist: GOST,B,4,Work-level metadata only; verify the exact publisher edition and printing.,,,Medium,https://openlibrary.org/works/OL37565839W,BROAD
openlibrary:OL24152534W,Fumikazu Ishino,,Rowing a Tetrapod,,2017,MACK,,Specialist photography publisher backlist: MACK,B,4,Work-level metadata only; verify the exact publisher edition and printing.,,,Medium,https://openlibrary.org/works/OL24152534W,BROAD
openlibrary:OL10359069W,Gabriel Orozco,Ann Temkin | Gabriel Orozco | Mia Fineman,Gabriel Orozco,,1998,Steidl,,Specialist photography publisher backlist: Steidl,C,4,Work-level metadata only; verify the exact publisher edition and printing.,,,Medium,https://openlibrary.org/works/OL10359069W,BROAD
openlibrary:OL12328831W,Gabriela Gründler,Gabriela Grundler | Gabriela Grindler,Stars of suburbia,,2001,Scalo,,Specialist photography publisher backlist: Scalo | Specialist photography publisher backlist: Edition Patrick Frey,B,4,Work-level metadata only; verify the exact publisher edition and printing.,,,Medium,https://openlibrary.org/works/OL12328831W,BROAD
openlibrary:OL18411372W,Gabriele Conrad-Scholl,Susanne Lange | Rosalind Solomon,Chapalingas,,2003,Steidl,,Specialist photography publisher backlist: Steidl,C,4,Work-level metadata only; verify the exact publisher edition and printing.,,,Medium,https://openlibrary.org/works/OL18411372W,BROAD
openlibrary:OL23897418W,Gabriele Lohmann,,Elisabeth Hase,,2003,Steidl,,Specialist photography publisher backlist: Steidl,C,4,Work-level metadata only; verify the exact publisher edition and printing.,,,Medium,https://openlibrary.org/works/OL23897418W,BROAD
openlibrary:OL21196796W,Gail Albert Halaban,Francine Prose,Gail Albert Halaban,,2014,Aperture,,Specialist photography publisher backlist: Aperture,C,4,Work-level metadata only; verify the exact publisher edition and printing.,,,Medium,https://openlibrary.org/works/OL21196796W,BROAD
openlibrary:OL41890355W,Gail Pine,Jacqueline Woods | Nazraeli Press Staff,For Constance,,2010,Nazraeli Press,,Specialist photography publisher backlist: Nazraeli Press,B,4,Work-level metadata only; verify the exact publisher edition and printing.,,,Medium,https://openlibrary.org/works/OL41890355W,BROAD
openlibrary:OL9050960W,Gareth McConnell,,Gareth Mcconnell,,2004,Steidl,,Specialist photography publisher backlist: Steidl,C,4,Work-level metadata only; verify the exact publisher edition and printing.,,,Medium,https://openlibrary.org/works/OL9050960W,BROAD
openlibrary:OL37832224W,Garry Winogrand,Michael Almereyda | Susan Kismaric,Winogrand Color,,2024,Twin Palms,,Specialist photography publisher backlist: Twin Palms,B,4,Work-level metadata only; verify the exact publisher edition and printing.,,,Medium,https://openlibrary.org/works/OL37832224W,BROAD
openlibrary:OL17461710W,Gary Briechle,,Gary Briechle Photographs,,2011,Twin Palms,,Specialist photography publisher backlist: Twin Palms,B,4,Work-level metadata only; verify the exact publisher edition and printing.,,,Medium,https://openlibrary.org/works/OL17461710W,BROAD
openlibrary:OL20181949W,Gary Briechle,,Maine,,2018,Twin Palms,,Specialist photography publisher backlist: Twin Palms,B,4,Work-level metadata only; verify the exact publisher edition and printing.,,,Medium,https://openlibrary.org/works/OL20181949W,BROAD
openlibrary:OL32683088W,Gary M. Green,,After Morandi,,2016,L'Artiere,,Specialist photography publisher backlist: L'Artiere,B,4,Work-level metadata only; verify the exact publisher edition and printing.,,,Medium,https://openlibrary.org/works/OL32683088W,BROAD
openlibrary:OL32127885W,Gary M. Green,,The river is moving,,2020,L'Artiere,,Specialist photography publisher backlist: L'Artiere,B,4,Work-level metadata only; verify the exact publisher edition and printing.,,,Medium,https://openlibrary.org/works/OL32127885W,BROAD
openlibrary:OL5710191W,Gary Schneider,,Gary Schneider,,2005,Aperture,,Specialist photography publisher backlist: Aperture,C,4,Work-level metadata only; verify the exact publisher edition and printing.,,,Medium,https://openlibrary.org/works/OL5710191W,BROAD
openlibrary:OL23360719W,Gauri Gill,,Balika mela,,2012,Edition Patrick Frey,,Specialist photography publisher backlist: Edition Patrick Frey,B,4,Work-level metadata only; verify the exact publisher edition and printing.,,,Medium,https://openlibrary.org/works/OL23360719W,BROAD
openlibrary:OL12711520W,Gauthier Gallet,,Back stage & front row,,2005,Steidl,,Specialist photography publisher backlist: Steidl,C,4,Work-level metadata only; verify the exact publisher edition and printing.,,,Medium,https://openlibrary.org/works/OL12711520W,BROAD
openlibrary:OL21076258W,Gautier Deblonde,"Lewis, Jim",Gautier Deblonde - Atelier,,2014,Steidl,,Specialist photography publisher backlist: Steidl,C,4,Work-level metadata only; verify the exact publisher edition and printing.,,,Medium,https://openlibrary.org/works/OL21076258W,BROAD
openlibrary:OL19099395W,Geeta Kapur,Sabeena Gadihoke | Christopher Pinney,"Where Three Dreams Cross: 150 Years of Photography From India, Pakistan & Bangladesh",,2010,Steidl,,Specialist photography publisher backlist: Steidl,C,4,Work-level metadata only; verify the exact publisher edition and printing.,,,Medium,https://openlibrary.org/works/OL19099395W,BROAD
openlibrary:OL20036448W,George Dureau,,George Dureau,,2016,Aperture,,Specialist photography publisher backlist: Aperture,C,4,Work-level metadata only; verify the exact publisher edition and printing.,,,Medium,https://openlibrary.org/works/OL20036448W,BROAD
openlibrary:OL748284W,George Platt Lynes,,Portrait,,1994,Twin Palms,,Specialist photography publisher backlist: Twin Palms,B,4,Work-level metadata only; verify the exact publisher edition and printing.,,,Medium,https://openlibrary.org/works/OL748284W,BROAD
openlibrary:OL36445090W,Gerald Matt,Thomas Miessgang,Flash Afrique!,,2002,Scalo,,Specialist photography publisher backlist: Scalo,B,4,Work-level metadata only; verify the exact publisher edition and printing.,,,Medium,https://openlibrary.org/works/OL36445090W,BROAD
openlibrary:OL2988503W,Gerard Malanga,,"Screen tests, portraits, nudes 1964-1996",,2000,Steidl,,Specialist photography publisher backlist: Steidl,C,4,Work-level metadata only; verify the exact publisher edition and printing.,,,Medium,https://openlibrary.org/works/OL2988503W,BROAD
openlibrary:OL9263034W,Gerda Taro,,Gerda Taro,,2007,Steidl,,Specialist photography publisher backlist: Steidl,C,4,Work-level metadata only; verify the exact publisher edition and printing.,,,Medium,https://openlibrary.org/works/OL9263034W,BROAD
openlibrary:OL2460127W,Gerhard Gäbler,,Westwärts,,1994,Nazraeli Press,,Specialist photography publisher backlist: Nazraeli Press,B,4,Work-level metadata only; verify the exact publisher edition and printing.,,,Medium,https://openlibrary.org/works/OL2460127W,BROAD
openlibrary:OL23581473W,Gerhard Pfennig,"Schwarz, Michael",Die Zukunft der Bilder,,1993,Steidl,,Specialist photography publisher backlist: Steidl,C,4,Work-level metadata only; verify the exact publisher edition and printing.,,,Medium,https://openlibrary.org/works/OL23581473W,BROAD
openlibrary:OL779883W,Germano Celant,,Luigi Ghirri,,2008,Aperture,,Specialist photography publisher backlist: Aperture,C,4,Work-level metadata only; verify the exact publisher edition and printing.,,,Medium,https://openlibrary.org/works/OL779883W,BROAD
openlibrary:OL21297065W,Germano Celant,Matthias Schaller,Matthias Schaller,,2015,Steidl,,Specialist photography publisher backlist: Steidl,C,4,Work-level metadata only; verify the exact publisher edition and printing.,,,Medium,https://openlibrary.org/works/OL21297065W,BROAD
openlibrary:OL18756770W,Gerry Badger,,The pleasures of good photographs,,2010,Aperture,,Specialist photography publisher backlist: Aperture,C,4,Work-level metadata only; verify the exact publisher edition and printing.,,,Medium,https://openlibrary.org/works/OL18756770W,BROAD
openlibrary:OL25635739W,Gerry Johansson,,American Winter,,2018,MACK,,Specialist photography publisher backlist: MACK,B,4,Work-level metadata only; verify the exact publisher edition and printing.,,,Medium,https://openlibrary.org/works/OL25635739W,BROAD
openlibrary:OL32842920W,Gerry Johansson,,Deutschland,,2012,MACK,,Specialist photography publisher backlist: MACK,B,4,Work-level metadata only; verify the exact publisher edition and printing.,,,Medium,https://openlibrary.org/works/OL32842920W,BROAD
openlibrary:OL27973244W,Gerry Johansson,,Spanish Summer,,2022,MACK,,Specialist photography publisher backlist: MACK,B,4,Work-level metadata only; verify the exact publisher edition and printing.,,,Medium,https://openlibrary.org/works/OL27973244W,BROAD
openlibrary:OL14914755W,Gertrude Stein,Waldo David Frank | Lewis Mumford | Dorothy Norman,America and Alfred Stieglitz,,1934,Aperture,,Specialist photography publisher backlist: Aperture,C,4,Work-level metadata only; verify the exact publisher edition and printing.,,,Medium,https://openlibrary.org/works/OL14914755W,BROAD
openlibrary:OL32332406W,Giacomo Brunelli,,New York,,2020,Skinnerboox,,Specialist photography publisher backlist: Skinnerboox,B,4,Work-level metadata only; verify the exact publisher edition and printing.,,,Medium,https://openlibrary.org/works/OL32332406W,BROAD
openlibrary:OL32288255W,Giaime Meloni,,Das Unheimliche,,2020,Skinnerboox,,Specialist photography publisher backlist: Skinnerboox,B,4,Work-level metadata only; verify the exact publisher edition and printing.,,,Medium,https://openlibrary.org/works/OL32288255W,BROAD
openlibrary:OL2758901W,"Gibson, Ralph.",,L' anonyme,,1986,Aperture,,Specialist photography publisher backlist: Aperture,C,4,Work-level metadata only; verify the exact publisher edition and printing.,,,Medium,https://openlibrary.org/works/OL2758901W,BROAD
openlibrary:OL2758902W,"Gibson, Ralph.",Ralph Gibson,L' Histoire de France,,1991,Aperture,,Specialist photography publisher backlist: Aperture,C,4,Work-level metadata only; verify the exact publisher edition and printing.,,,Medium,https://openlibrary.org/works/OL2758902W,BROAD
openlibrary:OL2758911W,"Gibson, Ralph.",,The spirit of Burgundy,,1994,Aperture,,Specialist photography publisher backlist: Aperture,C,4,Work-level metadata only; verify the exact publisher edition and printing.,,,Medium,https://openlibrary.org/works/OL2758911W,BROAD
openlibrary:OL2758914W,"Gibson, Ralph.",,Tropism,,1987,Aperture,,Specialist photography publisher backlist: Aperture,C,4,Work-level metadata only; verify the exact publisher edition and printing.,,,Medium,https://openlibrary.org/works/OL2758914W,BROAD
openlibrary:OL21313319W,Gideon Mendel,Paul Mason | Dominique Malaquais,Dzhangal,,2017,GOST,,Specialist photography publisher backlist: GOST,B,4,Work-level metadata only; verify the exact publisher edition and printing.,,,Medium,https://openlibrary.org/works/OL21313319W,BROAD
openlibrary:OL26576315W,Gideon Mendel,,Freedom or Death,,2020,GOST,,Specialist photography publisher backlist: GOST,B,4,Work-level metadata only; verify the exact publisher edition and printing.,,,Medium,https://openlibrary.org/works/OL26576315W,BROAD
openlibrary:OL5932497W,Gilles Coulon,,Gilles Coulon,,2004,Steidl,,Specialist photography publisher backlist: Steidl,C,4,Work-level metadata only; verify the exact publisher edition and printing.,,,Medium,https://openlibrary.org/works/OL5932497W,BROAD
openlibrary:OL3057028W,Gilles Peress,,Farewell to Bosnia,,1994,Scalo,,Specialist photography publisher backlist: Scalo,B,4,Work-level metadata only; verify the exact publisher edition and printing.,,,Medium,https://openlibrary.org/works/OL3057028W,BROAD
openlibrary:OL3057030W,Gilles Peress,Golamkhoseĭn Saėdi,Telex Iran,,1983,Scalo,,Specialist photography publisher backlist: Scalo | Specialist photography publisher backlist: Aperture,B,4,Work-level metadata only; verify the exact publisher edition and printing.,,,Medium,https://openlibrary.org/works/OL3057030W,BROAD
openlibrary:OL3057029W,Gilles Peress,,The Silence,,1995,Scalo,,Specialist photography publisher backlist: Scalo,B,4,Work-level metadata only; verify the exact publisher edition and printing.,,,Medium,https://openlibrary.org/works/OL3057029W,BROAD
openlibrary:OL32691724W,Giorgia Valli,,Aves mei,,2015,Nazraeli Press,,Specialist photography publisher backlist: Nazraeli Press,B,4,Work-level metadata only; verify the exact publisher edition and printing.,,,Medium,https://openlibrary.org/works/OL32691724W,BROAD
openlibrary:OL4502552W,Giovanni Chiaramonte,,The story of photography,,1983,Aperture,,Specialist photography publisher backlist: Aperture,C,4,Work-level metadata only; verify the exact publisher edition and printing.,,,Medium,https://openlibrary.org/works/OL4502552W,BROAD
openlibrary:OL33036743W,Glen Luchford,,Glen Luchford,,2009,Steidl,,Specialist photography publisher backlist: Steidl,C,4,Work-level metadata only; verify the exact publisher edition and printing.,,,Medium,https://openlibrary.org/works/OL33036743W,BROAD
openlibrary:OL21045581W,Gordon Parks,Peter W. Kunhardt,Gordon Parks,,2013,Steidl,,Specialist photography publisher backlist: Steidl,C,4,Work-level metadata only; verify the exact publisher edition and printing.,,,Medium,https://openlibrary.org/works/OL21045581W,BROAD
openlibrary:OL20023908W,GOST Books,,Mexican crime photographs from the archive of Stefan Ruiz,,2015,GOST,,Specialist photography publisher backlist: GOST,B,4,Work-level metadata only; verify the exact publisher edition and printing.,,,Medium,https://openlibrary.org/works/OL20023908W,BROAD
openlibrary:OL13244370W,Gotthard Schuh,Gotthard Schuh,Gotthard Schuh,,1982,Steidl,,Specialist photography publisher backlist: Steidl,C,4,Work-level metadata only; verify the exact publisher edition and printing.,,,Medium,https://openlibrary.org/works/OL13244370W,BROAD
openlibrary:OL33037303W,Graciela Iturbide,,Asor,,2008,Steidl,,Specialist photography publisher backlist: Steidl,C,4,Work-level metadata only; verify the exact publisher edition and printing.,,,Medium,https://openlibrary.org/works/OL33037303W,BROAD
openlibrary:OL21147480W,Graciela Iturbide,,Graciela Iturbide,,2012,Aperture,,Specialist photography publisher backlist: Aperture,C,4,Work-level metadata only; verify the exact publisher edition and printing.,,,Medium,https://openlibrary.org/works/OL21147480W,BROAD
openlibrary:OL2581745W,Graciela Iturbide,Alfredo López Austin | Roberto Tejada,Images of the spirit,,1996,Aperture,,Specialist photography publisher backlist: Aperture,C,4,Work-level metadata only; verify the exact publisher edition and printing.,,,Medium,https://openlibrary.org/works/OL2581745W,BROAD
openlibrary:OL2581748W,Graciela Iturbide,,Pajaros,,2002,Twin Palms,,Specialist photography publisher backlist: Twin Palms,B,4,Work-level metadata only; verify the exact publisher edition and printing.,,,Medium,https://openlibrary.org/works/OL2581748W,BROAD
openlibrary:OL512835W,"Graham, David",,American beauty,,1987,Aperture,,Specialist photography publisher backlist: Aperture,C,4,Work-level metadata only; verify the exact publisher edition and printing.,,,Medium,https://openlibrary.org/works/OL512835W,BROAD
openlibrary:OL512837W,"Graham, David",,Land of the free,,1999,Aperture,,Specialist photography publisher backlist: Aperture,C,4,Work-level metadata only; verify the exact publisher edition and printing.,,,Medium,https://openlibrary.org/works/OL512837W,BROAD
openlibrary:OL8436276W,Graham Nash,,Eye to eye,,2004,Steidl,,Specialist photography publisher backlist: Steidl,C,4,Work-level metadata only; verify the exact publisher edition and printing.,,,Medium,https://openlibrary.org/works/OL8436276W,BROAD
openlibrary:OL25877435W,Greg Kahn,Yoffy Press,Havana Youth,,2019,Yoffy Press,,Specialist photography publisher backlist: Yoffy Press,B,4,Work-level metadata only; verify the exact publisher edition and printing.,,,Medium,https://openlibrary.org/works/OL25877435W,BROAD
openlibrary:OL32462998W,Greg Millet,,Unto dust,,2018,L'Artiere,,Specialist photography publisher backlist: L'Artiere,B,4,Work-level metadata only; verify the exact publisher edition and printing.,,,Medium,https://openlibrary.org/works/OL32462998W,BROAD
openlibrary:OL21158828W,Greger Nilson,Anders Petersen,City Diary,,2012,Steidl,,Specialist photography publisher backlist: Steidl,C,4,Work-level metadata only; verify the exact publisher edition and printing.,,,Medium,https://openlibrary.org/works/OL21158828W,BROAD
openlibrary:OL21158829W,Greger Nilson,Gunnar Smoliansky,Hands,,2018,Steidl,,Specialist photography publisher backlist: Steidl,C,4,Work-level metadata only; verify the exact publisher edition and printing.,,,Medium,https://openlibrary.org/works/OL21158829W,BROAD
openlibrary:OL21158830W,Greger Nilson,Anders Petersen,Zoo,,2018,Steidl,,Specialist photography publisher backlist: Steidl,C,4,Work-level metadata only; verify the exact publisher edition and printing.,,,Medium,https://openlibrary.org/works/OL21158830W,BROAD
openlibrary:OL22575718W,Grégoire Pujade-Lauraine,,A Perpetual Season by Gregoire Pujade-Lauraine,,2014,MACK,,Specialist photography publisher backlist: MACK,B,4,Work-level metadata only; verify the exact publisher edition and printing.,,,Medium,https://openlibrary.org/works/OL22575718W,BROAD
openlibrary:OL32082390W,Grégoire Pujade-Lauraine,,Double orbit,,2021,MACK,,Specialist photography publisher backlist: MACK,B,4,Work-level metadata only; verify the exact publisher edition and printing.,,,Medium,https://openlibrary.org/works/OL32082390W,BROAD
openlibrary:OL22323725W,Gregori Maiofis,,Proverbs,,2014,Nazraeli Press,,Specialist photography publisher backlist: Nazraeli Press,B,4,Work-level metadata only; verify the exact publisher edition and printing.,,,Medium,https://openlibrary.org/works/OL22323725W,BROAD
openlibrary:OL20028653W,Gregory Crewdson,,Cathedral of the pines,,2016,Aperture,,Specialist photography publisher backlist: Aperture,C,4,Work-level metadata only; verify the exact publisher edition and printing.,,,Medium,https://openlibrary.org/works/OL20028653W,BROAD
openlibrary:OL886717W,Gregory Crewdson,,Gregory Crewdson,,1998,Aperture,,Specialist photography publisher backlist: Aperture,C,4,Work-level metadata only; verify the exact publisher edition and printing.,,,Medium,https://openlibrary.org/works/OL886717W,BROAD
openlibrary:OL26506326W,Gregory Halpern,Clément Chéroux | Stanley Wolukau-Wanambwa,Gregory Halpern,,2020,Aperture,,Specialist photography publisher backlist: Aperture,C,4,Work-level metadata only; verify the exact publisher edition and printing.,,,Medium,https://openlibrary.org/works/OL26506326W,BROAD
openlibrary:OL25635568W,Gregory Halpern,,Omaha Sketchbook,,2019,MACK,,Specialist photography publisher backlist: MACK,B,4,Work-level metadata only; verify the exact publisher edition and printing.,,,Medium,https://openlibrary.org/works/OL25635568W,BROAD
openlibrary:OL24152449W,Gregory Halpern,,ZZYZX,,2016,MACK,,Specialist photography publisher backlist: MACK,B,4,Work-level metadata only; verify the exact publisher edition and printing.,,,Medium,https://openlibrary.org/works/OL24152449W,BROAD
openlibrary:OL8892397W,Greta Pratt,,Using history,,2005,Steidl,,Specialist photography publisher backlist: Steidl,C,4,Work-level metadata only; verify the exact publisher edition and printing.,,,Medium,https://openlibrary.org/works/OL8892397W,BROAD
openlibrary:OL25085462W,Gudrun Inboden,Sean Rainbird | Iris Dressler | Stan Douglas,Stan Douglas,,1996,Steidl,,Specialist photography publisher backlist: Steidl,C,4,Work-level metadata only; verify the exact publisher edition and printing.,,,Medium,https://openlibrary.org/works/OL25085462W,BROAD
openlibrary:OL26503371W,Guidi,,Sardegna - Signed Edition,,2019,MACK,,Specialist photography publisher backlist: MACK,B,4,Work-level metadata only; verify the exact publisher edition and printing.,,,Medium,https://openlibrary.org/works/OL26503371W,BROAD
openlibrary:OL32026182W,Guido Guidi,,Cinque viaggi (1990-98),,2021,MACK,,Specialist photography publisher backlist: MACK,B,4,Work-level metadata only; verify the exact publisher edition and printing.,,,Medium,https://openlibrary.org/works/OL32026182W,BROAD
openlibrary:OL25634722W,Guido Guidi,,Guido Guidi - per Strada,,2013,MACK,,Specialist photography publisher backlist: MACK,B,4,Work-level metadata only; verify the exact publisher edition and printing.,,,Medium,https://openlibrary.org/works/OL25634722W,BROAD
openlibrary:OL25631461W,Guido Guidi,Fondation Henri Cartier-Bresson. | Netherlands) Staff Huis Marseille (Amsterdam | Museo d'arte della città Staff Ravenna (Italy),Guido Guidi - Veramente,,2014,MACK,,Specialist photography publisher backlist: MACK,B,4,Work-level metadata only; verify the exact publisher edition and printing.,,,Medium,https://openlibrary.org/works/OL25631461W,BROAD
openlibrary:OL20739821W,Guido Guidi,,In Veneto,,2019,MACK,,Specialist photography publisher backlist: MACK,B,4,Work-level metadata only; verify the exact publisher edition and printing.,,,Medium,https://openlibrary.org/works/OL20739821W,BROAD
openlibrary:OL32319881W,Guido Guidi,,Lunario,,2019,MACK,,Specialist photography publisher backlist: MACK,B,4,Work-level metadata only; verify the exact publisher edition and printing.,,,Medium,https://openlibrary.org/works/OL32319881W,BROAD
openlibrary:OL25635889W,Guido Guidi,,Preganziol 1983,,2013,MACK,,Specialist photography publisher backlist: MACK,B,4,Work-level metadata only; verify the exact publisher edition and printing.,,,Medium,https://openlibrary.org/works/OL25635889W,BROAD
openlibrary:OL32074505W,Guido Guidi,Sarah Ponting,"Tra l'altro, 1976-81",,2020,MACK,,Specialist photography publisher backlist: MACK,B,4,Work-level metadata only; verify the exact publisher edition and printing.,,,Medium,https://openlibrary.org/works/OL32074505W,BROAD
openlibrary:OL32574273W,Guido Guidi,,Verum ipsum factum,,2017,Skinnerboox,,Specialist photography publisher backlist: Skinnerboox,B,4,Work-level metadata only; verify the exact publisher edition and printing.,,,Medium,https://openlibrary.org/works/OL32574273W,BROAD
openlibrary:OL21150918W,Guido Mocafico,Patrick Remy | Babeth Djian,Guido Mocafico,,2017,Steidl,,Specialist photography publisher backlist: Steidl,C,4,Work-level metadata only; verify the exact publisher edition and printing.,,,Medium,https://openlibrary.org/works/OL21150918W,BROAD
openlibrary:OL21035175W,Guido Mocafico,,Stilleven,,2013,Steidl,,Specialist photography publisher backlist: Steidl,C,4,Work-level metadata only; verify the exact publisher edition and printing.,,,Medium,https://openlibrary.org/works/OL21035175W,BROAD
openlibrary:OL25636036W,Guillaume Simoneau,,Experimental Lake,,2018,MACK,,Specialist photography publisher backlist: MACK,B,4,Work-level metadata only; verify the exact publisher edition and printing.,,,Medium,https://openlibrary.org/works/OL25636036W,BROAD
openlibrary:OL25636557W,Guillaume Simoneau,,Murder,,2019,MACK,,Specialist photography publisher backlist: MACK,B,4,Work-level metadata only; verify the exact publisher edition and printing.,,,Medium,https://openlibrary.org/works/OL25636557W,BROAD
openlibrary:OL26435222W,Gunilla Knape,Boris Groys,The Hasselblad award 2000,,2001,Scalo,,Specialist photography publisher backlist: Scalo,B,4,Work-level metadata only; verify the exact publisher edition and printing.,,,Medium,https://openlibrary.org/works/OL26435222W,BROAD
openlibrary:OL32715189W,Gunnar Smoliansky,,Gunnar Smoliansky,,2008,Steidl,,Specialist photography publisher backlist: Steidl,C,4,Work-level metadata only; verify the exact publisher edition and printing.,,,Medium,https://openlibrary.org/works/OL32715189W,BROAD
openlibrary:OL7799304W,Günter Pfannmüller,,In search of dignity,,2002,Aperture,,Specialist photography publisher backlist: Aperture,C,4,Work-level metadata only; verify the exact publisher edition and printing.,,,Medium,https://openlibrary.org/works/OL7799304W,BROAD
openlibrary:OL2629486W,Gus Van Sant,,108 Portraits,,1993,Twin Palms,,Specialist photography publisher backlist: Twin Palms,B,4,Work-level metadata only; verify the exact publisher edition and printing.,,,Medium,https://openlibrary.org/works/OL2629486W,BROAD
openlibrary:OL2629490W,Gus Van Sant,,One Hundred-Eight Portraits,,1993,Twin Palms,,Specialist photography publisher backlist: Twin Palms,B,4,Work-level metadata only; verify the exact publisher edition and printing.,,,Medium,https://openlibrary.org/works/OL2629490W,BROAD
openlibrary:OL23306676W,Gus Van Sant,,One step big shot,,2010,Nazraeli Press,,Specialist photography publisher backlist: Nazraeli Press,B,4,Work-level metadata only; verify the exact publisher edition and printing.,,,Medium,https://openlibrary.org/works/OL23306676W,BROAD
openlibrary:OL22575777W,Gustavo Sagorsky,,Apparitions,,2015,Skinnerboox,,Specialist photography publisher backlist: Skinnerboox,B,4,Work-level metadata only; verify the exact publisher edition and printing.,,,Medium,https://openlibrary.org/works/OL22575777W,BROAD
openlibrary:OL33212409W,Guy Bourdin,Nicolle Meyer | Shelly Verthime,A message for you,,2006,Steidl,,Specialist photography publisher backlist: Steidl,C,4,Work-level metadata only; verify the exact publisher edition and printing.,,,Medium,https://openlibrary.org/works/OL33212409W,BROAD
openlibrary:OL19730738W,Guy Bourdin,,Guy Bourdin,,2013,Steidl,,Specialist photography publisher backlist: Steidl,C,4,Work-level metadata only; verify the exact publisher edition and printing.,,,Medium,https://openlibrary.org/works/OL19730738W,BROAD
openlibrary:OL19099394W,Guy Bourdin,,Guy Bourdin: In Between,,2010,Steidl,,Specialist photography publisher backlist: Steidl,C,4,Work-level metadata only; verify the exact publisher edition and printing.,,,Medium,https://openlibrary.org/works/OL19099394W,BROAD
openlibrary:OL21353518W,Guy Martin,,Parallel State,,2019,GOST,,Specialist photography publisher backlist: GOST,B,4,Work-level metadata only; verify the exact publisher edition and printing.,,,Medium,https://openlibrary.org/works/OL21353518W,BROAD
openlibrary:OL8954430W,Guy Stricherz,,Americans in Kodachrome 1945-1965,,2002,Twin Palms,,Specialist photography publisher backlist: Twin Palms,B,4,Work-level metadata only; verify the exact publisher edition and printing.,,,Medium,https://openlibrary.org/works/OL8954430W,BROAD
openlibrary:OL33249877W,Guy Tillim,,Guy Tillim,,2004,Steidl,,Specialist photography publisher backlist: Steidl,C,4,Work-level metadata only; verify the exact publisher edition and printing.,,,Medium,https://openlibrary.org/works/OL33249877W,BROAD
openlibrary:OL25635193W,Guy Tillim,Fondation Henri Cartier-Bresson.,Museum of the Revolution,,2019,MACK,,Specialist photography publisher backlist: MACK,B,4,Work-level metadata only; verify the exact publisher edition and printing.,,,Medium,https://openlibrary.org/works/OL25635193W,BROAD
openlibrary:OL21293355W,Guy Tillim,Dan Leers | Artur Walther,O Futuro Certo,,2015,Steidl,,Specialist photography publisher backlist: Steidl,C,4,Work-level metadata only; verify the exact publisher edition and printing.,,,Medium,https://openlibrary.org/works/OL21293355W,BROAD
openlibrary:OL17380454W,Hakan Ludwigson,,Balls And Bulldust,,2014,Steidl,,Specialist photography publisher backlist: Steidl,C,4,Work-level metadata only; verify the exact publisher edition and printing.,,,Medium,https://openlibrary.org/works/OL17380454W,BROAD
openlibrary:OL13596691W,Hannah Starkey,,"Hannah Starkey, photographs 1997-2007",,2007,Steidl,,Specialist photography publisher backlist: Steidl,C,4,Work-level metadata only; verify the exact publisher edition and printing.,,,Medium,https://openlibrary.org/works/OL13596691W,BROAD
openlibrary:OL24152617W,Hannah Starkey,,Photographs 1997-2017,,2018,MACK,,Specialist photography publisher backlist: MACK,B,4,Work-level metadata only; verify the exact publisher edition and printing.,,,Medium,https://openlibrary.org/works/OL24152617W,BROAD
openlibrary:OL3851107W,Hannah Villiger,,Hannah Villiger,,1992,Scalo,,Specialist photography publisher backlist: Scalo,B,4,Work-level metadata only; verify the exact publisher edition and printing.,,,Medium,https://openlibrary.org/works/OL3851107W,BROAD
openlibrary:OL22386333W,Hannes Schmid,,Rockstars,,2009,Edition Patrick Frey,,Specialist photography publisher backlist: Edition Patrick Frey,B,4,Work-level metadata only; verify the exact publisher edition and printing.,,,Medium,https://openlibrary.org/works/OL22386333W,BROAD
openlibrary:OL28808020W,Hans Christian Adam,,Aperture,,1988,Aperture,,Specialist photography publisher backlist: Aperture,C,4,Work-level metadata only; verify the exact publisher edition and printing.,,,Medium,https://openlibrary.org/works/OL28808020W,BROAD
openlibrary:OL19488038W,Hans-Christian Adam,,Swimmers,,1988,Aperture,,Specialist photography publisher backlist: Aperture,C,4,Work-level metadata only; verify the exact publisher edition and printing.,,,Medium,https://openlibrary.org/works/OL19488038W,BROAD
openlibrary:OL5774325W,Hans Danuser,Urs Stahel,Frost,,2001,Scalo,,Specialist photography publisher backlist: Scalo,B,4,Work-level metadata only; verify the exact publisher edition and printing.,,,Medium,https://openlibrary.org/works/OL5774325W,BROAD
openlibrary:OL5774326W,Hans Danuser,,Hans Danuser,,1989,Steidl,,Specialist photography publisher backlist: Steidl,C,4,Work-level metadata only; verify the exact publisher edition and printing.,,,Medium,https://openlibrary.org/works/OL5774326W,BROAD
openlibrary:OL12379490W,Hans Eijkelboom,,Paris - New York - Shanghai,,2007,Aperture,,Specialist photography publisher backlist: Aperture,C,4,Work-level metadata only; verify the exact publisher edition and printing.,,,Medium,https://openlibrary.org/works/OL12379490W,BROAD
openlibrary:OL17422305W,Hans-Michael Koetzle,,Photographic Work,,2011,Steidl,,Specialist photography publisher backlist: Steidl,C,4,Work-level metadata only; verify the exact publisher edition and printing.,,,Medium,https://openlibrary.org/works/OL17422305W,BROAD
openlibrary:OL32355066W,Hansjörg Sahli,,Rhonegletscher,,2018,Edition Patrick Frey,,Specialist photography publisher backlist: Edition Patrick Frey,B,4,Work-level metadata only; verify the exact publisher edition and printing.,,,Medium,https://openlibrary.org/works/OL32355066W,BROAD
openlibrary:OL32286488W,Harald Hauswald,,Harald Hauswald,,2020,Steidl,,Specialist photography publisher backlist: Steidl,C,4,Work-level metadata only; verify the exact publisher edition and printing.,,,Medium,https://openlibrary.org/works/OL32286488W,BROAD
openlibrary:OL22799197W,Harald Schmitt,,Harald Schmitt,,2009,Steidl,,Specialist photography publisher backlist: Steidl,C,4,Work-level metadata only; verify the exact publisher edition and printing.,,,Medium,https://openlibrary.org/works/OL22799197W,BROAD
openlibrary:OL17586718W,Harf Zimmermann,,Brand Wand,,2014,Steidl,,Specialist photography publisher backlist: Steidl,C,4,Work-level metadata only; verify the exact publisher edition and printing.,,,Medium,https://openlibrary.org/works/OL17586718W,BROAD
openlibrary:OL12550796W,Haris Kakarouhas,,Suspended time,,2003,Dewi Lewis,,Specialist photography publisher backlist: Dewi Lewis,B,4,Work-level metadata only; verify the exact publisher edition and printing.,,,Medium,https://openlibrary.org/works/OL12550796W,BROAD
openlibrary:OL45153456W,Harlan Bozeman,,Out the E,,2026,TBW Books,,Specialist photography publisher backlist: TBW Books,B,4,Work-level metadata only; verify the exact publisher edition and printing.,,,Medium,https://openlibrary.org/works/OL45153456W,BROAD
openlibrary:OL21195993W,Harold E. Edgerton,Ron Kurtz | Deborah Douglas,Harold Edgerton,,2019,Steidl,,Specialist photography publisher backlist: Steidl,C,4,Work-level metadata only; verify the exact publisher edition and printing.,,,Medium,https://openlibrary.org/works/OL21195993W,BROAD
openlibrary:OL17538171W,Harry Callahan,,Seven Collages,,2012,Steidl,,Specialist photography publisher backlist: Steidl,C,4,Work-level metadata only; verify the exact publisher edition and printing.,,,Medium,https://openlibrary.org/works/OL17538171W,BROAD
openlibrary:OL2037957W,Harry M. Callahan,,Callahan,,1976,Aperture,,Specialist photography publisher backlist: Aperture,C,4,Work-level metadata only; verify the exact publisher edition and printing.,,,Medium,https://openlibrary.org/works/OL2037957W,BROAD
openlibrary:OL2037966W,Harry M. Callahan,Julian Cox | Emmet Gowin,Eleanor,,1984,Steidl,,Specialist photography publisher backlist: Steidl,C,4,Work-level metadata only; verify the exact publisher edition and printing.,,,Medium,https://openlibrary.org/works/OL2037966W,BROAD
openlibrary:OL2037967W,Harry M. Callahan,,Harry Callahan,,1967,Aperture,,Specialist photography publisher backlist: Aperture,C,4,Work-level metadata only; verify the exact publisher edition and printing.,,,Medium,https://openlibrary.org/works/OL2037967W,BROAD
openlibrary:OL21232042W,Harry Whittier Frees,,"Cats, Dogs and Other Rabbits",,2006,Dewi Lewis,,Specialist photography publisher backlist: Dewi Lewis,B,4,Work-level metadata only; verify the exact publisher edition and printing.,,,Medium,https://openlibrary.org/works/OL21232042W,BROAD
openlibrary:OL3564096W,Harvey Benge,,Harvey Benge,,2000,Dewi Lewis,,Specialist photography publisher backlist: Dewi Lewis,B,4,Work-level metadata only; verify the exact publisher edition and printing.,,,Medium,https://openlibrary.org/works/OL3564096W,BROAD
openlibrary:OL3564097W,Harvey Benge,,Lucky Box,,2002,Dewi Lewis,,Specialist photography publisher backlist: Dewi Lewis,B,4,Work-level metadata only; verify the exact publisher edition and printing.,,,Medium,https://openlibrary.org/works/OL3564097W,BROAD
openlibrary:OL3564098W,Harvey Benge,,Not Here Not There,,1998,Dewi Lewis,,Specialist photography publisher backlist: Dewi Lewis,B,4,Work-level metadata only; verify the exact publisher edition and printing.,,,Medium,https://openlibrary.org/works/OL3564098W,BROAD
openlibrary:OL21290207W,Harvey Benge,,You Won't Be with Me Tomorrow,,2015,Dewi Lewis,,Specialist photography publisher backlist: Dewi Lewis,B,4,Work-level metadata only; verify the exact publisher edition and printing.,,,Medium,https://openlibrary.org/works/OL21290207W,BROAD
openlibrary:OL6876421W,Hasse Persson,,Hakan Ludwigsson,,2005,Steidl,,Specialist photography publisher backlist: Steidl,C,4,Work-level metadata only; verify the exact publisher edition and printing.,,,Medium,https://openlibrary.org/works/OL6876421W,BROAD
openlibrary:OL24152536W,Hayahisa Tomiyasu,,TTP,,2018,MACK,,Specialist photography publisher backlist: MACK,B,4,Work-level metadata only; verify the exact publisher edition and printing.,,,Medium,https://openlibrary.org/works/OL24152536W,BROAD
openlibrary:OL8906876W,Hedi Slimane,,Hedi Slimane,,2002,Steidl,,Specialist photography publisher backlist: Steidl,C,4,Work-level metadata only; verify the exact publisher edition and printing.,,,Medium,https://openlibrary.org/works/OL8906876W,BROAD
openlibrary:OL9042356W,Heidi Specker,,Heidi Specker,,2005,Steidl,,Specialist photography publisher backlist: Steidl,C,4,Work-level metadata only; verify the exact publisher edition and printing.,,,Medium,https://openlibrary.org/works/OL9042356W,BROAD
openlibrary:OL4937632W,Heinrich Heidersberger,,Heinrich Heidersberger,,1986,Steidl,,Specialist photography publisher backlist: Steidl,C,4,Work-level metadata only; verify the exact publisher edition and printing.,,,Medium,https://openlibrary.org/works/OL4937632W,BROAD
openlibrary:OL36445026W,Heinz Hajek-Halke,Klaus Honnef | Michael Ruetz | Gerhard Steidl,"Artist, Anarchist",,2006,Steidl,,Specialist photography publisher backlist: Steidl,C,4,Work-level metadata only; verify the exact publisher edition and printing.,,,Medium,https://openlibrary.org/works/OL36445026W,BROAD
openlibrary:OL32795031W,Heinz Hajek-Halke,,Der Alchimist,,2012,Steidl,,Specialist photography publisher backlist: Steidl,C,4,Work-level metadata only; verify the exact publisher edition and printing.,,,Medium,https://openlibrary.org/works/OL32795031W,BROAD
openlibrary:OL10343804W,Heinz Hajek-Halke,,Heinz Hajek-Halke,,1997,Steidl,,Specialist photography publisher backlist: Steidl,C,4,Work-level metadata only; verify the exact publisher edition and printing.,,,Medium,https://openlibrary.org/works/OL10343804W,BROAD
openlibrary:OL36446279W,Heinz Liesbrock,Jerry Thompson,In the Street,,2013,Steidl,,Specialist photography publisher backlist: Steidl,C,4,Work-level metadata only; verify the exact publisher edition and printing.,,,Medium,https://openlibrary.org/works/OL36446279W,BROAD
openlibrary:OL18369077W,Helen Levitt,Gordon Parks | Eikō Hosoe,Photographers on photographers,,1998,Aperture,,Specialist photography publisher backlist: Aperture,C,4,Work-level metadata only; verify the exact publisher edition and printing.,,,Medium,https://openlibrary.org/works/OL18369077W,BROAD
openlibrary:OL23158346W,Helen Sear,,Brisées,,2013,GOST,,Specialist photography publisher backlist: GOST,B,4,Work-level metadata only; verify the exact publisher edition and printing.,,,Medium,https://openlibrary.org/works/OL23158346W,BROAD
openlibrary:OL22575703W,Hellen Van Meene,Martin Barnes,Hellen Van Meene,,2015,Aperture,,Specialist photography publisher backlist: Aperture,C,4,Work-level metadata only; verify the exact publisher edition and printing.,,,Medium,https://openlibrary.org/works/OL22575703W,BROAD
openlibrary:OL28808075W,Helmut Gernsheim,Kaspar M. Fleischmann | Peter Gasser,Images,,1985,Aperture,,Specialist photography publisher backlist: Aperture,C,4,Work-level metadata only; verify the exact publisher edition and printing.,,,Medium,https://openlibrary.org/works/OL28808075W,BROAD
openlibrary:OL4083011W,Helmut Gernsheim,,Julia Margaret Cameron,,1948,Aperture,,Specialist photography publisher backlist: Aperture,C,4,Work-level metadata only; verify the exact publisher edition and printing.,,,Medium,https://openlibrary.org/works/OL4083011W,BROAD
openlibrary:OL749201W,Helmut Newton,,Pages from the glossies,,1998,Scalo,,Specialist photography publisher backlist: Scalo,B,4,Work-level metadata only; verify the exact publisher edition and printing.,,,Medium,https://openlibrary.org/works/OL749201W,BROAD
openlibrary:OL749207W,Helmut Newton,Alice Springs,Us and them,,1999,Scalo,,Specialist photography publisher backlist: Scalo,B,4,Work-level metadata only; verify the exact publisher edition and printing.,,,Medium,https://openlibrary.org/works/OL749207W,BROAD
openlibrary:OL21088401W,Henri Cartier-Bresson,,Decisive Moment,,2015,Steidl,,Specialist photography publisher backlist: Steidl,C,4,Work-level metadata only; verify the exact publisher edition and printing.,,,Medium,https://openlibrary.org/works/OL21088401W,BROAD
openlibrary:OL513997W,Henri Cartier-Bresson,,Henri Cartier-Bresson,,1967,Aperture,,Specialist photography publisher backlist: Aperture | Specialist photography publisher backlist: Thames & Hudson,C,4,Work-level metadata only; verify the exact publisher edition and printing.,,,Medium,https://openlibrary.org/works/OL513997W,BROAD
openlibrary:OL513967W,Henri Cartier-Bresson,Michael L. Sand | Diana C. Stoll,The mind's eye,,1999,Aperture,,Specialist photography publisher backlist: Aperture,C,4,Work-level metadata only; verify the exact publisher edition and printing.,,,Medium,https://openlibrary.org/works/OL513967W,BROAD
openlibrary:OL2772284W,Henrik Saxgren,,Point of view,,1998,Aperture,,Specialist photography publisher backlist: Aperture,C,4,Work-level metadata only; verify the exact publisher edition and printing.,,,Medium,https://openlibrary.org/works/OL2772284W,BROAD
openlibrary:OL19941949W,Henry Frank,,Henry Frank,,2009,Steidl,,Specialist photography publisher backlist: Steidl,C,4,Work-level metadata only; verify the exact publisher edition and printing.,,,Medium,https://openlibrary.org/works/OL19941949W,BROAD
openlibrary:OL6225384W,Henry Hayler,,61 Pimlico,,1998,Nazraeli Press,,Specialist photography publisher backlist: Nazraeli Press,B,4,Work-level metadata only; verify the exact publisher edition and printing.,,,Medium,https://openlibrary.org/works/OL6225384W,BROAD
openlibrary:OL21918848W,Henry Leutwyler,Irene Halsman | Mark Lubell | Oliver Halsman Rosenberg,Henry Leutwyler : Philippe Halsman,,2020,Steidl,,Specialist photography publisher backlist: Steidl,C,4,Work-level metadata only; verify the exact publisher edition and printing.,,,Medium,https://openlibrary.org/works/OL21918848W,BROAD
openlibrary:OL23247453W,Henry Leutwyler,,Neverland lost,,2010,Steidl,,Specialist photography publisher backlist: Steidl,C,4,Work-level metadata only; verify the exact publisher edition and printing.,,,Medium,https://openlibrary.org/works/OL23247453W,BROAD
openlibrary:OL5286670W,Henry Wessel,,Henry Wessel,,1987,Steidl,,Specialist photography publisher backlist: Steidl,C,4,Work-level metadata only; verify the exact publisher edition and printing.,,,Medium,https://openlibrary.org/works/OL5286670W,BROAD
openlibrary:OL19099404W,Henry Wessel,,Henry Wessel: Incidents,,2013,Steidl,,Specialist photography publisher backlist: Steidl,C,4,Work-level metadata only; verify the exact publisher edition and printing.,,,Medium,https://openlibrary.org/works/OL19099404W,BROAD
openlibrary:OL21148391W,Henry Wessel,,Traffic - Sunset Park - Continental Divide,,2017,Steidl,,Specialist photography publisher backlist: Steidl,C,4,Work-level metadata only; verify the exact publisher edition and printing.,,,Medium,https://openlibrary.org/works/OL21148391W,BROAD
openlibrary:OL21035183W,Henry Wessel,,Waikiki,,2012,Steidl,,Specialist photography publisher backlist: Steidl,C,4,Work-level metadata only; verify the exact publisher edition and printing.,,,Medium,https://openlibrary.org/works/OL21035183W,BROAD
openlibrary:OL38006124W,Herb Ritts,Bob Paris,Duo,,1991,Twin Palms,,Specialist photography publisher backlist: Twin Palms,B,4,Work-level metadata only; verify the exact publisher edition and printing.,,,Medium,https://openlibrary.org/works/OL38006124W,BROAD
openlibrary:OL3245976W,Herb Ritts,,Herb Ritts,,1988,Twin Palms,,Specialist photography publisher backlist: Twin Palms | Specialist photography publisher backlist: Schirmer/Mosel | Specialist photography publisher backlist: Thames & Hudson,B,4,Work-level metadata only; verify the exact publisher edition and printing.,,,Medium,https://openlibrary.org/works/OL3245976W,BROAD
openlibrary:OL3245975W,Herb Ritts,,Pictures,,1988,Twin Palms,,Specialist photography publisher backlist: Twin Palms,B,4,Work-level metadata only; verify the exact publisher edition and printing.,,,Medium,https://openlibrary.org/works/OL3245975W,BROAD
openlibrary:OL2565350W,Herbert List,,Herbert List,,1976,Twin Palms,,Specialist photography publisher backlist: Twin Palms,B,4,Work-level metadata only; verify the exact publisher edition and printing.,,,Medium,https://openlibrary.org/works/OL2565350W,BROAD
openlibrary:OL2565346W,Herbert List,,Junge Männer,,1988,Twin Palms,,Specialist photography publisher backlist: Twin Palms,B,4,Work-level metadata only; verify the exact publisher edition and printing.,,,Medium,https://openlibrary.org/works/OL2565346W,BROAD
openlibrary:OL19099022W,Herbert Tobias,,Blicke und Begehren: Der Fotograf Herbert Tobias (1924-1982),,2008,Steidl,,Specialist photography publisher backlist: Steidl,C,4,Work-level metadata only; verify the exact publisher edition and printing.,,,Medium,https://openlibrary.org/works/OL19099022W,BROAD
openlibrary:OL35711502W,Herlinde Koelbl,,Herlinde Koelbl,,2023,Steidl,,Specialist photography publisher backlist: Steidl,C,4,Work-level metadata only; verify the exact publisher edition and printing.,,,Medium,https://openlibrary.org/works/OL35711502W,BROAD
openlibrary:OL22795800W,Herlinde Koelbl,,Mein Blick,,2009,Steidl,,Specialist photography publisher backlist: Steidl,C,4,Work-level metadata only; verify the exact publisher edition and printing.,,,Medium,https://openlibrary.org/works/OL22795800W,BROAD
openlibrary:OL35781298W,Herman Ellis Dyal,,Things Not Seen Are Eternal,,2023,GOST,,Specialist photography publisher backlist: GOST,B,4,Work-level metadata only; verify the exact publisher edition and printing.,,,Medium,https://openlibrary.org/works/OL35781298W,BROAD
openlibrary:OL35718210W,"Hill, John",Kathy Leonard Czepiel | Corinne A. Forti | Stephen V. Kobasa,John T. Hill,,2023,Steidl,,Specialist photography publisher backlist: Steidl,C,4,Work-level metadata only; verify the exact publisher edition and printing.,,,Medium,https://openlibrary.org/works/OL35718210W,BROAD
openlibrary:OL18465205W,"Hill, Paul",Thomas Joshua Cooper | Paul Hill | Thomas Cooper,Dialogue with photography,,1979,Dewi Lewis,,Specialist photography publisher backlist: Dewi Lewis,B,4,Work-level metadata only; verify the exact publisher edition and printing.,,,Medium,https://openlibrary.org/works/OL18465205W,BROAD
openlibrary:OL17459998W,Hiroh Kikai,,Hiroh Kikai Asakusa Portraits,,2008,Steidl,,Specialist photography publisher backlist: Steidl,C,4,Work-level metadata only; verify the exact publisher edition and printing.,,,Medium,https://openlibrary.org/works/OL17459998W,BROAD
openlibrary:OL20023134W,Hiroji Kubota,,Hiroji Kubota,,2015,Aperture,,Specialist photography publisher backlist: Aperture,C,4,Work-level metadata only; verify the exact publisher edition and printing.,,,Medium,https://openlibrary.org/works/OL20023134W,BROAD
openlibrary:OL13577979W,Hiromix.,,Hiromix,,1998,Steidl,,Specialist photography publisher backlist: Steidl,C,4,Work-level metadata only; verify the exact publisher edition and printing.,,,Medium,https://openlibrary.org/works/OL13577979W,BROAD
openlibrary:OL20033126W,Hiroshi Sugimoto,,Hiroshi Sugimoto,,2016,Aperture,,Specialist photography publisher backlist: Aperture,C,4,Work-level metadata only; verify the exact publisher edition and printing.,,,Medium,https://openlibrary.org/works/OL20033126W,BROAD
openlibrary:OL41904545W,Hiroshi Watanabe,Richard Curtis Hauschild,Love Point,,2010,Nazraeli Press,,Specialist photography publisher backlist: Nazraeli Press,B,4,Work-level metadata only; verify the exact publisher edition and printing.,,,Medium,https://openlibrary.org/works/OL41904545W,BROAD
openlibrary:OL31860213W,Hoda Afshar,,Speak the wind,,2021,MACK,,Specialist photography publisher backlist: MACK,B,4,Work-level metadata only; verify the exact publisher edition and printing.,,,Medium,https://openlibrary.org/works/OL31860213W,BROAD
openlibrary:OL31923806W,Holly Lynton,,Bare handed,,2022,L'Artiere,,Specialist photography publisher backlist: L'Artiere,B,4,Work-level metadata only; verify the exact publisher edition and printing.,,,Medium,https://openlibrary.org/works/OL31923806W,BROAD
openlibrary:OL4489318W,Holly Roberts,,Holly Roberts,,1989,Nazraeli Press,,Specialist photography publisher backlist: Nazraeli Press,B,4,Work-level metadata only; verify the exact publisher edition and printing.,,,Medium,https://openlibrary.org/works/OL4489318W,BROAD
openlibrary:OL17563187W,Horacio Fernandez,,The Latin American Photobook,,2011,Aperture,,Specialist photography publisher backlist: Aperture,C,4,Work-level metadata only; verify the exact publisher edition and printing.,,,Medium,https://openlibrary.org/works/OL17563187W,BROAD
openlibrary:OL3407438W,"Horn, Rebecca",,Rebecca Horn,,1976,Scalo,,Specialist photography publisher backlist: Scalo | Specialist photography publisher backlist: Hatje Cantz,B,4,Work-level metadata only; verify the exact publisher edition and printing.,,,Medium,https://openlibrary.org/works/OL3407438W,BROAD
openlibrary:OL2093782W,Horst,,Form,,1992,Twin Palms,,Specialist photography publisher backlist: Twin Palms,B,4,Work-level metadata only; verify the exact publisher edition and printing.,,,Medium,https://openlibrary.org/works/OL2093782W,BROAD
openlibrary:OL21358760W,Horst Horst,Susanna Brown,Horst P. Horst,,2019,Steidl,,Specialist photography publisher backlist: Steidl,C,4,Work-level metadata only; verify the exact publisher edition and printing.,,,Medium,https://openlibrary.org/works/OL21358760W,BROAD
openlibrary:OL21150950W,Horst Von Harbou,,Metropolis,,2018,Steidl,,Specialist photography publisher backlist: Steidl,C,4,Work-level metadata only; verify the exact publisher edition and printing.,,,Medium,https://openlibrary.org/works/OL21150950W,BROAD
openlibrary:OL9041970W,Hubertus von Amelunxen,,Petra Wittmar,,2007,Steidl,,Specialist photography publisher backlist: Steidl,C,4,Work-level metadata only; verify the exact publisher edition and printing.,,,Medium,https://openlibrary.org/works/OL9041970W,BROAD
openlibrary:OL25874100W,Humble Arts Foundation,,Humble Cats,,2017,Yoffy Press,,Specialist photography publisher backlist: Yoffy Press,B,4,Work-level metadata only; verify the exact publisher edition and printing.,,,Medium,https://openlibrary.org/works/OL25874100W,BROAD
openlibrary:OL8937170W,Iain Brownlie Roy,,Beyond The Imaginary Gates,,2004,Dewi Lewis,,Specialist photography publisher backlist: Dewi Lewis,B,4,Work-level metadata only; verify the exact publisher edition and printing.,,,Medium,https://openlibrary.org/works/OL8937170W,BROAD
openlibrary:OL42292357W,Ikkaku Ochi,Wilhelm von Gloeden | Pierre Molinier | Charles Eisenmann,Dr. Ikkaku Ochi collection,,2003,Scalo,,Specialist photography publisher backlist: Scalo,B,4,Work-level metadata only; verify the exact publisher edition and printing.,,,Medium,https://openlibrary.org/works/OL42292357W,BROAD
openlibrary:OL20747114W,Ilisa Barbash,"Molly Rogers | Deborah Willis - undifferentiated | Henry Louis Gates, Jr.",To Make Their Own Way in the World,,2020,Aperture,,Specialist photography publisher backlist: Aperture,C,4,Work-level metadata only; verify the exact publisher edition and printing.,,,Medium,https://openlibrary.org/works/OL20747114W,BROAD
openlibrary:OL35714762W,Imani Perry,Sarah Kennel | Gregory J. Harris | Makeda Best,Long Arc : Photography and the American South,,2023,Aperture,,Specialist photography publisher backlist: Aperture,C,4,Work-level metadata only; verify the exact publisher edition and printing.,,,Medium,https://openlibrary.org/works/OL35714762W,BROAD
openlibrary:OL2770269W,Imogen Cunningham,Pradip Malde | P. Celina Lunsford,Imogen Cunningham,,1964,Aperture,,Specialist photography publisher backlist: Aperture,C,4,Work-level metadata only; verify the exact publisher edition and printing.,,,Medium,https://openlibrary.org/works/OL2770269W,BROAD
openlibrary:OL36447946W,Inge Feltrinelli,,Inge Feltrinelli,,2013,Steidl,,Specialist photography publisher backlist: Steidl,C,4,Work-level metadata only; verify the exact publisher edition and printing.,,,Medium,https://openlibrary.org/works/OL36447946W,BROAD
openlibrary:OL33041059W,Inge Morath,,First color,,2009,Steidl,,Specialist photography publisher backlist: Steidl,C,4,Work-level metadata only; verify the exact publisher edition and printing.,,,Medium,https://openlibrary.org/works/OL33041059W,BROAD
openlibrary:OL971473W,Inge Morath,,Portraits,,1986,Aperture,,Specialist photography publisher backlist: Aperture,C,4,Work-level metadata only; verify the exact publisher edition and printing.,,,Medium,https://openlibrary.org/works/OL971473W,BROAD
openlibrary:OL8774260W,Ingrid Pollard,,Postcards Home (Autograph),,2004,Chris Boot,,Specialist photography publisher backlist: Chris Boot,B,4,Work-level metadata only; verify the exact publisher edition and printing.,,,Medium,https://openlibrary.org/works/OL8774260W,BROAD
openlibrary:OL16666462W,Inka Schube,Thomas Weski,Photography calling!,,2011,Steidl,,Specialist photography publisher backlist: Steidl,C,4,Work-level metadata only; verify the exact publisher edition and printing.,,,Medium,https://openlibrary.org/works/OL16666462W,BROAD
openlibrary:OL18413165W,International Center of Photography,Brian Wallis | Christopher Phillips | Philip-Lorca diCorcia,Strangers,,2003,Steidl,,Specialist photography publisher backlist: Steidl,C,4,Work-level metadata only; verify the exact publisher edition and printing.,,,Medium,https://openlibrary.org/works/OL18413165W,BROAD
openlibrary:OL5869662W,Iren Stehli,Iren Stehll | Franca Comalini | Anna Farova,Libuna,,2002,Scalo,,Specialist photography publisher backlist: Scalo,B,4,Work-level metadata only; verify the exact publisher edition and printing.,,,Medium,https://openlibrary.org/works/OL5869662W,BROAD
openlibrary:OL25897789W,Irina Rozovsky,,Continuum,,2019,Yoffy Press,,Specialist photography publisher backlist: Yoffy Press,B,4,Work-level metadata only; verify the exact publisher edition and printing.,,,Medium,https://openlibrary.org/works/OL25897789W,BROAD
openlibrary:OL515820W,Irving Penn,Sylvia Wolf | Alexandra Beller,Dancer,,2001,Nazraeli Press,,Specialist photography publisher backlist: Nazraeli Press,B,4,Work-level metadata only; verify the exact publisher edition and printing.,,,Medium,https://openlibrary.org/works/OL515820W,BROAD
openlibrary:OL18857835W,Irwin Shaw,,"Paris/Magnum, photographs 1935-1981",,1981,Aperture,,Specialist photography publisher backlist: Aperture,C,4,Work-level metadata only; verify the exact publisher edition and printing.,,,Medium,https://openlibrary.org/works/OL18857835W,BROAD
openlibrary:OL31498505W,Issei Suda,,Tokyokei,,2013,Nazraeli Press,,Specialist photography publisher backlist: Nazraeli Press,B,4,Work-level metadata only; verify the exact publisher edition and printing.,,,Medium,https://openlibrary.org/works/OL31498505W,BROAD
openlibrary:OL21045570W,Ivan Sigal,,White Road,,2013,Steidl,,Specialist photography publisher backlist: Steidl,C,4,Work-level metadata only; verify the exact publisher edition and printing.,,,Medium,https://openlibrary.org/works/OL21045570W,BROAD
openlibrary:OL18591010W,Ivan Vartanian,,Setting sun,,2005,Aperture,,Specialist photography publisher backlist: Aperture,C,4,Work-level metadata only; verify the exact publisher edition and printing.,,,Medium,https://openlibrary.org/works/OL18591010W,BROAD
openlibrary:OL21295170W,Ivars Gravlejs,,Early Works,,2015,MACK,,Specialist photography publisher backlist: MACK,B,4,Work-level metadata only; verify the exact publisher edition and printing.,,,Medium,https://openlibrary.org/works/OL21295170W,BROAD
openlibrary:OL7337726W,Iwao Yamawaki,,Iwao Yamawaki,,1999,Steidl,,Specialist photography publisher backlist: Steidl,C,4,Work-level metadata only; verify the exact publisher edition and printing.,,,Medium,https://openlibrary.org/works/OL7337726W,BROAD
openlibrary:OL25921419W,Izabela Jurcewitz,,Body As a Negative,,2022,Yoffy Press,,Specialist photography publisher backlist: Yoffy Press,B,4,Work-level metadata only; verify the exact publisher edition and printing.,,,Medium,https://openlibrary.org/works/OL25921419W,BROAD
openlibrary:OL24152434W,J Carrier,,Elementary Calculus,,2012,MACK,,Specialist photography publisher backlist: MACK,B,4,Work-level metadata only; verify the exact publisher edition and printing.,,,Medium,https://openlibrary.org/works/OL24152434W,BROAD
openlibrary:OL11523436W,J. D. 'Okhai Ojeikere,,J.D. 'Okhai Ojeikere,,2000,Scalo,,Specialist photography publisher backlist: Scalo,B,4,Work-level metadata only; verify the exact publisher edition and printing.,,,Medium,https://openlibrary.org/works/OL11523436W,BROAD
openlibrary:OL33105130W,J. H. Engström,,CDG--JHE,,2008,Steidl,,Specialist photography publisher backlist: Steidl,C,4,Work-level metadata only; verify the exact publisher edition and printing.,,,Medium,https://openlibrary.org/works/OL33105130W,BROAD
openlibrary:OL13579492W,J. H. Engström,,Haunts,,2006,Steidl,,Specialist photography publisher backlist: Steidl,C,4,Work-level metadata only; verify the exact publisher edition and printing.,,,Medium,https://openlibrary.org/works/OL13579492W,BROAD
openlibrary:OL26783618W,J. H. Engström,,JH Engström,,2013,Aperture,,Specialist photography publisher backlist: Aperture,C,4,Work-level metadata only; verify the exact publisher edition and printing.,,,Medium,https://openlibrary.org/works/OL26783618W,BROAD
openlibrary:OL28809520W,J. Williams,Uzzle,Aperture,,1976,Aperture,,Specialist photography publisher backlist: Aperture,C,4,Work-level metadata only; verify the exact publisher edition and printing.,,,Medium,https://openlibrary.org/works/OL28809520W,BROAD
openlibrary:OL18395409W,Jack Hitt,Tim Davis,My life in politics,,2006,Aperture,,Specialist photography publisher backlist: Aperture,C,4,Work-level metadata only; verify the exact publisher edition and printing.,,,Medium,https://openlibrary.org/works/OL18395409W,BROAD
openlibrary:OL3957588W,Jack Pierson,,Every single one of them,,2004,Twin Palms,,Specialist photography publisher backlist: Twin Palms,B,4,Work-level metadata only; verify the exact publisher edition and printing.,,,Medium,https://openlibrary.org/works/OL3957588W,BROAD
openlibrary:OL2773630W,Jack Stuler,,In the nature of things,,1990,Nazraeli Press,,Specialist photography publisher backlist: Nazraeli Press,B,4,Work-level metadata only; verify the exact publisher edition and printing.,,,Medium,https://openlibrary.org/works/OL2773630W,BROAD
openlibrary:OL8859331W,Jack Webb,,Jack Webb,,2000,Dewi Lewis,,Specialist photography publisher backlist: Dewi Lewis,B,4,Work-level metadata only; verify the exact publisher edition and printing.,,,Medium,https://openlibrary.org/works/OL8859331W,BROAD
openlibrary:OL7092299W,Jack Welpott,,The Halide Conversion,,1989,Aperture,,Specialist photography publisher backlist: Aperture,C,4,Work-level metadata only; verify the exact publisher edition and printing.,,,Medium,https://openlibrary.org/works/OL7092299W,BROAD
openlibrary:OL5640280W,Jack Woody,,"George Platt Lynes Photographs, 1931-1955",,1981,Twin Palms,,Specialist photography publisher backlist: Twin Palms,B,4,Work-level metadata only; verify the exact publisher edition and printing.,,,Medium,https://openlibrary.org/works/OL5640280W,BROAD
openlibrary:OL5640281W,Jack Woody,,Lost Hollywood,,1987,Twin Palms,,Specialist photography publisher backlist: Twin Palms,B,4,Work-level metadata only; verify the exact publisher edition and printing.,,,Medium,https://openlibrary.org/works/OL5640281W,BROAD
openlibrary:OL33187319W,Jackie Nickerson,,Faith,,2007,MACK,,Specialist photography publisher backlist: MACK,B,4,Work-level metadata only; verify the exact publisher edition and printing.,,,Medium,https://openlibrary.org/works/OL33187319W,BROAD
openlibrary:OL25330693W,Jackie Nickerson,,Jackie Nickerson,,2021,Steidl,,Specialist photography publisher backlist: Steidl,C,4,Work-level metadata only; verify the exact publisher edition and printing.,,,Medium,https://openlibrary.org/works/OL25330693W,BROAD
openlibrary:OL37580124W,Jaclyn Wright,R. H. Lossin,High Visibility (Blaze Orange),,2023,GOST,,Specialist photography publisher backlist: GOST,B,4,Work-level metadata only; verify the exact publisher edition and printing.,,,Medium,https://openlibrary.org/works/OL37580124W,BROAD
openlibrary:OL2140407W,Jacqueline Goy,,Guido Mocafico,,2006,Steidl,,Specialist photography publisher backlist: Steidl,C,4,Work-level metadata only; verify the exact publisher edition and printing.,,,Medium,https://openlibrary.org/works/OL2140407W,BROAD
openlibrary:OL6085938W,Jacqueline Hassink,,The Power Book,,2007,Chris Boot,,Specialist photography publisher backlist: Chris Boot,B,4,Work-level metadata only; verify the exact publisher edition and printing.,,,Medium,https://openlibrary.org/works/OL6085938W,BROAD
openlibrary:OL3554018W,Jacques-Henri Lartigue,,Jacques-Henri Lartigue,,1976,Aperture,,Specialist photography publisher backlist: Aperture,C,4,Work-level metadata only; verify the exact publisher edition and printing.,,,Medium,https://openlibrary.org/works/OL3554018W,BROAD
openlibrary:OL2542650W,Jakob Tuggener,Martin Gasser | Martin Grasser | Guido Magnaguogno,Jakob Tuggener,,2000,Scalo,,Specialist photography publisher backlist: Scalo | Specialist photography publisher backlist: Steidl,B,4,Work-level metadata only; verify the exact publisher edition and printing.,,,Medium,https://openlibrary.org/works/OL2542650W,BROAD
openlibrary:OL18278769W,James Allen,Hilton Als | Jon Lewis | Leon F. Litwack,Without sanctuary,,2000,Twin Palms,,Specialist photography publisher backlist: Twin Palms,B,4,Work-level metadata only; verify the exact publisher edition and printing.,,,Medium,https://openlibrary.org/works/OL18278769W,BROAD
openlibrary:OL4092127W,James B. Hall,,Minor White,,1981,Aperture,,Specialist photography publisher backlist: Aperture,C,4,Work-level metadata only; verify the exact publisher edition and printing.,,,Medium,https://openlibrary.org/works/OL4092127W,BROAD
openlibrary:OL1993232W,James Baker Hall,,Minor White,,2005,Aperture,,Specialist photography publisher backlist: Aperture,C,4,Work-level metadata only; verify the exact publisher edition and printing.,,,Medium,https://openlibrary.org/works/OL1993232W,BROAD
openlibrary:OL21220007W,James Kelman,,Close Season,,2002,Dewi Lewis,,Specialist photography publisher backlist: Dewi Lewis,B,4,Work-level metadata only; verify the exact publisher edition and printing.,,,Medium,https://openlibrary.org/works/OL21220007W,BROAD
openlibrary:OL1853434W,James Laughlin,,Phantoms,,1995,Aperture,,Specialist photography publisher backlist: Aperture,C,4,Work-level metadata only; verify the exact publisher edition and printing.,,,Medium,https://openlibrary.org/works/OL1853434W,BROAD
openlibrary:OL21001878W,James Mollison,,James and Other Apes,,2006,Chris Boot,,Specialist photography publisher backlist: Chris Boot,B,4,Work-level metadata only; verify the exact publisher edition and printing.,,,Medium,https://openlibrary.org/works/OL21001878W,BROAD
openlibrary:OL19951641W,James Mollison,,Where children sleep,,2010,Chris Boot,,Specialist photography publisher backlist: Chris Boot,B,4,Work-level metadata only; verify the exact publisher edition and printing.,,,Medium,https://openlibrary.org/works/OL19951641W,BROAD
openlibrary:OL20247557W,James Steward,Michael Kenna,Michael Kenna,,2010,Nazraeli Press,,Specialist photography publisher backlist: Nazraeli Press,B,4,Work-level metadata only; verify the exact publisher edition and printing.,,,Medium,https://openlibrary.org/works/OL20247557W,BROAD
openlibrary:OL20001593W,James Welling,,James Welling,,2002,Aperture,,Specialist photography publisher backlist: Aperture,C,4,Work-level metadata only; verify the exact publisher edition and printing.,,,Medium,https://openlibrary.org/works/OL20001593W,BROAD
openlibrary:OL2438364W,James Welling,,Light sources,,1996,MACK,,Specialist photography publisher backlist: MACK | Specialist photography publisher backlist: Steidl,B,4,Work-level metadata only; verify the exact publisher edition and printing.,,,Medium,https://openlibrary.org/works/OL2438364W,BROAD
openlibrary:OL16529335W,Jamey Stillings,,The bridge at Hoover Dam,,2011,Nazraeli Press,,Specialist photography publisher backlist: Nazraeli Press,B,4,Work-level metadata only; verify the exact publisher edition and printing.,,,Medium,https://openlibrary.org/works/OL16529335W,BROAD
openlibrary:OL31860223W,Jamie Hawkesworth,,The British Isles,,2021,MACK,,Specialist photography publisher backlist: MACK,B,4,Work-level metadata only; verify the exact publisher edition and printing.,,,Medium,https://openlibrary.org/works/OL31860223W,BROAD
openlibrary:OL20046782W,Jamie M. Allen,,Picturing America's national parks,,2016,Aperture,,Specialist photography publisher backlist: Aperture,C,4,Work-level metadata only; verify the exact publisher edition and printing.,,,Medium,https://openlibrary.org/works/OL20046782W,BROAD
openlibrary:OL20574147W,Jamie M. Allen,Sarah Anne McNear,The Photographer in the Garden,,2018,Aperture,,Specialist photography publisher backlist: Aperture,C,4,Work-level metadata only; verify the exact publisher edition and printing.,,,Medium,https://openlibrary.org/works/OL20574147W,BROAD
openlibrary:OL33072744W,Jan Jedlička,,Il cerchio,,2008,Steidl,,Specialist photography publisher backlist: Steidl,C,4,Work-level metadata only; verify the exact publisher edition and printing.,,,Medium,https://openlibrary.org/works/OL33072744W,BROAD
openlibrary:OL2283739W,Jan Saudek,,The world of Jan Saudek,,1979,Aperture,,Specialist photography publisher backlist: Aperture,C,4,Work-level metadata only; verify the exact publisher edition and printing.,,,Medium,https://openlibrary.org/works/OL2283739W,BROAD
openlibrary:OL2766129W,Jan Staller,,On planet Earth,,1997,Aperture,,Specialist photography publisher backlist: Aperture,C,4,Work-level metadata only; verify the exact publisher edition and printing.,,,Medium,https://openlibrary.org/works/OL2766129W,BROAD
openlibrary:OL21332686W,Janet Delaney,Nathan Heller,Public Matters,,2018,MACK,,Specialist photography publisher backlist: MACK,B,4,Work-level metadata only; verify the exact publisher edition and printing.,,,Medium,https://openlibrary.org/works/OL21332686W,BROAD
openlibrary:OL32026200W,Janet Delaney,,Red eye to New York,,2021,MACK,,Specialist photography publisher backlist: MACK,B,4,Work-level metadata only; verify the exact publisher edition and printing.,,,Medium,https://openlibrary.org/works/OL32026200W,BROAD
openlibrary:OL1993782W,Janet Malcolm,,Diana & Nikon,,1980,Aperture,,Specialist photography publisher backlist: Aperture,C,4,Work-level metadata only; verify the exact publisher edition and printing.,,,Medium,https://openlibrary.org/works/OL1993782W,BROAD
openlibrary:OL16238512W,Janine Wassmer,,Janine Wassmer,,2008,Steidl,,Specialist photography publisher backlist: Steidl,C,4,Work-level metadata only; verify the exact publisher edition and printing.,,,Medium,https://openlibrary.org/works/OL16238512W,BROAD
openlibrary:OL6145243W,Janos Frecot,,Points of View,,2007,Steidl,,Specialist photography publisher backlist: Steidl,C,4,Work-level metadata only; verify the exact publisher edition and printing.,,,Medium,https://openlibrary.org/works/OL6145243W,BROAD
openlibrary:OL12011433W,Jaroslav Anděl,,The new vision for the new architecture,,2006,Scalo,,Specialist photography publisher backlist: Scalo,B,4,Work-level metadata only; verify the exact publisher edition and printing.,,,Medium,https://openlibrary.org/works/OL12011433W,BROAD
openlibrary:OL17442923W,Jason Bell,,An Englishman In New York,,2011,Dewi Lewis,,Specialist photography publisher backlist: Dewi Lewis,B,4,Work-level metadata only; verify the exact publisher edition and printing.,,,Medium,https://openlibrary.org/works/OL17442923W,BROAD
openlibrary:OL17557179W,Jason Bell,,Giveget,,2004,Dewi Lewis,,Specialist photography publisher backlist: Dewi Lewis,B,4,Work-level metadata only; verify the exact publisher edition and printing.,,,Medium,https://openlibrary.org/works/OL17557179W,BROAD
openlibrary:OL8866233W,Jason Bell,,Hats Off,,2003,Dewi Lewis,,Specialist photography publisher backlist: Dewi Lewis,B,4,Work-level metadata only; verify the exact publisher edition and printing.,,,Medium,https://openlibrary.org/works/OL8866233W,BROAD
openlibrary:OL21245030W,Jason Evans,,NYLPT,,2012,MACK,,Specialist photography publisher backlist: MACK,B,4,Work-level metadata only; verify the exact publisher edition and printing.,,,Medium,https://openlibrary.org/works/OL21245030W,BROAD
openlibrary:OL31469628W,Jason Evans,,UKG,,2013,GOST,,Specialist photography publisher backlist: GOST,B,4,Work-level metadata only; verify the exact publisher edition and printing.,,,Medium,https://openlibrary.org/works/OL31469628W,BROAD
openlibrary:OL32071816W,Jason Fulford,,Picture summer on Kodak film,,2020,MACK,,Specialist photography publisher backlist: MACK,B,4,Work-level metadata only; verify the exact publisher edition and printing.,,,Medium,https://openlibrary.org/works/OL32071816W,BROAD
openlibrary:OL19983218W,Jason Fulford,Greg Halpern | Mike Slack,The photographer's playbook,,2014,Aperture,,Specialist photography publisher backlist: Aperture,C,4,Work-level metadata only; verify the exact publisher edition and printing.,,,Medium,https://openlibrary.org/works/OL19983218W,BROAD
openlibrary:OL20004170W,Jason Fulford,,This equals that,,2014,Aperture,,Specialist photography publisher backlist: Aperture,C,4,Work-level metadata only; verify the exact publisher edition and printing.,,,Medium,https://openlibrary.org/works/OL20004170W,BROAD
openlibrary:OL23410806W,Jason Langer,,Possession,,2013,Nazraeli Press,,Specialist photography publisher backlist: Nazraeli Press,B,4,Work-level metadata only; verify the exact publisher edition and printing.,,,Medium,https://openlibrary.org/works/OL23410806W,BROAD
openlibrary:OL8976582W,Jason Langer,,Secret city,,2001,Nazraeli Press,,Specialist photography publisher backlist: Nazraeli Press,B,4,Work-level metadata only; verify the exact publisher edition and printing.,,,Medium,https://openlibrary.org/works/OL8976582W,BROAD
openlibrary:OL17526327W,Jason Schmidt,,Jason Schmidt,,2014,Steidl,,Specialist photography publisher backlist: Steidl,C,4,Work-level metadata only; verify the exact publisher edition and printing.,,,Medium,https://openlibrary.org/works/OL17526327W,BROAD
openlibrary:OL22323721W,Jay Maisel,,New York in the '50s,,2014,Nazraeli Press,,Specialist photography publisher backlist: Nazraeli Press,B,4,Work-level metadata only; verify the exact publisher edition and printing.,,,Medium,https://openlibrary.org/works/OL22323721W,BROAD
openlibrary:OL4135253W,Jean C. Pigozzi,,A short visit to Planet Earth,,1991,Aperture,,Specialist photography publisher backlist: Aperture,C,4,Work-level metadata only; verify the exact publisher edition and printing.,,,Medium,https://openlibrary.org/works/OL4135253W,BROAD
openlibrary:OL9054500W,Jean-Frederic Schnyder,,Jean-Frederic Schnyder,,2002,Scalo,,Specialist photography publisher backlist: Scalo,B,4,Work-level metadata only; verify the exact publisher edition and printing.,,,Medium,https://openlibrary.org/works/OL9054500W,BROAD
openlibrary:OL4813602W,Jean-Louis Bourgeois,Basil Davidson,Spectacular vernacular,,1983,Aperture,,Specialist photography publisher backlist: Aperture,C,4,Work-level metadata only; verify the exact publisher edition and printing.,,,Medium,https://openlibrary.org/works/OL4813602W,BROAD
openlibrary:OL9893511W,Jean Luc Mylayne,,Jean Luc Mylayne,,2007,Twin Palms,,Specialist photography publisher backlist: Twin Palms,B,4,Work-level metadata only; verify the exact publisher edition and printing.,,,Medium,https://openlibrary.org/works/OL9893511W,BROAD
openlibrary:OL1740634W,Jean Odermatt,,Himmelsland,,1997,Scalo,,Specialist photography publisher backlist: Scalo,B,4,Work-level metadata only; verify the exact publisher edition and printing.,,,Medium,https://openlibrary.org/works/OL1740634W,BROAD
openlibrary:OL1740636W,Jean Odermatt,,Skyscapes,,1997,Scalo,,Specialist photography publisher backlist: Scalo,B,4,Work-level metadata only; verify the exact publisher edition and printing.,,,Medium,https://openlibrary.org/works/OL1740636W,BROAD
openlibrary:OL4351980W,Jean-Philippe Reverdot,,The proof,,1996,Dewi Lewis,,Specialist photography publisher backlist: Dewi Lewis,B,4,Work-level metadata only; verify the exact publisher edition and printing.,,,Medium,https://openlibrary.org/works/OL4351980W,BROAD
openlibrary:OL2121371W,Jean-Philippe Toussaint,,Harry Gruyaert: Story,,2007,Steidl,,Specialist photography publisher backlist: Steidl,C,4,Work-level metadata only; verify the exact publisher edition and printing.,,,Medium,https://openlibrary.org/works/OL2121371W,BROAD
openlibrary:OL21153584W,Jean Pigozzi,,Jean Pigozzi,,2010,Steidl,,Specialist photography publisher backlist: Steidl,C,4,Work-level metadata only; verify the exact publisher edition and printing.,,,Medium,https://openlibrary.org/works/OL21153584W,BROAD
openlibrary:OL32184489W,Jean-Yves Jouannais,,Topographies de la guerre,,2011,Steidl,,Specialist photography publisher backlist: Steidl,C,4,Work-level metadata only; verify the exact publisher edition and printing.,,,Medium,https://openlibrary.org/works/OL32184489W,BROAD
openlibrary:OL33046959W,Jeanloup Sieff,,Les indiscrètes,,2007,Steidl,,Specialist photography publisher backlist: Steidl,C,4,Work-level metadata only; verify the exact publisher edition and printing.,,,Medium,https://openlibrary.org/works/OL33046959W,BROAD
openlibrary:OL2251790W,Jeannette Montgomery Barron,,Photographs & poems,,1998,Scalo,,Specialist photography publisher backlist: Scalo,B,4,Work-level metadata only; verify the exact publisher edition and printing.,,,Medium,https://openlibrary.org/works/OL2251790W,BROAD
openlibrary:OL19412458W,Jeannine Fiedler,,Laszlo Moholy-Nagy,,2006,Steidl,,Specialist photography publisher backlist: Steidl,C,4,Work-level metadata only; verify the exact publisher edition and printing.,,,Medium,https://openlibrary.org/works/OL19412458W,BROAD
openlibrary:OL21204099W,Jeff Brouws,Marcella Hackbardt | John Hankey,Jeff Brouws : Silent Monoliths,,2019,Steidl,,Specialist photography publisher backlist: Steidl,C,4,Work-level metadata only; verify the exact publisher edition and printing.,,,Medium,https://openlibrary.org/works/OL21204099W,BROAD
openlibrary:OL162701W,Jeff Burton,,The Other Place,,2005,Twin Palms,,Specialist photography publisher backlist: Twin Palms,B,4,Work-level metadata only; verify the exact publisher edition and printing.,,,Medium,https://openlibrary.org/works/OL162701W,BROAD
openlibrary:OL32511532W,Jeff Chien-Hsing Liao,,"Central Park, New York",,2017,Nazraeli Press,,Specialist photography publisher backlist: Nazraeli Press,B,4,Work-level metadata only; verify the exact publisher edition and printing.,,,Medium,https://openlibrary.org/works/OL32511532W,BROAD
openlibrary:OL23433517W,Jeff Chien-Hsing Liao,,Coney Island,,2013,Nazraeli Press,,Specialist photography publisher backlist: Nazraeli Press,B,4,Work-level metadata only; verify the exact publisher edition and printing.,,,Medium,https://openlibrary.org/works/OL23433517W,BROAD
openlibrary:OL35581800W,Jeff Chien-Hsing Liao,,Habitat 7,,2007,Nazraeli Press,,Specialist photography publisher backlist: Nazraeli Press,B,4,Work-level metadata only; verify the exact publisher edition and printing.,,,Medium,https://openlibrary.org/works/OL35581800W,BROAD
openlibrary:OL3640315W,Jeff Dunas,,State of the blues,,1998,Aperture,,Specialist photography publisher backlist: Aperture,C,4,Work-level metadata only; verify the exact publisher edition and printing.,,,Medium,https://openlibrary.org/works/OL3640315W,BROAD
openlibrary:OL11531371W,Jeff Jacobson,,Melting point,,2006,Nazraeli Press,,Specialist photography publisher backlist: Nazraeli Press,B,4,Work-level metadata only; verify the exact publisher edition and printing.,,,Medium,https://openlibrary.org/works/OL11531371W,BROAD
openlibrary:OL17569125W,Jeff L. Rosenheim,,Walker Evans and the Picture Postcard,,2009,Steidl,,Specialist photography publisher backlist: Steidl,C,4,Work-level metadata only; verify the exact publisher edition and printing.,,,Medium,https://openlibrary.org/works/OL17569125W,BROAD
openlibrary:OL9873104W,Jeff Mermelstein,,Jeff Mermelstein,,2000,Dewi Lewis,,Specialist photography publisher backlist: Dewi Lewis,B,4,Work-level metadata only; verify the exact publisher edition and printing.,,,Medium,https://openlibrary.org/works/OL9873104W,BROAD
openlibrary:OL28977687W,Jeff Mermelstein,,#NYC,,2020,MACK,,Specialist photography publisher backlist: MACK,B,4,Work-level metadata only; verify the exact publisher edition and printing.,,,Medium,https://openlibrary.org/works/OL28977687W,BROAD
openlibrary:OL9873106W,Jeff Mermelstein,,Sidewalk,,1999,Dewi Lewis,,Specialist photography publisher backlist: Dewi Lewis,B,4,Work-level metadata only; verify the exact publisher edition and printing.,,,Medium,https://openlibrary.org/works/OL9873106W,BROAD
openlibrary:OL19415863W,Jeff Rosenheim,Douglas Eklund | Alexis Schwarzenbach | Jeff L. Rosenheim,Unclassified,,2000,Scalo,,Specialist photography publisher backlist: Scalo,B,4,Work-level metadata only; verify the exact publisher edition and printing.,,,Medium,https://openlibrary.org/works/OL19415863W,BROAD
openlibrary:OL26856620W,Jeff Wall,,Sudden Gust of Wind (after Hokusai),,2021,TBW Books,,Specialist photography publisher backlist: TBW Books,B,4,Work-level metadata only; verify the exact publisher edition and printing.,,,Medium,https://openlibrary.org/works/OL26856620W,BROAD
openlibrary:OL32533530W,Jeffrey Conley,,Reverence,,2018,Nazraeli Press,,Specialist photography publisher backlist: Nazraeli Press,B,4,Work-level metadata only; verify the exact publisher edition and printing.,,,Medium,https://openlibrary.org/works/OL32533530W,BROAD
openlibrary:OL16240575W,Jeffrey Conley,,Winter,,2011,Nazraeli Press,,Specialist photography publisher backlist: Nazraeli Press,B,4,Work-level metadata only; verify the exact publisher edition and printing.,,,Medium,https://openlibrary.org/works/OL16240575W,BROAD
openlibrary:OL28805709W,Jeffrey Ladd,,Field Measure Survey of American Architecture,,2021,MACK,,Specialist photography publisher backlist: MACK,B,4,Work-level metadata only; verify the exact publisher edition and printing.,,,Medium,https://openlibrary.org/works/OL28805709W,BROAD
openlibrary:OL21341900W,Jem Southam,,Jem Southam - the Moth,,2018,MACK,,Specialist photography publisher backlist: MACK,B,4,Work-level metadata only; verify the exact publisher edition and printing.,,,Medium,https://openlibrary.org/works/OL21341900W,BROAD
openlibrary:OL21256216W,Jem Southam,Richard Hamblyn,River Winter,,2012,MACK,,Specialist photography publisher backlist: MACK,B,4,Work-level metadata only; verify the exact publisher edition and printing.,,,Medium,https://openlibrary.org/works/OL21256216W,BROAD
openlibrary:OL11638163W,Jem Southam,,The painter's pool,,2006,Nazraeli Press,,Specialist photography publisher backlist: Nazraeli Press,B,4,Work-level metadata only; verify the exact publisher edition and printing.,,,Medium,https://openlibrary.org/works/OL11638163W,BROAD
openlibrary:OL21665875W,Jeremiah Dine,"Yolanda Cuomo | Sullivan, Robert | Frank O'Hara",Jeremiah Dine,,2020,Steidl,,Specialist photography publisher backlist: Steidl,C,4,Work-level metadata only; verify the exact publisher edition and printing.,,,Medium,https://openlibrary.org/works/OL21665875W,BROAD
openlibrary:OL15617596W,Jeremy Stigter,,The Jewish bride,,2008,Nazraeli Press,,Specialist photography publisher backlist: Nazraeli Press,B,4,Work-level metadata only; verify the exact publisher edition and printing.,,,Medium,https://openlibrary.org/works/OL15617596W,BROAD
openlibrary:OL2640312W,Jerome Liebling,,Jerome Liebling photographs,,1982,Aperture,,Specialist photography publisher backlist: Aperture,C,4,Work-level metadata only; verify the exact publisher edition and printing.,,,Medium,https://openlibrary.org/works/OL2640312W,BROAD
openlibrary:OL2640310W,Jerome Liebling,,"The people, yes",,1995,Aperture,,Specialist photography publisher backlist: Aperture,C,4,Work-level metadata only; verify the exact publisher edition and printing.,,,Medium,https://openlibrary.org/works/OL2640310W,BROAD
openlibrary:OL21150932W,Jerry Berndt,Maik Schluter,Beautiful America,,2017,Steidl,,Specialist photography publisher backlist: Steidl,C,4,Work-level metadata only; verify the exact publisher edition and printing.,,,Medium,https://openlibrary.org/works/OL21150932W,BROAD
openlibrary:OL33108522W,Jerry Berndt,Felix Hoffmann | Maik Schlüter,Jerry Berndt,,2008,Steidl,,Specialist photography publisher backlist: Steidl,C,4,Work-level metadata only; verify the exact publisher edition and printing.,,,Medium,https://openlibrary.org/works/OL33108522W,BROAD
openlibrary:OL32214151W,Jerry Spagnoli,,American dreaming,,2012,Steidl,,Specialist photography publisher backlist: Steidl,C,4,Work-level metadata only; verify the exact publisher edition and printing.,,,Medium,https://openlibrary.org/works/OL32214151W,BROAD
openlibrary:OL9042369W,Jerry Spagnoli,,Jerry Spagnoli,,2006,Steidl,,Specialist photography publisher backlist: Steidl,C,4,Work-level metadata only; verify the exact publisher edition and printing.,,,Medium,https://openlibrary.org/works/OL9042369W,BROAD
openlibrary:OL2983234W,Jerry Uelsmann,,Jerry N. Uelsmann,,1970,Aperture,,Specialist photography publisher backlist: Aperture,C,4,Work-level metadata only; verify the exact publisher edition and printing.,,,Medium,https://openlibrary.org/works/OL2983234W,BROAD
openlibrary:OL31790057W,Jess T. Dugan,,Look at me like you love me,,2022,MACK,,Specialist photography publisher backlist: MACK,B,4,Work-level metadata only; verify the exact publisher edition and printing.,,,Medium,https://openlibrary.org/works/OL31790057W,BROAD
openlibrary:OL624875W,Jim Dine,,Birds,,2001,Steidl,,Specialist photography publisher backlist: Steidl,C,4,Work-level metadata only; verify the exact publisher edition and printing.,,,Medium,https://openlibrary.org/works/OL624875W,BROAD
openlibrary:OL624918W,Jim Dine,,Jim Dine,,1963,Steidl,,Specialist photography publisher backlist: Steidl,C,4,Work-level metadata only; verify the exact publisher edition and printing.,,,Medium,https://openlibrary.org/works/OL624918W,BROAD
openlibrary:OL21088389W,Jim Dine,Gabriele Conrath-Scholl,Jim Dine - My Tools,,2015,Steidl,,Specialist photography publisher backlist: Steidl,C,4,Work-level metadata only; verify the exact publisher edition and printing.,,,Medium,https://openlibrary.org/works/OL21088389W,BROAD
openlibrary:OL624899W,Jim Dine,Andy Grundberg | Jean-Luc Monterosso,"The photographs, so far",,2003,Steidl,,Specialist photography publisher backlist: Steidl,C,4,Work-level metadata only; verify the exact publisher edition and printing.,,,Medium,https://openlibrary.org/works/OL624899W,BROAD
openlibrary:OL624904W,Jim Dine,,This goofy life of constant mourning,,2004,Steidl,,Specialist photography publisher backlist: Steidl,C,4,Work-level metadata only; verify the exact publisher edition and printing.,,,Medium,https://openlibrary.org/works/OL624904W,BROAD
openlibrary:OL17469017W,Jim Dine,,This Is How I Remember Now Portraits Photographs,,2008,Steidl,,Specialist photography publisher backlist: Steidl,C,4,Work-level metadata only; verify the exact publisher edition and printing.,,,Medium,https://openlibrary.org/works/OL17469017W,BROAD
openlibrary:OL19099026W,Jim Goldberg,,Jim Goldberg: Open See,,2009,Steidl,,Specialist photography publisher backlist: Steidl,C,4,Work-level metadata only; verify the exact publisher edition and printing.,,,Medium,https://openlibrary.org/works/OL19099026W,BROAD
openlibrary:OL19988890W,Jim Goldberg,,Rich and poor,,2013,Steidl,,Specialist photography publisher backlist: Steidl,C,4,Work-level metadata only; verify the exact publisher edition and printing.,,,Medium,https://openlibrary.org/works/OL19988890W,BROAD
openlibrary:OL19716894W,Jim Jocoy,,Jim Jocoy,,2017,TBW Books,,Specialist photography publisher backlist: TBW Books,B,4,Work-level metadata only; verify the exact publisher edition and printing.,,,Medium,https://openlibrary.org/works/OL19716894W,BROAD
openlibrary:OL37836960W,Jim Mangan,Roman Bateman | Judith Freeman,Crick,,2024,Twin Palms,,Specialist photography publisher backlist: Twin Palms,B,4,Work-level metadata only; verify the exact publisher edition and printing.,,,Medium,https://openlibrary.org/works/OL37836960W,BROAD
openlibrary:OL20450731W,Jim Perrin,James Morris,A Landscape of Wales,,2010,Dewi Lewis,,Specialist photography publisher backlist: Dewi Lewis,B,4,Work-level metadata only; verify the exact publisher edition and printing.,,,Medium,https://openlibrary.org/works/OL20450731W,BROAD
openlibrary:OL15057370W,Jimmy Carter,,Empower Zone,,2000,Aperture,,Specialist photography publisher backlist: Aperture,C,4,Work-level metadata only; verify the exact publisher edition and printing.,,,Medium,https://openlibrary.org/works/OL15057370W,BROAD
openlibrary:OL20016373W,Jimmy De Sana,,Jimmy DeSana,,2015,Aperture,,Specialist photography publisher backlist: Aperture,C,4,Work-level metadata only; verify the exact publisher edition and printing.,,,Medium,https://openlibrary.org/works/OL20016373W,BROAD
openlibrary:OL35721334W,Jin-me Yoon,Andrea Kunard | Ming Tiampo,Jin-Me Yoon,,2023,Steidl,,Specialist photography publisher backlist: Steidl,C,4,Work-level metadata only; verify the exact publisher edition and printing.,,,Medium,https://openlibrary.org/works/OL35721334W,BROAD
openlibrary:OL25052469W,Jitka Hanzlová,Ulf Erdmann Ziegler,Cotton Rose,,2017,Steidl,,Specialist photography publisher backlist: Steidl,C,4,Work-level metadata only; verify the exact publisher edition and printing.,,,Medium,https://openlibrary.org/works/OL25052469W,BROAD
openlibrary:OL21124687W,Jitka Jedlicka,Urs Stahel | Jan Jedlicka,Jitka Jedlicka 200 M,,2017,Steidl,,Specialist photography publisher backlist: Steidl,C,4,Work-level metadata only; verify the exact publisher edition and printing.,,,Medium,https://openlibrary.org/works/OL21124687W,BROAD
openlibrary:OL26784353W,Jo Ann Callis,Francine Prose,Jo Ann Callis,,2014,Aperture,,Specialist photography publisher backlist: Aperture,C,4,Work-level metadata only; verify the exact publisher edition and printing.,,,Medium,https://openlibrary.org/works/OL26784353W,BROAD
openlibrary:OL33077871W,Joachim Brohm,,"Brohm, Ottersbach",,2009,Steidl,,Specialist photography publisher backlist: Steidl,C,4,Work-level metadata only; verify the exact publisher edition and printing.,,,Medium,https://openlibrary.org/works/OL33077871W,BROAD
openlibrary:OL17564762W,Joakim Eneroth,,Joakim Eneroth,,2011,Steidl,,Specialist photography publisher backlist: Steidl,C,4,Work-level metadata only; verify the exact publisher edition and printing.,,,Medium,https://openlibrary.org/works/OL17564762W,BROAD
openlibrary:OL9579940M,Joan Colom,Marta Gili | Agnes Sire,Joan Colom,,2006,Steidl,,Specialist photography publisher backlist: Steidl,C,4,Work-level metadata only; verify the exact publisher edition and printing.,,,Medium,https://openlibrary.org/works/OL9579940M,BROAD
openlibrary:OL2859642W,Joan Fontcuberta,,Landscapes without memory,,2005,Aperture,,Specialist photography publisher backlist: Aperture,C,4,Work-level metadata only; verify the exact publisher edition and printing.,,,Medium,https://openlibrary.org/works/OL2859642W,BROAD
openlibrary:OL21311374W,Joan Fontcuberta,,Pandora's Camera,,2014,MACK,,Specialist photography publisher backlist: MACK,B,4,Work-level metadata only; verify the exact publisher edition and printing.,,,Medium,https://openlibrary.org/works/OL21311374W,BROAD
openlibrary:OL23136028W,Joan Fontcuberta,,The photography of nature & The nature of photography,,2013,MACK,,Specialist photography publisher backlist: MACK,B,4,Work-level metadata only; verify the exact publisher edition and printing.,,,Medium,https://openlibrary.org/works/OL23136028W,BROAD
openlibrary:OL34642085W,JoAnn Verburg,,Interruptions,,2010,Steidl,,Specialist photography publisher backlist: Steidl,C,4,Work-level metadata only; verify the exact publisher edition and printing.,,,Medium,https://openlibrary.org/works/OL34642085W,BROAD
openlibrary:OL24152423W,Joanna Piotrowska,,FROWST,,2014,MACK,,Specialist photography publisher backlist: MACK,B,4,Work-level metadata only; verify the exact publisher edition and printing.,,,Medium,https://openlibrary.org/works/OL24152423W,BROAD
openlibrary:OL33034117W,Jocelyn Lee,,Nowhere but here,,2010,Steidl,,Specialist photography publisher backlist: Steidl,C,4,Work-level metadata only; verify the exact publisher edition and printing.,,,Medium,https://openlibrary.org/works/OL33034117W,BROAD
openlibrary:OL2133121W,Jochen Gerz,,Wenn sie alleine waren,,2002,Steidl,,Specialist photography publisher backlist: Steidl,C,4,Work-level metadata only; verify the exact publisher edition and printing.,,,Medium,https://openlibrary.org/works/OL2133121W,BROAD
openlibrary:OL3537356W,Jock Sturges,,Jock Sturges,,1996,Scalo,,Specialist photography publisher backlist: Scalo | Specialist photography publisher backlist: Aperture | Specialist photography publisher backlist: Steidl,B,4,Work-level metadata only; verify the exact publisher edition and printing.,,,Medium,https://openlibrary.org/works/OL3537356W,BROAD
openlibrary:OL33064305W,Jock Sturges,,Life ~ time,,2008,Steidl,,Specialist photography publisher backlist: Steidl,C,4,Work-level metadata only; verify the exact publisher edition and printing.,,,Medium,https://openlibrary.org/works/OL33064305W,BROAD
openlibrary:OL20919052W,Jock Sturges,,Misty Dawn,,2008,Aperture,,Specialist photography publisher backlist: Aperture,C,4,Work-level metadata only; verify the exact publisher edition and printing.,,,Medium,https://openlibrary.org/works/OL20919052W,BROAD
openlibrary:OL3537353W,Jock Sturges,,Notes,,2004,Aperture,,Specialist photography publisher backlist: Aperture,C,4,Work-level metadata only; verify the exact publisher edition and printing.,,,Medium,https://openlibrary.org/works/OL3537353W,BROAD
openlibrary:OL3537354W,Jock Sturges,,Radiant identities,,1994,Aperture,,Specialist photography publisher backlist: Aperture,C,4,Work-level metadata only; verify the exact publisher edition and printing.,,,Medium,https://openlibrary.org/works/OL3537354W,BROAD
openlibrary:OL3537355W,Jock Sturges,,The Last Day of Summer,,1991,Aperture,,Specialist photography publisher backlist: Aperture,C,4,Work-level metadata only; verify the exact publisher edition and printing.,,,Medium,https://openlibrary.org/works/OL3537355W,BROAD
openlibrary:OL8937183W,Jodi Bieber,,Between Dogs And Wolves,,2007,Dewi Lewis,,Specialist photography publisher backlist: Dewi Lewis,B,4,Work-level metadata only; verify the exact publisher edition and printing.,,,Medium,https://openlibrary.org/works/OL8937183W,BROAD
openlibrary:OL33282161W,Joe Deal,,Indian bingo,,2009,Nazraeli Press,,Specialist photography publisher backlist: Nazraeli Press,B,4,Work-level metadata only; verify the exact publisher edition and printing.,,,Medium,https://openlibrary.org/works/OL33282161W,BROAD
openlibrary:OL8925926W,Joel Grey,,Joel Grey,,2006,Steidl,,Specialist photography publisher backlist: Steidl,C,4,Work-level metadata only; verify the exact publisher edition and printing.,,,Medium,https://openlibrary.org/works/OL8925926W,BROAD
openlibrary:OL21209005W,Joel Meyerowitz,Ann Beattie,Joel Meyerowitz,,2019,Aperture,,Specialist photography publisher backlist: Aperture,C,4,Work-level metadata only; verify the exact publisher edition and printing.,,,Medium,https://openlibrary.org/works/OL21209005W,BROAD
openlibrary:OL16668044W,Joel Meyerowitz,,Legacy,,2009,Aperture,,Specialist photography publisher backlist: Aperture,C,4,Work-level metadata only; verify the exact publisher edition and printing.,,,Medium,https://openlibrary.org/works/OL16668044W,BROAD
openlibrary:OL20751777W,Joel Meyerowitz,Melissa O' Shaughnessy,Perfect Strangers,,2020,Aperture,,Specialist photography publisher backlist: Aperture,C,4,Work-level metadata only; verify the exact publisher edition and printing.,,,Medium,https://openlibrary.org/works/OL20751777W,BROAD
openlibrary:OL20041886W,Joel Meyerowitz,,Seeing things,,2016,Aperture,,Specialist photography publisher backlist: Aperture,C,4,Work-level metadata only; verify the exact publisher edition and printing.,,,Medium,https://openlibrary.org/works/OL20041886W,BROAD
openlibrary:OL3995382W,Joel-Peter Witkin,,"Harms Way: Lust & Madness, Murder & Mayhem",,1994,Twin Palms,,Specialist photography publisher backlist: Twin Palms,B,4,Work-level metadata only; verify the exact publisher edition and printing.,,,Medium,https://openlibrary.org/works/OL3995382W,BROAD
openlibrary:OL3995385W,Joel-Peter Witkin,,The bone house,,1998,Twin Palms,,Specialist photography publisher backlist: Twin Palms,B,4,Work-level metadata only; verify the exact publisher edition and printing.,,,Medium,https://openlibrary.org/works/OL3995385W,BROAD
openlibrary:OL3995386W,Joel-Peter Witkin,,Witkin,,1992,Scalo,,Specialist photography publisher backlist: Scalo | Specialist photography publisher backlist: Thames & Hudson,B,4,Work-level metadata only; verify the exact publisher edition and printing.,,,Medium,https://openlibrary.org/works/OL3995386W,BROAD
openlibrary:OL3258219W,Joel Sternfeld,,American Prospects,,1987,Steidl,,Specialist photography publisher backlist: Steidl,C,4,Work-level metadata only; verify the exact publisher edition and printing.,,,Medium,https://openlibrary.org/works/OL3258219W,BROAD
openlibrary:OL17516756W,Joel Sternfeld,,I Dubai,,2010,Steidl,,Specialist photography publisher backlist: Steidl,C,4,Work-level metadata only; verify the exact publisher edition and printing.,,,Medium,https://openlibrary.org/works/OL17516756W,BROAD
openlibrary:OL3258221W,Joel Sternfeld,,Joel Sternfeld,,2006,Steidl,,Specialist photography publisher backlist: Steidl,C,4,Work-level metadata only; verify the exact publisher edition and printing.,,,Medium,https://openlibrary.org/works/OL3258221W,BROAD
openlibrary:OL3258222W,Joel Sternfeld,,Stranger passing,,2001,Steidl,,Specialist photography publisher backlist: Steidl,C,4,Work-level metadata only; verify the exact publisher edition and printing.,,,Medium,https://openlibrary.org/works/OL3258222W,BROAD
openlibrary:OL3258217W,Joel Sternfeld,,Sweet earth,,2006,Steidl,,Specialist photography publisher backlist: Steidl,C,4,Work-level metadata only; verify the exact publisher edition and printing.,,,Medium,https://openlibrary.org/works/OL3258217W,BROAD
openlibrary:OL15503882W,Joel Sternfeld,Stefania Galante | Alexander Stille,Treading on kings,,2002,Steidl,,Specialist photography publisher backlist: Steidl,C,4,Work-level metadata only; verify the exact publisher edition and printing.,,,Medium,https://openlibrary.org/works/OL15503882W,BROAD
openlibrary:OL3258223W,Joel Sternfeld,John Stilgoe | Adam Gopnik,Walking the High Line,,2001,Steidl,,Specialist photography publisher backlist: Steidl,C,4,Work-level metadata only; verify the exact publisher edition and printing.,,,Medium,https://openlibrary.org/works/OL3258223W,BROAD
openlibrary:OL3258218W,Joel Sternfeld,,When it changed,,2008,Steidl,,Specialist photography publisher backlist: Steidl,C,4,Work-level metadata only; verify the exact publisher edition and printing.,,,Medium,https://openlibrary.org/works/OL3258218W,BROAD
openlibrary:OL32125745W,Johanna-Maria Fritz,,Like a bird,,2021,L'Artiere,,Specialist photography publisher backlist: L'Artiere,B,4,Work-level metadata only; verify the exact publisher edition and printing.,,,Medium,https://openlibrary.org/works/OL32125745W,BROAD
openlibrary:OL15975636W,John B. Ravenal,,Sally Mann,,2011,Aperture,,Specialist photography publisher backlist: Aperture,C,4,Work-level metadata only; verify the exact publisher edition and printing.,,,Medium,https://openlibrary.org/works/OL15975636W,BROAD
openlibrary:OL15340720W,John Berger,,Between the Eyes,,2005,Aperture,,Specialist photography publisher backlist: Aperture,C,4,Work-level metadata only; verify the exact publisher edition and printing.,,,Medium,https://openlibrary.org/works/OL15340720W,BROAD
openlibrary:OL17461617W,John Berger,,In The Face Of Silence,,2011,Dewi Lewis,,Specialist photography publisher backlist: Dewi Lewis,B,4,Work-level metadata only; verify the exact publisher edition and printing.,,,Medium,https://openlibrary.org/works/OL17461617W,BROAD
openlibrary:OL1980170W,John Berger,,Jitka Hanzlova,,2006,Steidl,,Specialist photography publisher backlist: Steidl,C,4,Work-level metadata only; verify the exact publisher edition and printing.,,,Medium,https://openlibrary.org/works/OL1980170W,BROAD
openlibrary:OL17361343W,John Berger,,Understanding a Photograph,,1967,Aperture,,Specialist photography publisher backlist: Aperture,C,4,Work-level metadata only; verify the exact publisher edition and printing.,,,Medium,https://openlibrary.org/works/OL17361343W,BROAD
openlibrary:OL19725875W,John Chiara,,John Chiara,,2017,Aperture,,Specialist photography publisher backlist: Aperture,C,4,Work-level metadata only; verify the exact publisher edition and printing.,,,Medium,https://openlibrary.org/works/OL19725875W,BROAD
openlibrary:OL17530850W,John Cohen,,Past Present Peru,,2010,Steidl,,Specialist photography publisher backlist: Steidl,C,4,Work-level metadata only; verify the exact publisher edition and printing.,,,Medium,https://openlibrary.org/works/OL17530850W,BROAD
openlibrary:OL33204875W,John Davies,,The British landscape,,2006,Chris Boot,,Specialist photography publisher backlist: Chris Boot,B,4,Work-level metadata only; verify the exact publisher edition and printing.,,,Medium,https://openlibrary.org/works/OL33204875W,BROAD
openlibrary:OL6632951W,John Demos,,Shadows of Silence,,2003,Dewi Lewis,,Specialist photography publisher backlist: Dewi Lewis,B,4,Work-level metadata only; verify the exact publisher edition and printing.,,,Medium,https://openlibrary.org/works/OL6632951W,BROAD
openlibrary:OL4993649W,John Divola,,Dogs Chasing My Car in the Desert,,2004,Nazraeli Press,,Specialist photography publisher backlist: Nazraeli Press,B,4,Work-level metadata only; verify the exact publisher edition and printing.,,,Medium,https://openlibrary.org/works/OL4993649W,BROAD
openlibrary:OL16307536W,John Divola,,Green of this notebook,,2009,Nazraeli Press,,Specialist photography publisher backlist: Nazraeli Press,B,4,Work-level metadata only; verify the exact publisher edition and printing.,,,Medium,https://openlibrary.org/works/OL16307536W,BROAD
openlibrary:OL20356764W,John Divola,,John Divola,,2013,Skinnerboox,,Specialist photography publisher backlist: Skinnerboox,B,4,Work-level metadata only; verify the exact publisher edition and printing.,,,Medium,https://openlibrary.org/works/OL20356764W,BROAD
openlibrary:OL31852543W,John Divola,,Scapes,,2022,Skinnerboox,,Specialist photography publisher backlist: Skinnerboox,B,4,Work-level metadata only; verify the exact publisher edition and printing.,,,Medium,https://openlibrary.org/works/OL31852543W,BROAD
openlibrary:OL32082385W,John Divola,,Terminus,,2021,MACK,,Specialist photography publisher backlist: MACK,B,4,Work-level metadata only; verify the exact publisher edition and printing.,,,Medium,https://openlibrary.org/works/OL32082385W,BROAD
openlibrary:OL4993652W,John Divola,David Campany | Jan Tumlir,Three acts,,2006,Aperture,,Specialist photography publisher backlist: Aperture,C,4,Work-level metadata only; verify the exact publisher edition and printing.,,,Medium,https://openlibrary.org/works/OL4993652W,BROAD
openlibrary:OL25635719W,John Divola,,Vandalism,,2018,MACK,,Specialist photography publisher backlist: MACK,B,4,Work-level metadata only; verify the exact publisher edition and printing.,,,Medium,https://openlibrary.org/works/OL25635719W,BROAD
openlibrary:OL3763253W,John Dugdale,,Lengthening Shadows Before Nightfall,,1995,Twin Palms,,Specialist photography publisher backlist: Twin Palms,B,4,Work-level metadata only; verify the exact publisher edition and printing.,,,Medium,https://openlibrary.org/works/OL3763253W,BROAD
openlibrary:OL3009046W,John Flattau,,Bridges,,1985,Aperture,,Specialist photography publisher backlist: Aperture,C,4,Work-level metadata only; verify the exact publisher edition and printing.,,,Medium,https://openlibrary.org/works/OL3009046W,BROAD
openlibrary:OL21272115W,John Gossage,Marlene Klein,John Gossage,,2010,Aperture,,Specialist photography publisher backlist: Aperture | Specialist photography publisher backlist: Steidl,C,4,Work-level metadata only; verify the exact publisher edition and printing.,,,Medium,https://openlibrary.org/works/OL21272115W,BROAD
openlibrary:OL21204096W,John Gossage,,John Gossage : Should Nature Change,,2019,Steidl,,Specialist photography publisher backlist: Steidl,C,4,Work-level metadata only; verify the exact publisher edition and printing.,,,Medium,https://openlibrary.org/works/OL21204096W,BROAD
openlibrary:OL21150952W,John Gossage,,Looking up Ben James,,2017,Steidl,,Specialist photography publisher backlist: Steidl,C,4,Work-level metadata only; verify the exact publisher edition and printing.,,,Medium,https://openlibrary.org/works/OL21150952W,BROAD
openlibrary:OL8842280W,John Gossage,,There and gone,,1997,Nazraeli Press,,Specialist photography publisher backlist: Nazraeli Press,B,4,Work-level metadata only; verify the exact publisher edition and printing.,,,Medium,https://openlibrary.org/works/OL8842280W,BROAD
openlibrary:OL3916071W,John Grimes,Charles Traub,The New Vision,,1982,Aperture,,Specialist photography publisher backlist: Aperture,C,4,Work-level metadata only; verify the exact publisher edition and printing.,,,Medium,https://openlibrary.org/works/OL3916071W,BROAD
openlibrary:OL2167894W,John Hannavy,,Great Photographic Journeys,,2008,Dewi Lewis,,Specialist photography publisher backlist: Dewi Lewis,B,4,Work-level metadata only; verify the exact publisher edition and printing.,,,Medium,https://openlibrary.org/works/OL2167894W,BROAD
openlibrary:OL20524858W,John Haskell,,Evelyn Hofer,,2018,Steidl,,Specialist photography publisher backlist: Steidl,C,4,Work-level metadata only; verify the exact publisher edition and printing.,,,Medium,https://openlibrary.org/works/OL20524858W,BROAD
openlibrary:OL25635569W,John Lehr,,Island Position,,2019,MACK,,Specialist photography publisher backlist: MACK,B,4,Work-level metadata only; verify the exact publisher edition and printing.,,,Medium,https://openlibrary.org/works/OL25635569W,BROAD
openlibrary:OL16656081W,John P. Jacob,Alison Devine Nordström | Nancy Martha West,Kodak girl,,2011,Steidl,,Specialist photography publisher backlist: Steidl,C,4,Work-level metadata only; verify the exact publisher edition and printing.,,,Medium,https://openlibrary.org/works/OL16656081W,BROAD
openlibrary:OL8748153W,John P. Salisbury,,Drew and Jimmy,,1995,Twin Palms,,Specialist photography publisher backlist: Twin Palms,B,4,Work-level metadata only; verify the exact publisher edition and printing.,,,Medium,https://openlibrary.org/works/OL8748153W,BROAD
openlibrary:OL16190250W,John R. Gossage,,The pond,,2010,Aperture,,Specialist photography publisher backlist: Aperture,C,4,Work-level metadata only; verify the exact publisher edition and printing.,,,Medium,https://openlibrary.org/works/OL16190250W,BROAD
openlibrary:OL5115862W,John R. Gossage,,The romance industry,,2002,Nazraeli Press,,Specialist photography publisher backlist: Nazraeli Press,B,4,Work-level metadata only; verify the exact publisher edition and printing.,,,Medium,https://openlibrary.org/works/OL5115862W,BROAD
openlibrary:OL21204102W,John Riddy,Liz Jobey,John Riddy : Photographs,,2019,Steidl,,Specialist photography publisher backlist: Steidl,C,4,Work-level metadata only; verify the exact publisher edition and printing.,,,Medium,https://openlibrary.org/works/OL21204102W,BROAD
openlibrary:OL2699266W,John Rohrbach,Jonathan Porter,Eliot Porter,,2001,Aperture,,Specialist photography publisher backlist: Aperture,C,4,Work-level metadata only; verify the exact publisher edition and printing.,,,Medium,https://openlibrary.org/works/OL2699266W,BROAD
openlibrary:OL20372657W,John Schabel,,Passengers,,2013,Twin Palms,,Specialist photography publisher backlist: Twin Palms,B,4,Work-level metadata only; verify the exact publisher edition and printing.,,,Medium,https://openlibrary.org/works/OL20372657W,BROAD
openlibrary:OL28817419W,John Szarkowski,,Callahan,,1976,Aperture,,Specialist photography publisher backlist: Aperture,C,4,Work-level metadata only; verify the exact publisher edition and printing.,,,Medium,https://openlibrary.org/works/OL28817419W,BROAD
openlibrary:OL15033335W,John Szarkowski,,Harry Callahan,,2007,Steidl,,Specialist photography publisher backlist: Steidl,C,4,Work-level metadata only; verify the exact publisher edition and printing.,,,Medium,https://openlibrary.org/works/OL15033335W,BROAD
openlibrary:OL8265001W,John T. Hill,,Walker Evans,,2006,Steidl,,Specialist photography publisher backlist: Steidl,C,4,Work-level metadata only; verify the exact publisher edition and printing.,,,Medium,https://openlibrary.org/works/OL8265001W,BROAD
openlibrary:OL2174651W,John Waters,,Director's cut,,1997,Scalo,,Specialist photography publisher backlist: Scalo,B,4,Work-level metadata only; verify the exact publisher edition and printing.,,,Medium,https://openlibrary.org/works/OL2174651W,BROAD
openlibrary:OL3149913W,John Wilfrid Hinde,,Our true intent is all for your delight,,2002,Chris Boot,,Specialist photography publisher backlist: Chris Boot,B,4,Work-level metadata only; verify the exact publisher edition and printing.,,,Medium,https://openlibrary.org/works/OL3149913W,BROAD
openlibrary:OL4138340W,"Johnson, Brooks.",,Photography speaks II : 70 photographers on their art from the Chrysler Museum Collection,,1995,Aperture,,Specialist photography publisher backlist: Aperture,C,4,Work-level metadata only; verify the exact publisher edition and printing.,,,Medium,https://openlibrary.org/works/OL4138340W,BROAD
openlibrary:OL31860240W,"Johnson, Ray",,Please send to real life,,2022,MACK,,Specialist photography publisher backlist: MACK,B,4,Work-level metadata only; verify the exact publisher edition and printing.,,,Medium,https://openlibrary.org/works/OL31860240W,BROAD
openlibrary:OL25921418W,Jon Horvath,,This Is Bliss,,2022,Yoffy Press,,Specialist photography publisher backlist: Yoffy Press,B,4,Work-level metadata only; verify the exact publisher edition and printing.,,,Medium,https://openlibrary.org/works/OL25921418W,BROAD
openlibrary:OL8998646W,Jonas Bendiksen,,Jonas Bendiksen,,2006,Aperture,,Specialist photography publisher backlist: Aperture,C,4,Work-level metadata only; verify the exact publisher edition and printing.,,,Medium,https://openlibrary.org/works/OL8998646W,BROAD
openlibrary:OL21110923W,Jonas Wettre,Mauro D'Agati | Jim Dine,Once There Were Polaroids,,2015,Steidl,,Specialist photography publisher backlist: Steidl,C,4,Work-level metadata only; verify the exact publisher edition and printing.,,,Medium,https://openlibrary.org/works/OL21110923W,BROAD
openlibrary:OL4457887W,Jonathan Anderson,,Athletes,,2002,Twin Palms,,Specialist photography publisher backlist: Twin Palms,B,4,Work-level metadata only; verify the exact publisher edition and printing.,,,Medium,https://openlibrary.org/works/OL4457887W,BROAD
openlibrary:OL4457891W,Jonathan Anderson,Edwin Low,Gymnasts,,2002,Twin Palms,,Specialist photography publisher backlist: Twin Palms,B,4,Work-level metadata only; verify the exact publisher edition and printing.,,,Medium,https://openlibrary.org/works/OL4457891W,BROAD
openlibrary:OL25886570W,Jonathan Blaustein,,Extinction Party,,2020,Yoffy Press,,Specialist photography publisher backlist: Yoffy Press,B,4,Work-level metadata only; verify the exact publisher edition and printing.,,,Medium,https://openlibrary.org/works/OL25886570W,BROAD
openlibrary:OL7210572W,Jonathan Green,,Camera work,,1973,Aperture,,Specialist photography publisher backlist: Aperture,C,4,Work-level metadata only; verify the exact publisher edition and printing.,,,Medium,https://openlibrary.org/works/OL7210572W,BROAD
openlibrary:OL7210573W,Jonathan Green,,The snap-shot,,1974,Aperture,,Specialist photography publisher backlist: Aperture,C,4,Work-level metadata only; verify the exact publisher edition and printing.,,,Medium,https://openlibrary.org/works/OL7210573W,BROAD
openlibrary:OL17569293W,Jonathan Hollingsworth,,Left Behind Life and Death Along the Us Border,,2012,Dewi Lewis,,Specialist photography publisher backlist: Dewi Lewis,B,4,Work-level metadata only; verify the exact publisher edition and printing.,,,Medium,https://openlibrary.org/works/OL17569293W,BROAD
openlibrary:OL8637822W,Jonathan Shaw,,Tim[eo]tion,,2003,Dewi Lewis,,Specialist photography publisher backlist: Dewi Lewis,B,4,Work-level metadata only; verify the exact publisher edition and printing.,,,Medium,https://openlibrary.org/works/OL8637822W,BROAD
openlibrary:OL24152498W,Jörg M Colberg,Ken MacLeish | M L Casteel,American Interiors,,2018,Dewi Lewis,,Specialist photography publisher backlist: Dewi Lewis,B,4,Work-level metadata only; verify the exact publisher edition and printing.,,,Medium,https://openlibrary.org/works/OL24152498W,BROAD
openlibrary:OL2584393W,Josef Breitenbach,,Josef Breitenbach,,1996,Nazraeli Press,,Specialist photography publisher backlist: Nazraeli Press | Specialist photography publisher backlist: powerHouse Books,B,4,Work-level metadata only; verify the exact publisher edition and printing.,,,Medium,https://openlibrary.org/works/OL2584393W,BROAD
openlibrary:OL4195176W,Josef Koudelka,,Exiles,,1988,Aperture,,Specialist photography publisher backlist: Aperture | Specialist photography publisher backlist: Thames & Hudson,C,4,Work-level metadata only; verify the exact publisher edition and printing.,,,Medium,https://openlibrary.org/works/OL4195176W,BROAD
openlibrary:OL4195175W,Josef Koudelka,,Gypsies,,1975,Aperture,,Specialist photography publisher backlist: Aperture,C,4,Work-level metadata only; verify the exact publisher edition and printing.,,,Medium,https://openlibrary.org/works/OL4195175W,BROAD
openlibrary:OL21234781W,Josef Koudelka,,Josef Koudelka,,2007,Aperture,,Specialist photography publisher backlist: Aperture | Specialist photography publisher backlist: Thames & Hudson,C,4,Work-level metadata only; verify the exact publisher edition and printing.,,,Medium,https://openlibrary.org/works/OL21234781W,BROAD
openlibrary:OL4195174W,Josef Koudelka,Robert Delpire | Dominique Edde | Anna Farova,Koudelka,,2006,Aperture,,Specialist photography publisher backlist: Aperture,C,4,Work-level metadata only; verify the exact publisher edition and printing.,,,Medium,https://openlibrary.org/works/OL4195174W,BROAD
openlibrary:OL19705685W,Josef Koudelka,,Wall,,2013,Aperture,,Specialist photography publisher backlist: Aperture,C,4,Work-level metadata only; verify the exact publisher edition and printing.,,,Medium,https://openlibrary.org/works/OL19705685W,BROAD
openlibrary:OL2241083W,Josef Sudek,,Josef Sudek,,1956,Aperture,,Specialist photography publisher backlist: Aperture,C,4,Work-level metadata only; verify the exact publisher edition and printing.,,,Medium,https://openlibrary.org/works/OL2241083W,BROAD
openlibrary:OL2241082W,Josef Sudek,,Josef Sudek: Poet of Prague,,1990,Aperture,,Specialist photography publisher backlist: Aperture,C,4,Work-level metadata only; verify the exact publisher edition and printing.,,,Medium,https://openlibrary.org/works/OL2241082W,BROAD
openlibrary:OL2241079W,Josef Sudek,,Prague Panoramic,,1992,Aperture,,Specialist photography publisher backlist: Aperture,C,4,Work-level metadata only; verify the exact publisher edition and printing.,,,Medium,https://openlibrary.org/works/OL2241079W,BROAD
openlibrary:OL32674038W,Joseph Maida,,New Natives,,2015,L'Artiere,,Specialist photography publisher backlist: L'Artiere,B,4,Work-level metadata only; verify the exact publisher edition and printing.,,,Medium,https://openlibrary.org/works/OL32674038W,BROAD
openlibrary:OL9594989W,Josh Getlin,,Beyond the Killing Fields,,1992,Aperture,,Specialist photography publisher backlist: Aperture,C,4,Work-level metadata only; verify the exact publisher edition and printing.,,,Medium,https://openlibrary.org/works/OL9594989W,BROAD
openlibrary:OL8774256W,Joy Gregory,,Objects of Beauty,,2004,Chris Boot,,Specialist photography publisher backlist: Chris Boot,B,4,Work-level metadata only; verify the exact publisher edition and printing.,,,Medium,https://openlibrary.org/works/OL8774256W,BROAD
openlibrary:OL26002708W,Judith Joy Ross,Joshua Chuang | Svetlana Alpers | Addison Bross,Judith Joy Ross,,2021,Aperture,,Specialist photography publisher backlist: Aperture | Specialist photography publisher backlist: Steidl,C,4,Work-level metadata only; verify the exact publisher edition and printing.,,,Medium,https://openlibrary.org/works/OL26002708W,BROAD
openlibrary:OL33093169W,Judith Joy Ross,,Living with war,,2008,Steidl,,Specialist photography publisher backlist: Steidl,C,4,Work-level metadata only; verify the exact publisher edition and printing.,,,Medium,https://openlibrary.org/works/OL33093169W,BROAD
openlibrary:OL2796752W,Judith Joy Ross,,Protest the war,,2007,Steidl,,Specialist photography publisher backlist: Steidl,C,4,Work-level metadata only; verify the exact publisher edition and printing.,,,Medium,https://openlibrary.org/works/OL2796752W,BROAD
openlibrary:OL4557058W,Judy Coleman,,Judy Coleman,,1989,Twin Palms,,Specialist photography publisher backlist: Twin Palms,B,4,Work-level metadata only; verify the exact publisher edition and printing.,,,Medium,https://openlibrary.org/works/OL4557058W,BROAD
openlibrary:OL9602594W,Judy Gelles,,Beach Boxes,,2004,Nazraeli Press,,Specialist photography publisher backlist: Nazraeli Press,B,4,Work-level metadata only; verify the exact publisher edition and printing.,,,Medium,https://openlibrary.org/works/OL9602594W,BROAD
openlibrary:OL36445845W,Juergen Teller,,Deste Fashion Collection,,2010,Steidl,,Specialist photography publisher backlist: Steidl,C,4,Work-level metadata only; verify the exact publisher edition and printing.,,,Medium,https://openlibrary.org/works/OL36445845W,BROAD
openlibrary:OL36452852W,Juergen Teller,,Enjoy Your Life!,,2018,Steidl,,Specialist photography publisher backlist: Steidl,C,4,Work-level metadata only; verify the exact publisher edition and printing.,,,Medium,https://openlibrary.org/works/OL36452852W,BROAD
openlibrary:OL22037334W,Juergen Teller,Harmony Korine,Harmony Korine and Juergen Teller,,2020,Steidl,,Specialist photography publisher backlist: Steidl,C,4,Work-level metadata only; verify the exact publisher edition and printing.,,,Medium,https://openlibrary.org/works/OL22037334W,BROAD
openlibrary:OL21088390W,Juergen Teller,Nicolas Ghesquiere,I Just Arrived in Paris,,2015,Steidl,,Specialist photography publisher backlist: Steidl,C,4,Work-level metadata only; verify the exact publisher edition and printing.,,,Medium,https://openlibrary.org/works/OL21088390W,BROAD
openlibrary:OL8630427W,Juergen Teller,,Juergen Teller,,2001,Steidl,,Specialist photography publisher backlist: Steidl,C,4,Work-level metadata only; verify the exact publisher edition and printing.,,,Medium,https://openlibrary.org/works/OL8630427W,BROAD
openlibrary:OL21204100W,Juergen Teller,,Juergen Teller : the Master IV,,2019,Steidl,,Specialist photography publisher backlist: Steidl,C,4,Work-level metadata only; verify the exact publisher edition and printing.,,,Medium,https://openlibrary.org/works/OL21204100W,BROAD
openlibrary:OL36447298W,Juergen Teller,,Juergen Teller Vol. 2,,2009,Steidl,,Specialist photography publisher backlist: Steidl,C,4,Work-level metadata only; verify the exact publisher edition and printing.,,,Medium,https://openlibrary.org/works/OL36447298W,BROAD
openlibrary:OL21062566W,Juergen Teller,,Juergen Teller - Woo!,,2013,Steidl,,Specialist photography publisher backlist: Steidl,C,4,Work-level metadata only; verify the exact publisher edition and printing.,,,Medium,https://openlibrary.org/works/OL21062566W,BROAD
openlibrary:OL21035270W,Juergen Teller,,Keys to the House,,2012,Steidl,,Specialist photography publisher backlist: Steidl,C,4,Work-level metadata only; verify the exact publisher edition and printing.,,,Medium,https://openlibrary.org/works/OL21035270W,BROAD
openlibrary:OL17427088W,Juergen Teller,,Marc Jacobs Advertising 19982009,,2009,Steidl,,Specialist photography publisher backlist: Steidl,C,4,Work-level metadata only; verify the exact publisher edition and printing.,,,Medium,https://openlibrary.org/works/OL17427088W,BROAD
openlibrary:OL11614528W,Juergen Teller,,Märchenstüberl,,2003,Steidl,,Specialist photography publisher backlist: Steidl,C,4,Work-level metadata only; verify the exact publisher edition and printing.,,,Medium,https://openlibrary.org/works/OL11614528W,BROAD
openlibrary:OL21025523W,Juergen Teller,,Master,,2010,Steidl,,Specialist photography publisher backlist: Steidl,C,4,Work-level metadata only; verify the exact publisher edition and printing.,,,Medium,https://openlibrary.org/works/OL21025523W,BROAD
openlibrary:OL22005136W,Juergen Teller,Nobuyoshi Araki,Nobuyoshi Araki and Juergen Teller,,2020,Steidl,,Specialist photography publisher backlist: Steidl,C,4,Work-level metadata only; verify the exact publisher edition and printing.,,,Medium,https://openlibrary.org/works/OL22005136W,BROAD
openlibrary:OL25631528W,Juergen Teller,Nicolas Ghesquière,Season,,2016,Steidl,,Specialist photography publisher backlist: Steidl,C,4,Work-level metadata only; verify the exact publisher edition and printing.,,,Medium,https://openlibrary.org/works/OL25631528W,BROAD
openlibrary:OL32835751W,Juergen Teller,,The master III,,2012,Steidl,,Specialist photography publisher backlist: Steidl,C,4,Work-level metadata only; verify the exact publisher edition and printing.,,,Medium,https://openlibrary.org/works/OL32835751W,BROAD
openlibrary:OL43524110W,Juergen Teller,,The nipple,,2020,TBW Books,,Specialist photography publisher backlist: TBW Books,B,4,Work-level metadata only; verify the exact publisher edition and printing.,,,Medium,https://openlibrary.org/works/OL43524110W,BROAD
openlibrary:OL33048501W,Juergen Teller,,Zimmermann,,2009,Steidl,,Specialist photography publisher backlist: Steidl,C,4,Work-level metadata only; verify the exact publisher edition and printing.,,,Medium,https://openlibrary.org/works/OL33048501W,BROAD
openlibrary:OL8630425W,Juergen Teller,,Zwei Schauferle mit Klob und eine Kinderportion Schnitzel mit Pommes Frites,,2003,Steidl,,Specialist photography publisher backlist: Steidl,C,4,Work-level metadata only; verify the exact publisher edition and printing.,,,Medium,https://openlibrary.org/works/OL8630425W,BROAD
openlibrary:OL21281599W,Julia Margaret Pattle Cameron,"Marta Rachel Weiss | Art Gallery of New South Wales Staff | Victoria and Albert Museum, London",Julia Margaret Cameron,,2015,MACK,,Specialist photography publisher backlist: MACK,B,4,Work-level metadata only; verify the exact publisher edition and printing.,,,Medium,https://openlibrary.org/works/OL21281599W,BROAD
openlibrary:OL21248014W,Julian Germain,,For Every Minute You Are Angry You Lose,,2014,MACK,,Specialist photography publisher backlist: MACK,B,4,Work-level metadata only; verify the exact publisher edition and printing.,,,Medium,https://openlibrary.org/works/OL21248014W,BROAD
openlibrary:OL9042326W,Julian Germain,,For every minute you are angry you lose sixty seconds of happiness,,2005,MACK,,Specialist photography publisher backlist: MACK | Specialist photography publisher backlist: Steidl,B,4,Work-level metadata only; verify the exact publisher edition and printing.,,,Medium,https://openlibrary.org/works/OL9042326W,BROAD
openlibrary:OL11611410W,Julien Coulommier,,Coulommier,,1995,Nazraeli Press,,Specialist photography publisher backlist: Nazraeli Press,B,4,Work-level metadata only; verify the exact publisher edition and printing.,,,Medium,https://openlibrary.org/works/OL11611410W,BROAD
openlibrary:OL17519802W,Julio Bittencourt,,In A Window Of Prestes Maia 911 Building,,2009,Dewi Lewis,,Specialist photography publisher backlist: Dewi Lewis,B,4,Work-level metadata only; verify the exact publisher edition and printing.,,,Medium,https://openlibrary.org/works/OL17519802W,BROAD
openlibrary:OL22354984W,Julius Shulman,,The building of my home and studio,,2008,Nazraeli Press,,Specialist photography publisher backlist: Nazraeli Press,B,4,Work-level metadata only; verify the exact publisher edition and printing.,,,Medium,https://openlibrary.org/works/OL22354984W,BROAD
openlibrary:OL11638075W,Julius Shulman,,Vest Pocket Pictures,,2006,Nazraeli Press,,Specialist photography publisher backlist: Nazraeli Press,B,4,Work-level metadata only; verify the exact publisher edition and printing.,,,Medium,https://openlibrary.org/works/OL11638075W,BROAD
openlibrary:OL22354838W,Jürgen Heinemann,,Dabeisein,,2010,Steidl,,Specialist photography publisher backlist: Steidl,C,4,Work-level metadata only; verify the exact publisher edition and printing.,,,Medium,https://openlibrary.org/works/OL22354838W,BROAD
openlibrary:OL36448183W,Jurgen Teller,,Get a Life,,2011,Steidl,,Specialist photography publisher backlist: Steidl,C,4,Work-level metadata only; verify the exact publisher edition and printing.,,,Medium,https://openlibrary.org/works/OL36448183W,BROAD
openlibrary:OL33077870W,Jurgen Vollmer,,On filmsets and other locations,,2009,Steidl,,Specialist photography publisher backlist: Steidl,C,4,Work-level metadata only; verify the exact publisher edition and printing.,,,Medium,https://openlibrary.org/works/OL33077870W,BROAD
openlibrary:OL9042367W,Juri Andruchowytsch,,Bertien van Manen,,2006,Steidl,,Specialist photography publisher backlist: Steidl,C,4,Work-level metadata only; verify the exact publisher edition and printing.,,,Medium,https://openlibrary.org/works/OL9042367W,BROAD
openlibrary:OL33071378W,Jussi Puikkonen,,On vacation,,2008,Edition Patrick Frey,,Specialist photography publisher backlist: Edition Patrick Frey,B,4,Work-level metadata only; verify the exact publisher edition and printing.,,,Medium,https://openlibrary.org/works/OL33071378W,BROAD
openlibrary:OL9882541W,Justin Quinnell,,Mouthpiece,,2007,Dewi Lewis,,Specialist photography publisher backlist: Dewi Lewis,B,4,Work-level metadata only; verify the exact publisher edition and printing.,,,Medium,https://openlibrary.org/works/OL9882541W,BROAD
openlibrary:OL20747111W,Justine Kurland,,Justine Kurland,,2011,Aperture,,Specialist photography publisher backlist: Aperture,C,4,Work-level metadata only; verify the exact publisher edition and printing.,,,Medium,https://openlibrary.org/works/OL20747111W,BROAD
openlibrary:OL28351721W,Justine Kurland,,SCUMB Manifesto,,2022,MACK,,Specialist photography publisher backlist: MACK,B,4,Work-level metadata only; verify the exact publisher edition and printing.,,,Medium,https://openlibrary.org/works/OL28351721W,BROAD
openlibrary:OL9042347W,Kai Wiedenhofer,,Kai Wiedenhofer The Wall,,2007,Steidl,,Specialist photography publisher backlist: Steidl,C,4,Work-level metadata only; verify the exact publisher edition and printing.,,,Medium,https://openlibrary.org/works/OL9042347W,BROAD
openlibrary:OL9042348W,Kai Wiedenhofer,"Stefani Rosenkranz | Kai Rosenkranz, Stefani Wiedenhofer",Perfect peace,,2002,Steidl,,Specialist photography publisher backlist: Steidl,C,4,Work-level metadata only; verify the exact publisher edition and printing.,,,Medium,https://openlibrary.org/works/OL9042348W,BROAD
openlibrary:OL25023857W,Kai Wiedenhöfer,,Wiedenhöfer - Confrontier,,2014,Steidl,,Specialist photography publisher backlist: Steidl,C,4,Work-level metadata only; verify the exact publisher edition and printing.,,,Medium,https://openlibrary.org/works/OL25023857W,BROAD
openlibrary:OL21154856W,Kanye West,Jackie Nickerson,Kanye West?,,2017,Steidl,,Specialist photography publisher backlist: Steidl,C,4,Work-level metadata only; verify the exact publisher edition and printing.,,,Medium,https://openlibrary.org/works/OL21154856W,BROAD
openlibrary:OL17482244W,Karen Halttunen,,America And The Tintype,,2009,Steidl,,Specialist photography publisher backlist: Steidl,C,4,Work-level metadata only; verify the exact publisher edition and printing.,,,Medium,https://openlibrary.org/works/OL17482244W,BROAD
openlibrary:OL21231886W,Karen Ingham,Bernard Moxham,Anatomy Lessons,,2005,Dewi Lewis,,Specialist photography publisher backlist: Dewi Lewis,B,4,Work-level metadata only; verify the exact publisher edition and printing.,,,Medium,https://openlibrary.org/works/OL21231886W,BROAD
openlibrary:OL23158542W,Karen Knorr,,Punks,,2013,GOST,,Specialist photography publisher backlist: GOST,B,4,Work-level metadata only; verify the exact publisher edition and printing.,,,Medium,https://openlibrary.org/works/OL23158542W,BROAD
openlibrary:OL20524857W,Karine Laval,,Karine Laval,,2018,Steidl,,Specialist photography publisher backlist: Steidl,C,4,Work-level metadata only; verify the exact publisher edition and printing.,,,Medium,https://openlibrary.org/works/OL20524857W,BROAD
openlibrary:OL33106737W,Karl Lagerfeld,,Abstract architecture,,2009,Steidl,,Specialist photography publisher backlist: Steidl,C,4,Work-level metadata only; verify the exact publisher edition and printing.,,,Medium,https://openlibrary.org/works/OL33106737W,BROAD
openlibrary:OL21223159W,Karl Lagerfeld,Eric Pfrunder,Aktstrakt,,2003,Steidl,,Specialist photography publisher backlist: Steidl,C,4,Work-level metadata only; verify the exact publisher edition and printing.,,,Medium,https://openlibrary.org/works/OL21223159W,BROAD
openlibrary:OL36447517W,Karl Lagerfeld,,Byzantine Fragments,,2011,Steidl,,Specialist photography publisher backlist: Steidl,C,4,Work-level metadata only; verify the exact publisher edition and printing.,,,Medium,https://openlibrary.org/works/OL36447517W,BROAD
openlibrary:OL862717W,Karl Lagerfeld,,Casa Malaparte,,1998,Steidl,,Specialist photography publisher backlist: Steidl,C,4,Work-level metadata only; verify the exact publisher edition and printing.,,,Medium,https://openlibrary.org/works/OL862717W,BROAD
openlibrary:OL862733W,Karl Lagerfeld,,Karl Lagerfeld,,1998,Steidl,,Specialist photography publisher backlist: Steidl,C,4,Work-level metadata only; verify the exact publisher edition and printing.,,,Medium,https://openlibrary.org/works/OL862733W,BROAD
openlibrary:OL862726W,Karl Lagerfeld,,"Karl Lagerfeld, off the record",,1994,Steidl,,Specialist photography publisher backlist: Steidl,C,4,Work-level metadata only; verify the exact publisher edition and printing.,,,Medium,https://openlibrary.org/works/OL862726W,BROAD
openlibrary:OL21088396W,Karl Lagerfeld,Carine Roitfeld,Little Black Jacket,,2014,Steidl,,Specialist photography publisher backlist: Steidl,C,4,Work-level metadata only; verify the exact publisher edition and printing.,,,Medium,https://openlibrary.org/works/OL21088396W,BROAD
openlibrary:OL25047206W,Karl Lagerfeld,Babeth Djian,Numéro Couture,,2016,Steidl,,Specialist photography publisher backlist: Steidl,C,4,Work-level metadata only; verify the exact publisher edition and printing.,,,Medium,https://openlibrary.org/works/OL25047206W,BROAD
openlibrary:OL33052465W,Karl Lagerfeld,,The beauty of violence,,2010,Steidl,,Specialist photography publisher backlist: Steidl,C,4,Work-level metadata only; verify the exact publisher edition and printing.,,,Medium,https://openlibrary.org/works/OL33052465W,BROAD
openlibrary:OL23318299W,Karl Lagerfeld,,The glory of water,,2013,Steidl,,Specialist photography publisher backlist: Steidl,C,4,Work-level metadata only; verify the exact publisher edition and printing.,,,Medium,https://openlibrary.org/works/OL23318299W,BROAD
openlibrary:OL862723W,Karl Lagerfeld,,The house in the trees,,1998,Steidl,,Specialist photography publisher backlist: Steidl,C,4,Work-level metadata only; verify the exact publisher edition and printing.,,,Medium,https://openlibrary.org/works/OL862723W,BROAD
openlibrary:OL32815319W,Karl Lagerfeld,,The little black jacket,,2012,Steidl,,Specialist photography publisher backlist: Steidl,C,4,Work-level metadata only; verify the exact publisher edition and printing.,,,Medium,https://openlibrary.org/works/OL32815319W,BROAD
openlibrary:OL21110915W,Karl Lagerfeld,,Villa Noailles,,2015,Steidl,,Specialist photography publisher backlist: Steidl,C,4,Work-level metadata only; verify the exact publisher edition and printing.,,,Medium,https://openlibrary.org/works/OL21110915W,BROAD
openlibrary:OL33007017W,Karl Lagerfeld,,Work in progress,,2011,Steidl,,Specialist photography publisher backlist: Steidl,C,4,Work-level metadata only; verify the exact publisher edition and printing.,,,Medium,https://openlibrary.org/works/OL33007017W,BROAD
openlibrary:OL17383366W,Karl Lagerfeld,,You Can Leave Your Hat On Starring Jake Davies,,2008,Steidl,,Specialist photography publisher backlist: Steidl,C,4,Work-level metadata only; verify the exact publisher edition and printing.,,,Medium,https://openlibrary.org/works/OL17383366W,BROAD
openlibrary:OL9058193W,Karlheinz Weinberger,Andreas Zust Verlag | Martin Jaeggi,Karlheinz Weinberger,,2000,Scalo,,Specialist photography publisher backlist: Scalo,B,4,Work-level metadata only; verify the exact publisher edition and printing.,,,Medium,https://openlibrary.org/works/OL9058193W,BROAD
openlibrary:OL25053548W,Karlheinz Weinberger,Daniela Janser | François Cheval | Esther Woerdehoff,Swiss Rebels,,2017,Steidl,,Specialist photography publisher backlist: Steidl,C,4,Work-level metadata only; verify the exact publisher edition and printing.,,,Medium,https://openlibrary.org/works/OL25053548W,BROAD
openlibrary:OL18482812W,Kate Linker,Laurie Simmons,Laurie Simmons,,2005,Aperture,,Specialist photography publisher backlist: Aperture,C,4,Work-level metadata only; verify the exact publisher edition and printing.,,,Medium,https://openlibrary.org/works/OL18482812W,BROAD
openlibrary:OL21221455W,Kate Schermerhorn,Simon Winchester,America's Idea of a Good Time,,2001,Dewi Lewis,,Specialist photography publisher backlist: Dewi Lewis,B,4,Work-level metadata only; verify the exact publisher edition and printing.,,,Medium,https://openlibrary.org/works/OL21221455W,BROAD
openlibrary:OL19965977W,Katherine A. Bussard,,Color rush,,2013,Aperture,,Specialist photography publisher backlist: Aperture,C,4,Work-level metadata only; verify the exact publisher edition and printing.,,,Medium,https://openlibrary.org/works/OL19965977W,BROAD
openlibrary:OL18724463W,Katherine Adams,,Couturier dreams,,2005,Nazraeli Press,,Specialist photography publisher backlist: Nazraeli Press,B,4,Work-level metadata only; verify the exact publisher edition and printing.,,,Medium,https://openlibrary.org/works/OL18724463W,BROAD
openlibrary:OL18929896W,Kathrin Becker,Urs Stahel,Remake Berlin,,2000,Steidl,,Specialist photography publisher backlist: Steidl,C,4,Work-level metadata only; verify the exact publisher edition and printing.,,,Medium,https://openlibrary.org/works/OL18929896W,BROAD
openlibrary:OL17566177W,Kathy Ryan,,The New York Times Magazine Photographs,,2011,Aperture,,Specialist photography publisher backlist: Aperture,C,4,Work-level metadata only; verify the exact publisher edition and printing.,,,Medium,https://openlibrary.org/works/OL17566177W,BROAD
openlibrary:OL9911802W,Kazuumi Takahashi,,High Tide Wane Moon,,2008,Nazraeli Press,,Specialist photography publisher backlist: Nazraeli Press,B,4,Work-level metadata only; verify the exact publisher edition and printing.,,,Medium,https://openlibrary.org/works/OL9911802W,BROAD
openlibrary:OL17444298W,Keita Seydou,,Seydou Keta Photographs Bamako Mali 19481963,,2011,Steidl,,Specialist photography publisher backlist: Steidl,C,4,Work-level metadata only; verify the exact publisher edition and printing.,,,Medium,https://openlibrary.org/works/OL17444298W,BROAD
openlibrary:OL28776389W,Keith Critchlow,Maria Reiche | Lucy Lippard,Markings,,2005,Aperture,,Specialist photography publisher backlist: Aperture,C,4,Work-level metadata only; verify the exact publisher edition and printing.,,,Medium,https://openlibrary.org/works/OL28776389W,BROAD
openlibrary:OL21124850W,Keith F. Davis,Keith F. Davis | Howard Greenberg | Keith Davis,Life and Work of Sid Grossman,,2017,Steidl,,Specialist photography publisher backlist: Steidl,C,4,Work-level metadata only; verify the exact publisher edition and printing.,,,Medium,https://openlibrary.org/works/OL21124850W,BROAD
openlibrary:OL13414160W,Kelli Connell,Kelli Connell | Justin Newhall | Brian Ulrich,Double life,,2006,Aperture,,Specialist photography publisher backlist: Aperture,C,4,Work-level metadata only; verify the exact publisher edition and printing.,,,Medium,https://openlibrary.org/works/OL13414160W,BROAD
openlibrary:OL21295337W,Ken Graves,,Home Front,,2015,MACK,,Specialist photography publisher backlist: MACK,B,4,Work-level metadata only; verify the exact publisher edition and printing.,,,Medium,https://openlibrary.org/works/OL21295337W,BROAD
openlibrary:OL4992525W,Ken Heyman,,Hipshot,,1988,Aperture,,Specialist photography publisher backlist: Aperture,C,4,Work-level metadata only; verify the exact publisher edition and printing.,,,Medium,https://openlibrary.org/works/OL4992525W,BROAD
openlibrary:OL37582677W,Ken Narula,Andreas Kaufmann | Gerhard Steidl,Ken Narula : Iris and Lens,,2024,Steidl,,Specialist photography publisher backlist: Steidl,C,4,Work-level metadata only; verify the exact publisher edition and printing.,,,Medium,https://openlibrary.org/works/OL37582677W,BROAD
openlibrary:OL8954435W,Ken Ohara,,With,,2006,Twin Palms,,Specialist photography publisher backlist: Twin Palms,B,4,Work-level metadata only; verify the exact publisher edition and printing.,,,Medium,https://openlibrary.org/works/OL8954435W,BROAD
openlibrary:OL8748155W,Ken Probst,,Pornographic,,1999,Twin Palms,,Specialist photography publisher backlist: Twin Palms,B,4,Work-level metadata only; verify the exact publisher edition and printing.,,,Medium,https://openlibrary.org/works/OL8748155W,BROAD
openlibrary:OL17544692W,Ken Schles,,Ken Schles,,2014,Steidl,,Specialist photography publisher backlist: Steidl,C,4,Work-level metadata only; verify the exact publisher edition and printing.,,,Medium,https://openlibrary.org/works/OL17544692W,BROAD
openlibrary:OL9971662W,Kenda North,Dinah Berland,Kenda North,,1988,Aperture,,Specialist photography publisher backlist: Aperture,C,4,Work-level metadata only; verify the exact publisher edition and printing.,,,Medium,https://openlibrary.org/works/OL9971662W,BROAD
openlibrary:OL8803650W,Kenro Izu,,"Bhutan, sacred within",,2008,Nazraeli Press,,Specialist photography publisher backlist: Nazraeli Press,B,4,Work-level metadata only; verify the exact publisher edition and printing.,,,Medium,https://openlibrary.org/works/OL8803650W,BROAD
openlibrary:OL6017752W,Keri Pickett,James Broughton,Faeries,,2000,Aperture,,Specialist photography publisher backlist: Aperture,C,4,Work-level metadata only; verify the exact publisher edition and printing.,,,Medium,https://openlibrary.org/works/OL6017752W,BROAD
openlibrary:OL2987467W,Kerry Brougher,,Jeff Wall,,1997,Scalo,,Specialist photography publisher backlist: Scalo,B,4,Work-level metadata only; verify the exact publisher edition and printing.,,,Medium,https://openlibrary.org/works/OL2987467W,BROAD
openlibrary:OL8917606W,Ketaki Sheth,Raghubir Singh,Twinspotting,,1999,Dewi Lewis,,Specialist photography publisher backlist: Dewi Lewis,B,4,Work-level metadata only; verify the exact publisher edition and printing.,,,Medium,https://openlibrary.org/works/OL8917606W,BROAD
openlibrary:OL21349891W,Kevin Lear,,Glass Darkly,,2017,MACK,,Specialist photography publisher backlist: MACK,B,4,Work-level metadata only; verify the exact publisher edition and printing.,,,Medium,https://openlibrary.org/works/OL21349891W,BROAD
openlibrary:OL36446242W,Khalid Bin Hamad,,Here Is My Secret,,2013,Steidl,,Specialist photography publisher backlist: Steidl,C,4,Work-level metadata only; verify the exact publisher edition and printing.,,,Medium,https://openlibrary.org/works/OL36446242W,BROAD
openlibrary:OL32882593W,Khalid Bin Hamad Bin Al Thani,,Language without words,,2014,Steidl,,Specialist photography publisher backlist: Steidl,C,4,Work-level metadata only; verify the exact publisher edition and printing.,,,Medium,https://openlibrary.org/works/OL32882593W,BROAD
openlibrary:OL25632944W,Kikuji Kawada,,Last Cosmology,,2015,MACK,,Specialist photography publisher backlist: MACK,B,4,Work-level metadata only; verify the exact publisher edition and printing.,,,Medium,https://openlibrary.org/works/OL25632944W,BROAD
openlibrary:OL21150949W,Kiluanji Kia Henda,Johannes Hossfeld | Christine Schulte,Traveling,,2018,Steidl,,Specialist photography publisher backlist: Steidl,C,4,Work-level metadata only; verify the exact publisher edition and printing.,,,Medium,https://openlibrary.org/works/OL21150949W,BROAD
openlibrary:OL23319313W,Kiriko Shirobayashi,,Beyond,,2010,Nazraeli Press,,Specialist photography publisher backlist: Nazraeli Press,B,4,Work-level metadata only; verify the exact publisher edition and printing.,,,Medium,https://openlibrary.org/works/OL23319313W,BROAD
openlibrary:OL2822404W,Klaus Honnef,,Martin Munkacsi,,2005,Steidl,,Specialist photography publisher backlist: Steidl,C,4,Work-level metadata only; verify the exact publisher edition and printing.,,,Medium,https://openlibrary.org/works/OL2822404W,BROAD
openlibrary:OL33034118W,Klaus Mettig,,Don't be left behind,,2010,Steidl,,Specialist photography publisher backlist: Steidl,C,4,Work-level metadata only; verify the exact publisher edition and printing.,,,Medium,https://openlibrary.org/works/OL33034118W,BROAD
openlibrary:OL17548847W,Klaus Staeck,,Beuys Book,,2011,Steidl,,Specialist photography publisher backlist: Steidl,C,4,Work-level metadata only; verify the exact publisher edition and printing.,,,Medium,https://openlibrary.org/works/OL17548847W,BROAD
openlibrary:OL23946005W,Klaus Staeck,,Frohe Zukunft,,2004,Steidl,,Specialist photography publisher backlist: Steidl,C,4,Work-level metadata only; verify the exact publisher edition and printing.,,,Medium,https://openlibrary.org/works/OL23946005W,BROAD
openlibrary:OL2580008W,Klaus Staeck,,Nichts ist erledigt,,2004,Steidl,,Specialist photography publisher backlist: Steidl,C,4,Work-level metadata only; verify the exact publisher edition and printing.,,,Medium,https://openlibrary.org/works/OL2580008W,BROAD
openlibrary:OL1926083W,"Klein, William.",,New York 1954-55,,1996,Dewi Lewis,,Specialist photography publisher backlist: Dewi Lewis,B,4,Work-level metadata only; verify the exact publisher edition and printing.,,,Medium,https://openlibrary.org/works/OL1926083W,BROAD
openlibrary:OL25067139W,Konrad Rufus Müller,,Terra Cognita,,2008,Steidl,,Specialist photography publisher backlist: Steidl,C,4,Work-level metadata only; verify the exact publisher edition and printing.,,,Medium,https://openlibrary.org/works/OL25067139W,BROAD
openlibrary:OL18519055W,Kota Ezawa,Lars Bang Larsen | Chus Martinez,The history of photography remix,,2006,Nazraeli Press,,Specialist photography publisher backlist: Nazraeli Press,B,4,Work-level metadata only; verify the exact publisher edition and printing.,,,Medium,https://openlibrary.org/works/OL18519055W,BROAD
openlibrary:OL21135442W,Koto Bolofo,,Binding,,2017,Steidl,,Specialist photography publisher backlist: Steidl,C,4,Work-level metadata only; verify the exact publisher edition and printing.,,,Medium,https://openlibrary.org/works/OL21135442W,BROAD
openlibrary:OL32184627W,Koto Bolofo,,Dreams,,2012,Steidl,,Specialist photography publisher backlist: Steidl,C,4,Work-level metadata only; verify the exact publisher edition and printing.,,,Medium,https://openlibrary.org/works/OL32184627W,BROAD
openlibrary:OL22754641W,Koto Bolofo,,Grosse Komplikation,,2010,Steidl,,Specialist photography publisher backlist: Steidl,C,4,Work-level metadata only; verify the exact publisher edition and printing.,,,Medium,https://openlibrary.org/works/OL22754641W,BROAD
openlibrary:OL17386019W,Koto Bolofo,,I Spy With My Little Eye Something Beginning With S,,2010,Steidl,,Specialist photography publisher backlist: Steidl,C,4,Work-level metadata only; verify the exact publisher edition and printing.,,,Medium,https://openlibrary.org/works/OL17386019W,BROAD
openlibrary:OL17586717W,Koto Bolofo,,Koto Bolofo,,2013,Steidl,,Specialist photography publisher backlist: Steidl,C,4,Work-level metadata only; verify the exact publisher edition and printing.,,,Medium,https://openlibrary.org/works/OL17586717W,BROAD
openlibrary:OL25634238W,Kristina Jurotschkin,,Nothing but Clouds,,2017,MACK,,Specialist photography publisher backlist: MACK,B,4,Work-level metadata only; verify the exact publisher edition and printing.,,,Medium,https://openlibrary.org/works/OL25634238W,BROAD
openlibrary:OL44840461W,Kristine Potter,Stanley Wolukau-Wanambwa | Paul Schiek | Lester Rosso,Manifest,,2018,TBW Books,,Specialist photography publisher backlist: TBW Books,B,4,Work-level metadata only; verify the exact publisher edition and printing.,,,Medium,https://openlibrary.org/works/OL44840461W,BROAD
openlibrary:OL4904489W,Kurt Markus,,Boxers,,1996,Twin Palms,,Specialist photography publisher backlist: Twin Palms,B,4,Work-level metadata only; verify the exact publisher edition and printing.,,,Medium,https://openlibrary.org/works/OL4904489W,BROAD
openlibrary:OL21196794W,Kwame Brathwaite,Tanisha C. Ford | Deborah Willis,Kwame Brathwaite,,2019,Aperture,,Specialist photography publisher backlist: Aperture,C,4,Work-level metadata only; verify the exact publisher edition and printing.,,,Medium,https://openlibrary.org/works/OL21196794W,BROAD
openlibrary:OL13492950W,Kwong Chi Tseng,,Ambiguous ambassador,,2005,Nazraeli Press,,Specialist photography publisher backlist: Nazraeli Press,B,4,Work-level metadata only; verify the exact publisher edition and printing.,,,Medium,https://openlibrary.org/works/OL13492950W,BROAD
openlibrary:OL21136833W,Langdon Clay,,Langdon Clay - Cars,,2017,Steidl,,Specialist photography publisher backlist: Steidl,C,4,Work-level metadata only; verify the exact publisher edition and printing.,,,Medium,https://openlibrary.org/works/OL21136833W,BROAD
openlibrary:OL603935W,"Lange, Dorothea.",,"Aperture Masters of Photography Series, Vol 5",,1987,Aperture,,Specialist photography publisher backlist: Aperture,C,4,Work-level metadata only; verify the exact publisher edition and printing.,,,Medium,https://openlibrary.org/works/OL603935W,BROAD
openlibrary:OL15138113W,"Lange, Dorothea.",,Dorothea Lange,,1987,Aperture,,Specialist photography publisher backlist: Aperture,C,4,Work-level metadata only; verify the exact publisher edition and printing.,,,Medium,https://openlibrary.org/works/OL15138113W,BROAD
openlibrary:OL3592376W,"Lange, Susanne",Susanne Lange | Claudia Schubert | Allan Tullos,William Christenberry,,1989,Steidl,,Specialist photography publisher backlist: Steidl,C,4,Work-level metadata only; verify the exact publisher edition and printing.,,,Medium,https://openlibrary.org/works/OL3592376W,BROAD
openlibrary:OL7209553W,Larry Clark,,The Perfect Childhood,,1993,Scalo,,Specialist photography publisher backlist: Scalo,B,4,Work-level metadata only; verify the exact publisher edition and printing.,,,Medium,https://openlibrary.org/works/OL7209553W,BROAD
openlibrary:OL31268282W,Larry E. McPherson,,Larry E. Mcpherson,,2007,Steidl,,Specialist photography publisher backlist: Steidl,C,4,Work-level metadata only; verify the exact publisher edition and printing.,,,Medium,https://openlibrary.org/works/OL31268282W,BROAD
openlibrary:OL17448954W,Larry Fink,,Larry Fink On Improvisation And Composition,,2014,Aperture,,Specialist photography publisher backlist: Aperture,C,4,Work-level metadata only; verify the exact publisher edition and printing.,,,Medium,https://openlibrary.org/works/OL17448954W,BROAD
openlibrary:OL5848915W,Larry Frascella,,Aperture,,1987,Aperture,,Specialist photography publisher backlist: Aperture,C,4,Work-level metadata only; verify the exact publisher edition and printing.,,,Medium,https://openlibrary.org/works/OL5848915W,BROAD
openlibrary:OL4279556W,Larry Sultan,,Pictures from home,,1992,MACK,,Specialist photography publisher backlist: MACK,B,4,Work-level metadata only; verify the exact publisher edition and printing.,,,Medium,https://openlibrary.org/works/OL4279556W,BROAD
openlibrary:OL17439768W,Larry Sultan,,Silver Curtain,,2010,Steidl,,Specialist photography publisher backlist: Steidl,C,4,Work-level metadata only; verify the exact publisher edition and printing.,,,Medium,https://openlibrary.org/works/OL17439768W,BROAD
openlibrary:OL4279557W,Larry Sultan,,The Valley,,2004,Scalo,,Specialist photography publisher backlist: Scalo,B,4,Work-level metadata only; verify the exact publisher edition and printing.,,,Medium,https://openlibrary.org/works/OL4279557W,BROAD
openlibrary:OL2035884W,Larry Towell,,World From My Front Porch,,2008,Chris Boot,,Specialist photography publisher backlist: Chris Boot,B,4,Work-level metadata only; verify the exact publisher edition and printing.,,,Medium,https://openlibrary.org/works/OL2035884W,BROAD
openlibrary:OL3695637W,Lars Tunbjörk,,Lars Tunbjörk,,2007,Steidl,,Specialist photography publisher backlist: Steidl,C,4,Work-level metadata only; verify the exact publisher edition and printing.,,,Medium,https://openlibrary.org/works/OL3695637W,BROAD
openlibrary:OL36446989W,Lars Tunbjörk,Greger Ulf Nilson,Lars Tunbjörk - I Love Boras!,,2007,Steidl,,Specialist photography publisher backlist: Steidl,C,4,Work-level metadata only; verify the exact publisher edition and printing.,,,Medium,https://openlibrary.org/works/OL36446989W,BROAD
openlibrary:OL10334223W,László Moholy-Nagy,,László Moholy-Nagy,,1969,Steidl,,Specialist photography publisher backlist: Steidl,C,4,Work-level metadata only; verify the exact publisher edition and printing.,,,Medium,https://openlibrary.org/works/OL10334223W,BROAD
openlibrary:OL27074398W,LaToya Ruby Frazier,Dawoud Bey | Dennis Dickerson | Laura Wexler,Notion of Family,,2014,Aperture,,Specialist photography publisher backlist: Aperture,C,4,Work-level metadata only; verify the exact publisher edition and printing.,,,Medium,https://openlibrary.org/works/OL27074398W,BROAD
openlibrary:OL15539475W,Laura Carton,,Stripped,,2010,Nazraeli Press,,Specialist photography publisher backlist: Nazraeli Press,B,4,Work-level metadata only; verify the exact publisher edition and printing.,,,Medium,https://openlibrary.org/works/OL15539475W,BROAD
openlibrary:OL19275515W,Laurent Busine,Harald Szeemann,Balthasar Burkhard: Photographer,,2005,Scalo,,Specialist photography publisher backlist: Scalo,B,4,Work-level metadata only; verify the exact publisher edition and printing.,,,Medium,https://openlibrary.org/works/OL19275515W,BROAD
openlibrary:OL28809544W,Laurie Simmons,Sarah Charlesworth | Joel-Peter Witkin | Brian De Palma,Edge of Illusion,,1985,Aperture,,Specialist photography publisher backlist: Aperture,C,4,Work-level metadata only; verify the exact publisher edition and printing.,,,Medium,https://openlibrary.org/works/OL28809544W,BROAD
openlibrary:OL21193983W,Lawrence Schwartzwald,,Lawrence Schwartzwald,,2018,Steidl,,Specialist photography publisher backlist: Steidl,C,4,Work-level metadata only; verify the exact publisher edition and printing.,,,Medium,https://openlibrary.org/works/OL21193983W,BROAD
openlibrary:OL20046477W,Lee Friedlander,Richard Benson | Jock Reynolds,Lee Friedlander,,2011,Steidl,,Specialist photography publisher backlist: Steidl,C,4,Work-level metadata only; verify the exact publisher edition and printing.,,,Medium,https://openlibrary.org/works/OL20046477W,BROAD
openlibrary:OL8937174W,Lenny Gottlieb,,Lost And Found In America (Photography),,2004,Dewi Lewis,,Specialist photography publisher backlist: Dewi Lewis,B,4,Work-level metadata only; verify the exact publisher edition and printing.,,,Medium,https://openlibrary.org/works/OL8937174W,BROAD
openlibrary:OL18407628W,Leo Rubinfien,,Leo Rubinfien: Wounded Cities,,2008,Steidl,,Specialist photography publisher backlist: Steidl,C,4,Work-level metadata only; verify the exact publisher edition and printing.,,,Medium,https://openlibrary.org/works/OL18407628W,BROAD
openlibrary:OL16652653W,Leon Borensztein,,"American portraits, 1979-1989",,2011,Nazraeli Press,,Specialist photography publisher backlist: Nazraeli Press,B,4,Work-level metadata only; verify the exact publisher edition and printing.,,,Medium,https://openlibrary.org/works/OL16652653W,BROAD
openlibrary:OL41901880W,Leon Borensztein,Nazraeli Press Staff,Portraits,,2012,Nazraeli Press,,Specialist photography publisher backlist: Nazraeli Press,B,4,Work-level metadata only; verify the exact publisher edition and printing.,,,Medium,https://openlibrary.org/works/OL41901880W,BROAD
openlibrary:OL25903498W,Leonardo Magrelli,Mirjam Kooiman,West of Here,,2021,Yoffy Press,,Specialist photography publisher backlist: Yoffy Press,B,4,Work-level metadata only; verify the exact publisher edition and printing.,,,Medium,https://openlibrary.org/works/OL25903498W,BROAD
openlibrary:OL2041434W,Letizia Battaglia,,Letizia Battaglia,,1999,Aperture,,Specialist photography publisher backlist: Aperture,C,4,Work-level metadata only; verify the exact publisher edition and printing.,,,Medium,https://openlibrary.org/works/OL2041434W,BROAD
openlibrary:OL5553633W,"Leve, Manfred.",Eugen Blume | Joseph Beuys,Leve sieht Beuys,,2004,Steidl,,Specialist photography publisher backlist: Steidl,C,4,Work-level metadata only; verify the exact publisher edition and printing.,,,Medium,https://openlibrary.org/works/OL5553633W,BROAD
openlibrary:OL16687438W,Lewis Baltz,,Candlestick Point,,2011,Steidl,,Specialist photography publisher backlist: Steidl,C,4,Work-level metadata only; verify the exact publisher edition and printing.,,,Medium,https://openlibrary.org/works/OL16687438W,BROAD
openlibrary:OL3584173W,Lewis Baltz,Cornelia H. Butler,Lewis Baltz,,1976,Scalo,,Specialist photography publisher backlist: Scalo | Specialist photography publisher backlist: Steidl,B,4,Work-level metadata only; verify the exact publisher edition and printing.,,,Medium,https://openlibrary.org/works/OL3584173W,BROAD
openlibrary:OL21204092W,Lewis Baltz,Victor Burgin | Jean Nouvel | Slavica Perkovic,Lewis Baltz : for Lewis Baltz,,2019,Steidl,,Specialist photography publisher backlist: Steidl,C,4,Work-level metadata only; verify the exact publisher edition and printing.,,,Medium,https://openlibrary.org/works/OL21204092W,BROAD
openlibrary:OL36447084W,Lewis Baltz,Jane Livingston,Maryland 1976,,2013,Steidl,,Specialist photography publisher backlist: Steidl,C,4,Work-level metadata only; verify the exact publisher edition and printing.,,,Medium,https://openlibrary.org/works/OL36447084W,BROAD
openlibrary:OL3584171W,Lewis Baltz,,Park City,,1980,Aperture,,Specialist photography publisher backlist: Aperture,C,4,Work-level metadata only; verify the exact publisher edition and printing.,,,Medium,https://openlibrary.org/works/OL3584171W,BROAD
openlibrary:OL36447818W,Lewis Baltz,,Prototype Works,,2011,Steidl,,Specialist photography publisher backlist: Steidl,C,4,Work-level metadata only; verify the exact publisher edition and printing.,,,Medium,https://openlibrary.org/works/OL36447818W,BROAD
openlibrary:OL3584172W,Lewis Baltz,,Rule Without Exception,,1991,Scalo,,Specialist photography publisher backlist: Scalo,B,4,Work-level metadata only; verify the exact publisher edition and printing.,,,Medium,https://openlibrary.org/works/OL3584172W,BROAD
openlibrary:OL21040193W,Lewis Baltz,,Rule Without Exception / Only Exceptions,,2012,Steidl,,Specialist photography publisher backlist: Steidl,C,4,Work-level metadata only; verify the exact publisher edition and printing.,,,Medium,https://openlibrary.org/works/OL21040193W,BROAD
openlibrary:OL3584166W,Lewis Baltz,,San Quentin Point,,1986,Aperture,,Specialist photography publisher backlist: Aperture,C,4,Work-level metadata only; verify the exact publisher edition and printing.,,,Medium,https://openlibrary.org/works/OL3584166W,BROAD
openlibrary:OL36447632W,Lewis BALTZ,,Venezia Marghera,,2013,Steidl,,Specialist photography publisher backlist: Steidl,C,4,Work-level metadata only; verify the exact publisher edition and printing.,,,Medium,https://openlibrary.org/works/OL36447632W,BROAD
openlibrary:OL21434868W,Lewis Baltz,,Works,,2010,Steidl,,Specialist photography publisher backlist: Steidl,C,4,Work-level metadata only; verify the exact publisher edition and printing.,,,Medium,https://openlibrary.org/works/OL21434868W,BROAD
openlibrary:OL22533816W,Lewis Hine,Judith Gutman,Lewis Hine,,2011,Steidl,,Specialist photography publisher backlist: Steidl,C,4,Work-level metadata only; verify the exact publisher edition and printing.,,,Medium,https://openlibrary.org/works/OL22533816W,BROAD
openlibrary:OL1941171W,Lewis Wickes Hine,,America & Lewis Hine,,1977,Aperture,,Specialist photography publisher backlist: Aperture,C,4,Work-level metadata only; verify the exact publisher edition and printing.,,,Medium,https://openlibrary.org/works/OL1941171W,BROAD
openlibrary:OL23361691W,Linda Fregni Nagler,,The hidden mother,,2013,MACK,,Specialist photography publisher backlist: MACK,B,4,Work-level metadata only; verify the exact publisher edition and printing.,,,Medium,https://openlibrary.org/works/OL23361691W,BROAD
openlibrary:OL770533W,Linda Troeller,,Healing waters,,1998,Aperture,,Specialist photography publisher backlist: Aperture,C,4,Work-level metadata only; verify the exact publisher edition and printing.,,,Medium,https://openlibrary.org/works/OL770533W,BROAD
openlibrary:OL35743202W,Linda Troeller,,Sex. Death. Transcendence,,2022,TBW Books,,Specialist photography publisher backlist: TBW Books,B,4,Work-level metadata only; verify the exact publisher edition and printing.,,,Medium,https://openlibrary.org/works/OL35743202W,BROAD
openlibrary:OL21954748W,Lindokuhle Sobekwa,,Lindokuhle Sobekwa,,2020,Steidl,,Specialist photography publisher backlist: Steidl,C,4,Work-level metadata only; verify the exact publisher edition and printing.,,,Medium,https://openlibrary.org/works/OL21954748W,BROAD
openlibrary:OL520245W,"Lindsay, Charles.",,"Mentawai shaman, keeper of the rain forest",,1992,Aperture,,Specialist photography publisher backlist: Aperture,C,4,Work-level metadata only; verify the exact publisher edition and printing.,,,Medium,https://openlibrary.org/works/OL520245W,BROAD
openlibrary:OL520246W,"Lindsay, Charles.",,Upstream,,2000,Aperture,,Specialist photography publisher backlist: Aperture,C,4,Work-level metadata only; verify the exact publisher edition and printing.,,,Medium,https://openlibrary.org/works/OL520246W,BROAD
openlibrary:OL32286130W,Linn Phyllis Seeger,,You I everything else,,2020,Skinnerboox,,Specialist photography publisher backlist: Skinnerboox,B,4,Work-level metadata only; verify the exact publisher edition and printing.,,,Medium,https://openlibrary.org/works/OL32286130W,BROAD
openlibrary:OL24152521W,Lisa Barnard,,The Canary and The Hammer,,2019,MACK,,Specialist photography publisher backlist: MACK,B,4,Work-level metadata only; verify the exact publisher edition and printing.,,,Medium,https://openlibrary.org/works/OL24152521W,BROAD
openlibrary:OL24339080W,Lisa Hostetler,,The Photographer's Cookbook,,2016,Aperture,,Specialist photography publisher backlist: Aperture,C,4,Work-level metadata only; verify the exact publisher edition and printing.,,,Medium,https://openlibrary.org/works/OL24339080W,BROAD
openlibrary:OL15421182W,Lisa Kereszi,,Fun and games,,2009,Nazraeli Press,,Specialist photography publisher backlist: Nazraeli Press,B,4,Work-level metadata only; verify the exact publisher edition and printing.,,,Medium,https://openlibrary.org/works/OL15421182W,BROAD
openlibrary:OL23332686W,Lisa Meier,,Funeral fashion in Ghana,,2013,Edition Patrick Frey,,Specialist photography publisher backlist: Edition Patrick Frey,B,4,Work-level metadata only; verify the exact publisher edition and printing.,,,Medium,https://openlibrary.org/works/OL23332686W,BROAD
openlibrary:OL36446719W,Lise Sarfati,,Immaculate,,2010,Steidl,,Specialist photography publisher backlist: Steidl,C,4,Work-level metadata only; verify the exact publisher edition and printing.,,,Medium,https://openlibrary.org/works/OL36446719W,BROAD
openlibrary:OL32818507W,Lise Sarfati,,She,,2012,Twin Palms,,Specialist photography publisher backlist: Twin Palms,B,4,Work-level metadata only; verify the exact publisher edition and printing.,,,Medium,https://openlibrary.org/works/OL32818507W,BROAD
openlibrary:OL8369744W,Lise Sarfati,,The New Life,,2005,Twin Palms,,Specialist photography publisher backlist: Twin Palms,B,4,Work-level metadata only; verify the exact publisher edition and printing.,,,Medium,https://openlibrary.org/works/OL8369744W,BROAD
openlibrary:OL3630103W,Lisette Model,,Lisette Model,,1977,Twin Palms,,Specialist photography publisher backlist: Twin Palms | Specialist photography publisher backlist: Aperture,B,4,Work-level metadata only; verify the exact publisher edition and printing.,,,Medium,https://openlibrary.org/works/OL3630103W,BROAD
openlibrary:OL26576434W,Liz Hingley,,Sacred Shanghai,,2020,GOST,,Specialist photography publisher backlist: GOST,B,4,Work-level metadata only; verify the exact publisher edition and printing.,,,Medium,https://openlibrary.org/works/OL26576434W,BROAD
openlibrary:OL39669682W,Liz Jobey,,Rays a Laugh,,2024,MACK,,Specialist photography publisher backlist: MACK,B,4,Work-level metadata only; verify the exact publisher edition and printing.,,,Medium,https://openlibrary.org/works/OL39669682W,BROAD
openlibrary:OL8998643W,Liz Jobey,,The End of Innocence: Photographs from the Decades That Defined Pop,,1997,Scalo,,Specialist photography publisher backlist: Scalo,B,4,Work-level metadata only; verify the exact publisher edition and printing.,,,Medium,https://openlibrary.org/works/OL8998643W,BROAD
openlibrary:OL23119913W,Liz Jobey,,Tony Ray-Jones,,2013,MACK,,Specialist photography publisher backlist: MACK,B,4,Work-level metadata only; verify the exact publisher edition and printing.,,,Medium,https://openlibrary.org/works/OL23119913W,BROAD
openlibrary:OL41901877W,Liz Steketee,Nazraeli Press Staff,Dystopia,,2011,Nazraeli Press,,Specialist photography publisher backlist: Nazraeli Press,B,4,Work-level metadata only; verify the exact publisher edition and printing.,,,Medium,https://openlibrary.org/works/OL41901877W,BROAD
openlibrary:OL28782890W,Ljalja Kuznetsova,,Shaking the Dust of Ages,,1999,Aperture,,Specialist photography publisher backlist: Aperture,C,4,Work-level metadata only; verify the exact publisher edition and printing.,,,Medium,https://openlibrary.org/works/OL28782890W,BROAD
openlibrary:OL23213257W,Lois Hechenblaikner,,Hinter den Bergen,,2009,Steidl,,Specialist photography publisher backlist: Steidl,C,4,Work-level metadata only; verify the exact publisher edition and printing.,,,Medium,https://openlibrary.org/works/OL23213257W,BROAD
openlibrary:OL36447949W,Lois HECHENBLAIKNER,,Winter Wonderland,,2012,Steidl,,Specialist photography publisher backlist: Steidl,C,4,Work-level metadata only; verify the exact publisher edition and printing.,,,Medium,https://openlibrary.org/works/OL36447949W,BROAD
openlibrary:OL32545103W,Lorenzo Castore,,Lorenzo Castore,,2019,L'Artiere,,Specialist photography publisher backlist: L'Artiere,B,4,Work-level metadata only; verify the exact publisher edition and printing.,,,Medium,https://openlibrary.org/works/OL32545103W,BROAD
openlibrary:OL8937180W,Lorenzo Castore,,Paradiso,,2005,Dewi Lewis,,Specialist photography publisher backlist: Dewi Lewis,B,4,Work-level metadata only; verify the exact publisher edition and printing.,,,Medium,https://openlibrary.org/works/OL8937180W,BROAD
openlibrary:OL32748214W,Lorenzo Castore,,Ultimo domicilio,,2015,L'Artiere,,Specialist photography publisher backlist: L'Artiere,B,4,Work-level metadata only; verify the exact publisher edition and printing.,,,Medium,https://openlibrary.org/works/OL32748214W,BROAD
openlibrary:OL5744149W,Loretta Lux,,Loretta Lux,,2005,Aperture,,Specialist photography publisher backlist: Aperture,C,4,Work-level metadata only; verify the exact publisher edition and printing.,,,Medium,https://openlibrary.org/works/OL5744149W,BROAD
openlibrary:OL1899773W,Lou Reed,,Emotion in action,,2003,Steidl,,Specialist photography publisher backlist: Steidl,C,4,Work-level metadata only; verify the exact publisher edition and printing.,,,Medium,https://openlibrary.org/works/OL1899773W,BROAD
openlibrary:OL33075049W,Lou Reed,,Lou Reed,,2009,Steidl,,Specialist photography publisher backlist: Steidl,C,4,Work-level metadata only; verify the exact publisher edition and printing.,,,Medium,https://openlibrary.org/works/OL33075049W,BROAD
openlibrary:OL1899774W,Lou Reed,,Lou Reed's New York,,2006,Steidl,,Specialist photography publisher backlist: Steidl,C,4,Work-level metadata only; verify the exact publisher edition and printing.,,,Medium,https://openlibrary.org/works/OL1899774W,BROAD
openlibrary:OL25634880W,Lou Stoppard,,Shirley Baker,,2019,MACK,,Specialist photography publisher backlist: MACK,B,4,Work-level metadata only; verify the exact publisher edition and printing.,,,Medium,https://openlibrary.org/works/OL25634880W,BROAD
openlibrary:OL8795610W,Lou Stoumen,,Ordinary Miracles,,1981,Aperture,,Specialist photography publisher backlist: Aperture,C,4,Work-level metadata only; verify the exact publisher edition and printing.,,,Medium,https://openlibrary.org/works/OL8795610W,BROAD
openlibrary:OL25897790W,Louie Palu,,Field Guide to Asbestos,,2019,Yoffy Press,,Specialist photography publisher backlist: Yoffy Press,B,4,Work-level metadata only; verify the exact publisher edition and printing.,,,Medium,https://openlibrary.org/works/OL25897790W,BROAD
openlibrary:OL25874097W,Louie Palu,,Front Towards Enemy,,2017,Yoffy Press,,Specialist photography publisher backlist: Yoffy Press,B,4,Work-level metadata only; verify the exact publisher edition and printing.,,,Medium,https://openlibrary.org/works/OL25874097W,BROAD
openlibrary:OL4114077W,Louis Clyde Stoumen,,Times Square,,1985,Aperture,,Specialist photography publisher backlist: Aperture,C,4,Work-level metadata only; verify the exact publisher edition and printing.,,,Medium,https://openlibrary.org/works/OL4114077W,BROAD
openlibrary:OL21145842W,Louis Faurer,John Tittensor,Louis Faurer,,2017,Steidl,,Specialist photography publisher backlist: Steidl,C,4,Work-level metadata only; verify the exact publisher edition and printing.,,,Medium,https://openlibrary.org/works/OL21145842W,BROAD
openlibrary:OL21332703W,Lu Nan,,Trilogy,,2018,GOST,,Specialist photography publisher backlist: GOST,B,4,Work-level metadata only; verify the exact publisher edition and printing.,,,Medium,https://openlibrary.org/works/OL21332703W,BROAD
openlibrary:OL5965481W,"Lü, Zhi",Zhi Lü,Giant pandas in the wild,,2002,Aperture,,Specialist photography publisher backlist: Aperture,C,4,Work-level metadata only; verify the exact publisher edition and printing.,,,Medium,https://openlibrary.org/works/OL5965481W,BROAD
openlibrary:OL938022W,Luc Delahaye,,Luc Delahaye,,1997,Steidl,,Specialist photography publisher backlist: Steidl,C,4,Work-level metadata only; verify the exact publisher edition and printing.,,,Medium,https://openlibrary.org/works/OL938022W,BROAD
openlibrary:OL31907698W,Luca Brama,,True stories are sad,,2022,Skinnerboox,,Specialist photography publisher backlist: Skinnerboox,B,4,Work-level metadata only; verify the exact publisher edition and printing.,,,Medium,https://openlibrary.org/works/OL31907698W,BROAD
openlibrary:OL13545010W,Luca Campigotto,,Venice night,,1995,Dewi Lewis,,Specialist photography publisher backlist: Dewi Lewis,B,4,Work-level metadata only; verify the exact publisher edition and printing.,,,Medium,https://openlibrary.org/works/OL13545010W,BROAD
openlibrary:OL22949265W,Lucas Foglia,,Frontcountry,,2014,Nazraeli Press,,Specialist photography publisher backlist: Nazraeli Press,B,4,Work-level metadata only; verify the exact publisher edition and printing.,,,Medium,https://openlibrary.org/works/OL22949265W,BROAD
openlibrary:OL32511077W,Lucas Foglia,,Human Nature,,2017,Nazraeli Press,,Specialist photography publisher backlist: Nazraeli Press,B,4,Work-level metadata only; verify the exact publisher edition and printing.,,,Medium,https://openlibrary.org/works/OL32511077W,BROAD
openlibrary:OL32644438W,Luciano Rigolini,,Mask,,2015,Edition Patrick Frey,,Specialist photography publisher backlist: Edition Patrick Frey,B,4,Work-level metadata only; verify the exact publisher edition and printing.,,,Medium,https://openlibrary.org/works/OL32644438W,BROAD
openlibrary:OL1699439W,Lucinda Devlin,,Lucinda Devlin,,1992,Steidl,,Specialist photography publisher backlist: Steidl,C,4,Work-level metadata only; verify the exact publisher edition and printing.,,,Medium,https://openlibrary.org/works/OL1699439W,BROAD
openlibrary:OL36444894W,Lucinda Devlin,Barbara Rose,Omega Suites,,2003,Steidl,,Specialist photography publisher backlist: Steidl,C,4,Work-level metadata only; verify the exact publisher edition and printing.,,,Medium,https://openlibrary.org/works/OL36444894W,BROAD
openlibrary:OL1699438W,Lucinda Devlin,,The Omega suites,,2000,Steidl,,Specialist photography publisher backlist: Steidl,C,4,Work-level metadata only; verify the exact publisher edition and printing.,,,Medium,https://openlibrary.org/works/OL1699438W,BROAD
openlibrary:OL15080718W,Lucy Sante,,Philip-Lorca diCorcia,,2001,Steidl,,Specialist photography publisher backlist: Steidl,C,4,Work-level metadata only; verify the exact publisher edition and printing.,,,Medium,https://openlibrary.org/works/OL15080718W,BROAD
openlibrary:OL26290201W,Luigi Ghirri,,Colazione Sull'erba,,2019,MACK,,Specialist photography publisher backlist: MACK,B,4,Work-level metadata only; verify the exact publisher edition and printing.,,,Medium,https://openlibrary.org/works/OL26290201W,BROAD
openlibrary:OL21319664W,Luigi Ghirri,,Complete Essays 1973-1991,,2016,MACK,,Specialist photography publisher backlist: MACK,B,4,Work-level metadata only; verify the exact publisher edition and printing.,,,Medium,https://openlibrary.org/works/OL21319664W,BROAD
openlibrary:OL2260381W,Luigi Ghirri,,"It's beautiful here, isn't it--",,2008,Aperture,,Specialist photography publisher backlist: Aperture,C,4,Work-level metadata only; verify the exact publisher edition and printing.,,,Medium,https://openlibrary.org/works/OL2260381W,BROAD
openlibrary:OL11471717W,Luigi Ghirri,,Kodachrome,,1978,MACK,,Specialist photography publisher backlist: MACK,B,4,Work-level metadata only; verify the exact publisher edition and printing.,,,Medium,https://openlibrary.org/works/OL11471717W,BROAD
openlibrary:OL19754827W,Luigi Ghirri,,Luigi Ghirri,,2011,MACK,,Specialist photography publisher backlist: MACK,B,4,Work-level metadata only; verify the exact publisher edition and printing.,,,Medium,https://openlibrary.org/works/OL19754827W,BROAD
openlibrary:OL25635713W,Luigi Ghirri,James Lingwood | Museum Folkwang Essen Staff | Museo Nacional Centro de Arte Reina Sofía Staff,Map and the Territory,,2019,MACK,,Specialist photography publisher backlist: MACK,B,4,Work-level metadata only; verify the exact publisher edition and printing.,,,Medium,https://openlibrary.org/works/OL25635713W,BROAD
openlibrary:OL31786149W,Luigi Ghirri,,Puglia,,2022,MACK,,Specialist photography publisher backlist: MACK,B,4,Work-level metadata only; verify the exact publisher edition and printing.,,,Medium,https://openlibrary.org/works/OL31786149W,BROAD
openlibrary:OL33177663W,Luke Batten,,"Big ten co-eds, preppy girls, and the lost cheerleaders",,2005,Nazraeli Press,,Specialist photography publisher backlist: Nazraeli Press,B,4,Work-level metadata only; verify the exact publisher edition and printing.,,,Medium,https://openlibrary.org/works/OL33177663W,BROAD
openlibrary:OL17560114W,Luke Fowler,,Luke Fowler,,2009,MACK,,Specialist photography publisher backlist: MACK,B,4,Work-level metadata only; verify the exact publisher edition and printing.,,,Medium,https://openlibrary.org/works/OL17560114W,BROAD
openlibrary:OL6016149W,Luke Smalley,,Exercise at Home,,2007,Twin Palms,,Specialist photography publisher backlist: Twin Palms,B,4,Work-level metadata only; verify the exact publisher edition and printing.,,,Medium,https://openlibrary.org/works/OL6016149W,BROAD
openlibrary:OL6016150W,Luke Smalley,,Gymnasium,,2001,Twin Palms,,Specialist photography publisher backlist: Twin Palms,B,4,Work-level metadata only; verify the exact publisher edition and printing.,,,Medium,https://openlibrary.org/works/OL6016150W,BROAD
openlibrary:OL31192099W,Luke Smalley,Jack Woody,Sunday Drive,,2009,Twin Palms,,Specialist photography publisher backlist: Twin Palms,B,4,Work-level metadata only; verify the exact publisher edition and printing.,,,Medium,https://openlibrary.org/works/OL31192099W,BROAD
openlibrary:OL26497922W,Lyle Ashton Harris,Johanna Burton | Vince Aletti | Martina Attille,Lyle Ashton Harris : Today I Shall Judge Nothing That Occurs,,2017,Aperture,,Specialist photography publisher backlist: Aperture,C,4,Work-level metadata only; verify the exact publisher edition and printing.,,,Medium,https://openlibrary.org/works/OL26497922W,BROAD
openlibrary:OL26780917W,Lyle Rexer,,Lyle Rexer : the Edge of Vision,,2013,Aperture,,Specialist photography publisher backlist: Aperture,C,4,Work-level metadata only; verify the exact publisher edition and printing.,,,Medium,https://openlibrary.org/works/OL26780917W,BROAD
openlibrary:OL3746259W,Lyle Rexer,,The edge of vision,,2009,Aperture,,Specialist photography publisher backlist: Aperture,C,4,Work-level metadata only; verify the exact publisher edition and printing.,,,Medium,https://openlibrary.org/works/OL3746259W,BROAD
openlibrary:OL20753172W,Lynda Myles,Diana Markosian,Diana Markosian,,2020,Aperture,,Specialist photography publisher backlist: Aperture,C,4,Work-level metadata only; verify the exact publisher edition and printing.,,,Medium,https://openlibrary.org/works/OL20753172W,BROAD
openlibrary:OL845046W,Lynn Geesaman,,Gardenscapes,,2003,Aperture,,Specialist photography publisher backlist: Aperture,C,4,Work-level metadata only; verify the exact publisher edition and printing.,,,Medium,https://openlibrary.org/works/OL845046W,BROAD
openlibrary:OL9676985W,Lynn Silverman,,A Interior Light,,1998,Dewi Lewis,,Specialist photography publisher backlist: Dewi Lewis,B,4,Work-level metadata only; verify the exact publisher edition and printing.,,,Medium,https://openlibrary.org/works/OL9676985W,BROAD
openlibrary:OL3538906W,Lynn Stern,,Dispossession,,1995,Aperture,,Specialist photography publisher backlist: Aperture,C,4,Work-level metadata only; verify the exact publisher edition and printing.,,,Medium,https://openlibrary.org/works/OL3538906W,BROAD
openlibrary:OL3038891W,Lynne Cohen,,Occupied territory,,1987,Aperture,,Specialist photography publisher backlist: Aperture,C,4,Work-level metadata only; verify the exact publisher edition and printing.,,,Medium,https://openlibrary.org/works/OL3038891W,BROAD
openlibrary:OL33058156W,M. E. Carroll,,Mec,,2009,MACK,,Specialist photography publisher backlist: MACK | Specialist photography publisher backlist: Steidl,B,4,Work-level metadata only; verify the exact publisher edition and printing.,,,Medium,https://openlibrary.org/works/OL33058156W,BROAD
openlibrary:OL8954176W,Mabel Cabot,,Vanished Kingdoms,,2003,Aperture,,Specialist photography publisher backlist: Aperture,C,4,Work-level metadata only; verify the exact publisher edition and printing.,,,Medium,https://openlibrary.org/works/OL8954176W,BROAD
openlibrary:OL22949257W,Machiel Botman,,One tree,,2011,Nazraeli Press,,Specialist photography publisher backlist: Nazraeli Press,B,4,Work-level metadata only; verify the exact publisher edition and printing.,,,Medium,https://openlibrary.org/works/OL22949257W,BROAD
openlibrary:OL18906525W,Madonna,,Malefemale,,1999,Aperture,,Specialist photography publisher backlist: Aperture,C,4,Work-level metadata only; verify the exact publisher edition and printing.,,,Medium,https://openlibrary.org/works/OL18906525W,BROAD
openlibrary:OL4138830W,Maggie Steber,,Dancing on fire,,1991,Aperture,,Specialist photography publisher backlist: Aperture,C,4,Work-level metadata only; verify the exact publisher edition and printing.,,,Medium,https://openlibrary.org/works/OL4138830W,BROAD
openlibrary:OL18027840W,Magnum Photos,,Israel,,1998,Aperture,,Specialist photography publisher backlist: Aperture,C,4,Work-level metadata only; verify the exact publisher edition and printing.,,,Medium,https://openlibrary.org/works/OL18027840W,BROAD
openlibrary:OL9042442W,Maja Forslund,,Maja Forsslund,,2007,Steidl,,Specialist photography publisher backlist: Steidl,C,4,Work-level metadata only; verify the exact publisher edition and printing.,,,Medium,https://openlibrary.org/works/OL9042442W,BROAD
openlibrary:OL22323852W,Malerie Marder,,Anatomy,,2013,Twin Palms,,Specialist photography publisher backlist: Twin Palms,B,4,Work-level metadata only; verify the exact publisher edition and printing.,,,Medium,https://openlibrary.org/works/OL22323852W,BROAD
openlibrary:OL12074775W,Malick Sidibé,,Chemises,,2007,Steidl,,Specialist photography publisher backlist: Steidl,C,4,Work-level metadata only; verify the exact publisher edition and printing.,,,Medium,https://openlibrary.org/works/OL12074775W,BROAD
openlibrary:OL12074776W,Malick Sidibé,Manthia Diawara | Gunilla Knape,Malick Sidibé,,1995,Steidl,,Specialist photography publisher backlist: Steidl,C,4,Work-level metadata only; verify the exact publisher edition and printing.,,,Medium,https://openlibrary.org/works/OL12074776W,BROAD
openlibrary:OL726284W,Man Ray,,Man Ray (Aperture Masters of Photography),,1979,Aperture,,Specialist photography publisher backlist: Aperture,C,4,Work-level metadata only; verify the exact publisher edition and printing.,,,Medium,https://openlibrary.org/works/OL726284W,BROAD
openlibrary:OL726317W,Man Ray,,Man Ray's Man Rays,,1994,Aperture,,Specialist photography publisher backlist: Aperture,C,4,Work-level metadata only; verify the exact publisher edition and printing.,,,Medium,https://openlibrary.org/works/OL726317W,BROAD
openlibrary:OL21188811W,Manfred Heiting,Vojtech Lahoda | Amanda Maddox | Petr Roubal,"Czech and Slovak Photo Publications, 1918-1989",,2019,Steidl,,Specialist photography publisher backlist: Steidl,C,4,Work-level metadata only; verify the exact publisher edition and printing.,,,Medium,https://openlibrary.org/works/OL21188811W,BROAD
openlibrary:OL21676392W,Manfred Heiting,Ryuichi Kaneko | Shigeru Onishi,Shigeru Onishi,,2020,Steidl,,Specialist photography publisher backlist: Steidl,C,4,Work-level metadata only; verify the exact publisher edition and printing.,,,Medium,https://openlibrary.org/works/OL21676392W,BROAD
openlibrary:OL21150534W,Manfred Heiting,Willard Huyck | Gloria Katz,Views of Japan,,2017,Steidl,,Specialist photography publisher backlist: Steidl,C,4,Work-level metadata only; verify the exact publisher edition and printing.,,,Medium,https://openlibrary.org/works/OL21150534W,BROAD
openlibrary:OL32620516W,Manfred Heiting,,Zeitprofile,,2014,Steidl,,Specialist photography publisher backlist: Steidl,C,4,Work-level metadata only; verify the exact publisher edition and printing.,,,Medium,https://openlibrary.org/works/OL32620516W,BROAD
openlibrary:OL19104615W,Manfred Heiting,L. Fritz Gruber,Zwischen Wissenschaft und Kunst,,2001,Steidl,,Specialist photography publisher backlist: Steidl,C,4,Work-level metadata only; verify the exact publisher edition and printing.,,,Medium,https://openlibrary.org/works/OL19104615W,BROAD
openlibrary:OL12591240W,Manuel Alvarez Bravo,Daniel Girardin | Ian Jeffrey | Agnes Sire,"Documentary & anti-graphic photographs by Cartier-Bresson, Walker Evans & Alvarez Bravo",,2004,Steidl,,Specialist photography publisher backlist: Steidl,C,4,Work-level metadata only; verify the exact publisher edition and printing.,,,Medium,https://openlibrary.org/works/OL12591240W,BROAD
openlibrary:OL1733318W,Manuel Alvarez Bravo,,Manuel Alvarez Bravo,,1971,Aperture,,Specialist photography publisher backlist: Aperture,C,4,Work-level metadata only; verify the exact publisher edition and printing.,,,Medium,https://openlibrary.org/works/OL1733318W,BROAD
openlibrary:OL1733313W,Manuel Alvarez Bravo,,Photographs,,2006,Twin Palms,,Specialist photography publisher backlist: Twin Palms,B,4,Work-level metadata only; verify the exact publisher edition and printing.,,,Medium,https://openlibrary.org/works/OL1733313W,BROAD
openlibrary:OL32157306W,Manuel Marini,,Gosto,,2021,Skinnerboox,,Specialist photography publisher backlist: Skinnerboox,B,4,Work-level metadata only; verify the exact publisher edition and printing.,,,Medium,https://openlibrary.org/works/OL32157306W,BROAD
openlibrary:OL18681132W,Marc Joseph,,American pitbull,,2005,Steidl,,Specialist photography publisher backlist: Steidl,C,4,Work-level metadata only; verify the exact publisher edition and printing.,,,Medium,https://openlibrary.org/works/OL18681132W,BROAD
openlibrary:OL9911798W,Marc Rader,,Mallorca,,2007,Nazraeli Press,,Specialist photography publisher backlist: Nazraeli Press,B,4,Work-level metadata only; verify the exact publisher edition and printing.,,,Medium,https://openlibrary.org/works/OL9911798W,BROAD
openlibrary:OL19269590W,Marcel Broodthaers,Maria Gilissen | Susanne Lange | Claudia Schubert,Texte et photos: Marcel Broodthaers; Ausstellung vom 4. Juli - 14. September 2003,,2003,Steidl,,Specialist photography publisher backlist: Steidl,C,4,Work-level metadata only; verify the exact publisher edition and printing.,,,Medium,https://openlibrary.org/works/OL19269590W,BROAD
openlibrary:OL36447200W,Marcel Krenz,Chrysanthi Kotrouzinis,Konkret Abstrakt Gesehen,,2008,Steidl,,Specialist photography publisher backlist: Steidl,C,4,Work-level metadata only; verify the exact publisher edition and printing.,,,Medium,https://openlibrary.org/works/OL36447200W,BROAD
openlibrary:OL32493743W,Marcello Galvani,,Eggs and asparagus,,2017,Skinnerboox,,Specialist photography publisher backlist: Skinnerboox,B,4,Work-level metadata only; verify the exact publisher edition and printing.,,,Medium,https://openlibrary.org/works/OL32493743W,BROAD
openlibrary:OL2773796W,Marco Pesaresi,,Underground travels on the global metro,,1998,Aperture,,Specialist photography publisher backlist: Aperture,C,4,Work-level metadata only; verify the exact publisher edition and printing.,,,Medium,https://openlibrary.org/works/OL2773796W,BROAD
openlibrary:OL25781995W,Marcy Palmer,Kahlil Gibran,"You Are Eternity, You Are the Mirror",,2021,Yoffy Press,,Specialist photography publisher backlist: Yoffy Press,B,4,Work-level metadata only; verify the exact publisher edition and printing.,,,Medium,https://openlibrary.org/works/OL25781995W,BROAD
openlibrary:OL9042322W,Marcy Robinson,,Marcy Robinson,,2004,Steidl,,Specialist photography publisher backlist: Steidl,C,4,Work-level metadata only; verify the exact publisher edition and printing.,,,Medium,https://openlibrary.org/works/OL9042322W,BROAD
openlibrary:OL3021913W,Margaret Hooks,,Tina Modotti,,1995,Aperture,,Specialist photography publisher backlist: Aperture | Specialist photography publisher backlist: Phaidon,C,4,Work-level metadata only; verify the exact publisher edition and printing.,,,Medium,https://openlibrary.org/works/OL3021913W,BROAD
openlibrary:OL3744687W,Margaret Morton,,Fragile dwelling,,2000,Aperture,,Specialist photography publisher backlist: Aperture,C,4,Work-level metadata only; verify the exact publisher edition and printing.,,,Medium,https://openlibrary.org/works/OL3744687W,BROAD
openlibrary:OL533815W,Margarita Tupitsyn,Margartia Tupitsyn | Gustav Klutsis | Valentina Kulagina,Gustav Klutsis and Valentina Kulagina,,2004,Steidl,,Specialist photography publisher backlist: Steidl,C,4,Work-level metadata only; verify the exact publisher edition and printing.,,,Medium,https://openlibrary.org/works/OL533815W,BROAD
openlibrary:OL3372809W,Margit Rowell,,"Ed Ruscha, photographer",,2006,Steidl,,Specialist photography publisher backlist: Steidl,C,4,Work-level metadata only; verify the exact publisher edition and printing.,,,Medium,https://openlibrary.org/works/OL3372809W,BROAD
openlibrary:OL21283254W,Maria Miesenberger,,Maria Miesenberger,,2011,Steidl,,Specialist photography publisher backlist: Steidl,C,4,Work-level metadata only; verify the exact publisher edition and printing.,,,Medium,https://openlibrary.org/works/OL21283254W,BROAD
openlibrary:OL21015415W,Maria Sewcz,Inka Schube,Inter Esse,,2014,Steidl,,Specialist photography publisher backlist: Steidl,C,4,Work-level metadata only; verify the exact publisher edition and printing.,,,Medium,https://openlibrary.org/works/OL21015415W,BROAD
openlibrary:OL8451452W,Marianne Muller,,Marianne Muller,,2004,Steidl,,Specialist photography publisher backlist: Steidl,C,4,Work-level metadata only; verify the exact publisher edition and printing.,,,Medium,https://openlibrary.org/works/OL8451452W,BROAD
openlibrary:OL12344473M,Marianne Muller,Marianne Müller,Marianne Müller: Columbarium,,2002,Scalo,,Specialist photography publisher backlist: Scalo,B,4,Work-level metadata only; verify the exact publisher edition and printing.,,,Medium,https://openlibrary.org/works/OL12344473M,BROAD
openlibrary:OL10152225W,Marianne Sayn-Wittgenstein,,Mamarazza,,2000,Steidl,,Specialist photography publisher backlist: Steidl,C,4,Work-level metadata only; verify the exact publisher edition and printing.,,,Medium,https://openlibrary.org/works/OL10152225W,BROAD
openlibrary:OL3294146W,Marilyn Bridges,Haven O'More | Lucy Lippard | Maria Reiche,Markings,,1986,Aperture,,Specialist photography publisher backlist: Aperture,C,4,Work-level metadata only; verify the exact publisher edition and printing.,,,Medium,https://openlibrary.org/works/OL3294146W,BROAD
openlibrary:OL3294145W,Marilyn Bridges,,This land is your land,,1997,Aperture,,Specialist photography publisher backlist: Aperture,C,4,Work-level metadata only; verify the exact publisher edition and printing.,,,Medium,https://openlibrary.org/works/OL3294145W,BROAD
openlibrary:OL36447724W,Marin Barnes,,Curtis Moffat,,2014,Steidl,,Specialist photography publisher backlist: Steidl,C,4,Work-level metadata only; verify the exact publisher edition and printing.,,,Medium,https://openlibrary.org/works/OL36447724W,BROAD
openlibrary:OL21035272W,Mario Sorrenti,,Draw Blood for Proof,,2013,Steidl,,Specialist photography publisher backlist: Steidl,C,4,Work-level metadata only; verify the exact publisher edition and printing.,,,Medium,https://openlibrary.org/works/OL21035272W,BROAD
openlibrary:OL8625625W,Mark Booth-Haworth,,British Photography,,1988,Aperture,,Specialist photography publisher backlist: Aperture,C,4,Work-level metadata only; verify the exact publisher edition and printing.,,,Medium,https://openlibrary.org/works/OL8625625W,BROAD
openlibrary:OL2064978W,Mark Haworth-Booth,,Aperture 113: British Photography,,1988,Aperture,,Specialist photography publisher backlist: Aperture,C,4,Work-level metadata only; verify the exact publisher edition and printing.,,,Medium,https://openlibrary.org/works/OL2064978W,BROAD
openlibrary:OL18851982W,Mark Haworth-Booth,,The golden age of British photography 1839-1900,,1983,Aperture,,Specialist photography publisher backlist: Aperture,C,4,Work-level metadata only; verify the exact publisher edition and printing.,,,Medium,https://openlibrary.org/works/OL18851982W,BROAD
openlibrary:OL3775611W,Mark Holborn,,Aperture,,1983,Aperture,,Specialist photography publisher backlist: Aperture,C,4,Work-level metadata only; verify the exact publisher edition and printing.,,,Medium,https://openlibrary.org/works/OL3775611W,BROAD
openlibrary:OL3775612W,Mark Holborn,,Aperture 108 Witness to Crisis,,1987,Aperture,,Specialist photography publisher backlist: Aperture,C,4,Work-level metadata only; verify the exact publisher edition and printing.,,,Medium,https://openlibrary.org/works/OL3775612W,BROAD
openlibrary:OL3775613W,Mark Holborn,,Aperture 98 (Aperture Magazine),,1985,Aperture,,Specialist photography publisher backlist: Aperture,C,4,Work-level metadata only; verify the exact publisher edition and printing.,,,Medium,https://openlibrary.org/works/OL3775613W,BROAD
openlibrary:OL11668367W,Mark Holborn,,Black sun,,1986,Aperture,,Specialist photography publisher backlist: Aperture,C,4,Work-level metadata only; verify the exact publisher edition and printing.,,,Medium,https://openlibrary.org/works/OL11668367W,BROAD
openlibrary:OL17527703W,Mark Kingwell,,Matthew Pillsbury,,2013,Aperture,,Specialist photography publisher backlist: Aperture,C,4,Work-level metadata only; verify the exact publisher edition and printing.,,,Medium,https://openlibrary.org/works/OL17527703W,BROAD
openlibrary:OL8748159W,Mark Morrisroe,,Mark Morrisroe,,1999,Twin Palms,,Specialist photography publisher backlist: Twin Palms,B,4,Work-level metadata only; verify the exact publisher edition and printing.,,,Medium,https://openlibrary.org/works/OL8748159W,BROAD
openlibrary:OL27083541W,Mark Power,,"Good Morning,America Volume 3",,2019,GOST,,Specialist photography publisher backlist: GOST,B,4,Work-level metadata only; verify the exact publisher edition and printing.,,,Medium,https://openlibrary.org/works/OL27083541W,BROAD
openlibrary:OL21336545W,Mark Power,,"Good Morning America, Volume One",,2019,GOST,,Specialist photography publisher backlist: GOST,B,4,Work-level metadata only; verify the exact publisher edition and printing.,,,Medium,https://openlibrary.org/works/OL21336545W,BROAD
openlibrary:OL27082552W,Mark Power,,"Good Morning, America Volume Two",,2019,GOST,,Specialist photography publisher backlist: GOST,B,4,Work-level metadata only; verify the exact publisher edition and printing.,,,Medium,https://openlibrary.org/works/OL27082552W,BROAD
openlibrary:OL43687799W,Mark Power,,Mass,,2013,GOST,,Specialist photography publisher backlist: GOST,B,4,Work-level metadata only; verify the exact publisher edition and printing.,,,Medium,https://openlibrary.org/works/OL43687799W,BROAD
openlibrary:OL12589664W,Mark Power,David Chandler,The shipping forecast,,1996,GOST,,Specialist photography publisher backlist: GOST,B,4,Work-level metadata only; verify the exact publisher edition and printing.,,,Medium,https://openlibrary.org/works/OL12589664W,BROAD
openlibrary:OL25758274W,Mark Ruwedel,,72. 5,,2020,MACK,,Specialist photography publisher backlist: MACK,B,4,Work-level metadata only; verify the exact publisher edition and printing.,,,Medium,https://openlibrary.org/works/OL25758274W,BROAD
openlibrary:OL20207724W,Mark Ruwedel,,Mark Ruwedel,,2015,Steidl,,Specialist photography publisher backlist: Steidl,C,4,Work-level metadata only; verify the exact publisher edition and printing.,,,Medium,https://openlibrary.org/works/OL20207724W,BROAD
openlibrary:OL21321746W,Mark Ruwedel,,Message from the Exterior,,2015,MACK,,Specialist photography publisher backlist: MACK | Specialist photography publisher backlist: Steidl,B,4,Work-level metadata only; verify the exact publisher edition and printing.,,,Medium,https://openlibrary.org/works/OL21321746W,BROAD
openlibrary:OL25635192W,Mark Ruwedel,,Ouarzazate,,2018,MACK,,Specialist photography publisher backlist: MACK,B,4,Work-level metadata only; verify the exact publisher edition and printing.,,,Medium,https://openlibrary.org/works/OL25635192W,BROAD
openlibrary:OL43967118W,Mark Ruwedel,Nazraeli Press,Palms Capri,,2019,Nazraeli Press,,Specialist photography publisher backlist: Nazraeli Press,B,4,Work-level metadata only; verify the exact publisher edition and printing.,,,Medium,https://openlibrary.org/works/OL43967118W,BROAD
openlibrary:OL9042316W,Mark Steenerson,,Mark Steenerson,,2004,Steidl,,Specialist photography publisher backlist: Steidl,C,4,Work-level metadata only; verify the exact publisher edition and printing.,,,Medium,https://openlibrary.org/works/OL9042316W,BROAD
openlibrary:OL18649717W,Mark Steinmetz,,Greater Atlanta,,2009,Nazraeli Press,,Specialist photography publisher backlist: Nazraeli Press,B,4,Work-level metadata only; verify the exact publisher edition and printing.,,,Medium,https://openlibrary.org/works/OL18649717W,BROAD
openlibrary:OL22329466W,Mark Steinmetz,,Paris in my time,,2013,Nazraeli Press,,Specialist photography publisher backlist: Nazraeli Press,B,4,Work-level metadata only; verify the exact publisher edition and printing.,,,Medium,https://openlibrary.org/works/OL22329466W,BROAD
openlibrary:OL8673097W,Mark Steinmetz,,South Central,,2007,Nazraeli Press,,Specialist photography publisher backlist: Nazraeli Press,B,4,Work-level metadata only; verify the exact publisher edition and printing.,,,Medium,https://openlibrary.org/works/OL8673097W,BROAD
openlibrary:OL8673098W,Mark Steinmetz,,South east,,2008,Nazraeli Press,,Specialist photography publisher backlist: Nazraeli Press,B,4,Work-level metadata only; verify the exact publisher edition and printing.,,,Medium,https://openlibrary.org/works/OL8673098W,BROAD
openlibrary:OL43411183W,Mark Steinmetz,,Summer camp,,2019,Nazraeli Press,,Specialist photography publisher backlist: Nazraeli Press,B,4,Work-level metadata only; verify the exact publisher edition and printing.,,,Medium,https://openlibrary.org/works/OL43411183W,BROAD
openlibrary:OL16652645W,Mark Steinmetz,,Summertime,,2011,Nazraeli Press,,Specialist photography publisher backlist: Nazraeli Press,B,4,Work-level metadata only; verify the exact publisher edition and printing.,,,Medium,https://openlibrary.org/works/OL16652645W,BROAD
openlibrary:OL24142792W,Mark Steinmetz,Anne Tucker (Introduction),The Players,,2015,Nazraeli Press,,Specialist photography publisher backlist: Nazraeli Press,B,4,Work-level metadata only; verify the exact publisher edition and printing.,,,Medium,https://openlibrary.org/works/OL24142792W,BROAD
openlibrary:OL13614941W,Mark Wyse,,18 landscapes,,2005,Nazraeli Press,,Specialist photography publisher backlist: Nazraeli Press,B,4,Work-level metadata only; verify the exact publisher edition and printing.,,,Medium,https://openlibrary.org/works/OL13614941W,BROAD
openlibrary:OL21290704W,Marta Braun,Hope Kingsley | Tate Britain (Gallery) Staff,Salt and Silver : Early Photography 1840-1860,,2015,MACK,,Specialist photography publisher backlist: MACK,B,4,Work-level metadata only; verify the exact publisher edition and printing.,,,Medium,https://openlibrary.org/works/OL21290704W,BROAD
openlibrary:OL8369900W,Marta Gili,,Joan Colom,,2006,Steidl,,Specialist photography publisher backlist: Steidl,C,4,Work-level metadata only; verify the exact publisher edition and printing.,,,Medium,https://openlibrary.org/works/OL8369900W,BROAD
openlibrary:OL23103034W,Mårten Lange,,Another language,,2012,MACK,,Specialist photography publisher backlist: MACK,B,4,Work-level metadata only; verify the exact publisher edition and printing.,,,Medium,https://openlibrary.org/works/OL23103034W,BROAD
openlibrary:OL24152468W,Mårten Lange,,The Mechanism,,2017,MACK,,Specialist photography publisher backlist: MACK,B,4,Work-level metadata only; verify the exact publisher edition and printing.,,,Medium,https://openlibrary.org/works/OL24152468W,BROAD
openlibrary:OL21110905W,Martin Barnes,Curtis Moffat | Mark Haworth-Booth | James Stevenson,Curtis Moffat,,2015,Steidl,,Specialist photography publisher backlist: Steidl,C,4,Work-level metadata only; verify the exact publisher edition and printing.,,,Medium,https://openlibrary.org/works/OL21110905W,BROAD
openlibrary:OL23103038W,Martin Boyce,,A partial eclipse,,2013,MACK,,Specialist photography publisher backlist: MACK,B,4,Work-level metadata only; verify the exact publisher edition and printing.,,,Medium,https://openlibrary.org/works/OL23103038W,BROAD
openlibrary:OL9042393W,Martin D'orgeval,,Martin d'Orgeval,,2006,Steidl,,Specialist photography publisher backlist: Steidl,C,4,Work-level metadata only; verify the exact publisher edition and printing.,,,Medium,https://openlibrary.org/works/OL9042393W,BROAD
openlibrary:OL36446109W,Martin D'Orgeval,,Soul,,2010,Steidl,,Specialist photography publisher backlist: Steidl,C,4,Work-level metadata only; verify the exact publisher edition and printing.,,,Medium,https://openlibrary.org/works/OL36446109W,BROAD
openlibrary:OL32365455W,Martin Errichiello,,In quarta persona,,2018,Skinnerboox,,Specialist photography publisher backlist: Skinnerboox,B,4,Work-level metadata only; verify the exact publisher edition and printing.,,,Medium,https://openlibrary.org/works/OL32365455W,BROAD
openlibrary:OL9692041W,Martin Figura,,This Man¬s Army,,2002,Dewi Lewis,,Specialist photography publisher backlist: Dewi Lewis,B,4,Work-level metadata only; verify the exact publisher edition and printing.,,,Medium,https://openlibrary.org/works/OL9692041W,BROAD
openlibrary:OL31889797W,Martin Gasser,Sylvie Henguely | Peter Pfrunder | Agathe Frochot,Nach der Natur,,2021,Steidl,,Specialist photography publisher backlist: Steidl,C,4,Work-level metadata only; verify the exact publisher edition and printing.,,,Medium,https://openlibrary.org/works/OL31889797W,BROAD
openlibrary:OL3197298W,Martin Harrison,,Fashion Faces Up,,2000,Steidl,,Specialist photography publisher backlist: Steidl,C,4,Work-level metadata only; verify the exact publisher edition and printing.,,,Medium,https://openlibrary.org/works/OL3197298W,BROAD
openlibrary:OL18418168W,Martin Harrison,,Ten out of ten,,2001,Steidl,,Specialist photography publisher backlist: Steidl,C,4,Work-level metadata only; verify the exact publisher edition and printing.,,,Medium,https://openlibrary.org/works/OL18418168W,BROAD
openlibrary:OL32026201W,Martin Kollar,,After,,2021,MACK,,Specialist photography publisher backlist: MACK,B,4,Work-level metadata only; verify the exact publisher edition and printing.,,,Medium,https://openlibrary.org/works/OL32026201W,BROAD
openlibrary:OL22575716W,Martin KOLLAR,,Field Trip,,2013,MACK,,Specialist photography publisher backlist: MACK,B,4,Work-level metadata only; verify the exact publisher edition and printing.,,,Medium,https://openlibrary.org/works/OL22575716W,BROAD
openlibrary:OL25632763W,Martin Kollár,Switzerland) Staff Musée de l'Elysée (Lausanne,Martin Kollar - Provisional Arrangement,,2016,MACK,,Specialist photography publisher backlist: MACK,B,4,Work-level metadata only; verify the exact publisher edition and printing.,,,Medium,https://openlibrary.org/works/OL25632763W,BROAD
openlibrary:OL4329494W,Martin Munkacsi,,Martin Munkacsi,,1980,Aperture,,Specialist photography publisher backlist: Aperture,C,4,Work-level metadata only; verify the exact publisher edition and printing.,,,Medium,https://openlibrary.org/works/OL4329494W,BROAD
openlibrary:OL2416844W,Martin Parr,Marvin Heiferman,Autoportrait,,2000,Dewi Lewis,,Specialist photography publisher backlist: Dewi Lewis,B,4,Work-level metadata only; verify the exact publisher edition and printing.,,,Medium,https://openlibrary.org/works/OL2416844W,BROAD
openlibrary:OL2416854W,Martin Parr,,Hans Eijkelboom,,2007,Aperture,,Specialist photography publisher backlist: Aperture,C,4,Work-level metadata only; verify the exact publisher edition and printing.,,,Medium,https://openlibrary.org/works/OL2416854W,BROAD
openlibrary:OL2416880W,Martin Parr,,Martin Parr,,2002,Nazraeli Press,,Specialist photography publisher backlist: Nazraeli Press | Specialist photography publisher backlist: Aperture,B,4,Work-level metadata only; verify the exact publisher edition and printing.,,,Medium,https://openlibrary.org/works/OL2416880W,BROAD
openlibrary:OL15539477W,Martin Parr,,Retratos pintados,,2010,Nazraeli Press,,Specialist photography publisher backlist: Nazraeli Press,B,4,Work-level metadata only; verify the exact publisher edition and printing.,,,Medium,https://openlibrary.org/works/OL15539477W,BROAD
openlibrary:OL2416878W,Martin Parr,,Small world,,1995,Dewi Lewis,,Specialist photography publisher backlist: Dewi Lewis,B,4,Work-level metadata only; verify the exact publisher edition and printing.,,,Medium,https://openlibrary.org/works/OL2416878W,BROAD
openlibrary:OL20042297W,Martin Parr,Zheng Gu | Raymond David Lum | Ruben Lundgren,The Chinese photobook,,2015,Aperture,,Specialist photography publisher backlist: Aperture,C,4,Work-level metadata only; verify the exact publisher edition and printing.,,,Medium,https://openlibrary.org/works/OL20042297W,BROAD
openlibrary:OL2416877W,Martin Parr,Ian Walker,The last resort,,1986,Dewi Lewis,,Specialist photography publisher backlist: Dewi Lewis,B,4,Work-level metadata only; verify the exact publisher edition and printing.,,,Medium,https://openlibrary.org/works/OL2416877W,BROAD
openlibrary:OL32913232W,Martin Parr,Gerry Badger,The protest box,,2010,Steidl,,Specialist photography publisher backlist: Steidl,C,4,Work-level metadata only; verify the exact publisher edition and printing.,,,Medium,https://openlibrary.org/works/OL32913232W,BROAD
openlibrary:OL21188813W,Martin Schoeller,,Martin Schoeller,,2009,Steidl,,Specialist photography publisher backlist: Steidl,C,4,Work-level metadata only; verify the exact publisher edition and printing.,,,Medium,https://openlibrary.org/works/OL21188813W,BROAD
openlibrary:OL41883646W,Martin Usborne,Nazraeli Press Staff,Fox about Town,,2012,Nazraeli Press,,Specialist photography publisher backlist: Nazraeli Press,B,4,Work-level metadata only; verify the exact publisher edition and printing.,,,Medium,https://openlibrary.org/works/OL41883646W,BROAD
openlibrary:OL17586719W,Martina Bacigalupo,,Martina Bacigalupo,,2013,Steidl,,Specialist photography publisher backlist: Steidl,C,4,Work-level metadata only; verify the exact publisher edition and printing.,,,Medium,https://openlibrary.org/works/OL17586719W,BROAD
openlibrary:OL32114726W,Martina Zanin,,I made them run away,,2021,Skinnerboox,,Specialist photography publisher backlist: Skinnerboox,B,4,Work-level metadata only; verify the exact publisher edition and printing.,,,Medium,https://openlibrary.org/works/OL32114726W,BROAD
openlibrary:OL21193553W,Martine Fougeron,Lyle Rexer,Martine Fougeron,,2019,Steidl,,Specialist photography publisher backlist: Steidl,C,4,Work-level metadata only; verify the exact publisher edition and printing.,,,Medium,https://openlibrary.org/works/OL21193553W,BROAD
openlibrary:OL756891W,Martine Franck,,One day to the next,,1998,Aperture,,Specialist photography publisher backlist: Aperture,C,4,Work-level metadata only; verify the exact publisher edition and printing.,,,Medium,https://openlibrary.org/works/OL756891W,BROAD
openlibrary:OL32026194W,Marvel Harris,,Marvel,,2020,MACK,,Specialist photography publisher backlist: MACK,B,4,Work-level metadata only; verify the exact publisher edition and printing.,,,Medium,https://openlibrary.org/works/OL32026194W,BROAD
openlibrary:OL16499528W,Marvin Heiferman,,Photography changes everything,,2012,Aperture,,Specialist photography publisher backlist: Aperture,C,4,Work-level metadata only; verify the exact publisher edition and printing.,,,Medium,https://openlibrary.org/works/OL16499528W,BROAD
openlibrary:OL21196802W,Marvin Heiferman,Scott Kelly,Seeing Science,,2019,Aperture,,Specialist photography publisher backlist: Aperture,C,4,Work-level metadata only; verify the exact publisher edition and printing.,,,Medium,https://openlibrary.org/works/OL21196802W,BROAD
openlibrary:OL1883046W,Marvin Israel,,Diane Arbus,,2005,Aperture,,Specialist photography publisher backlist: Aperture,C,4,Work-level metadata only; verify the exact publisher edition and printing.,,,Medium,https://openlibrary.org/works/OL1883046W,BROAD
openlibrary:OL2620918W,Mary Ellen Mark,,Mary Ellen Mark,,1999,Aperture,,Specialist photography publisher backlist: Aperture | Specialist photography publisher backlist: Steidl,C,4,Work-level metadata only; verify the exact publisher edition and printing.,,,Medium,https://openlibrary.org/works/OL2620918W,BROAD
openlibrary:OL35720364W,Mary Ellen Mark,"Karen Folger Jacobs | Bell, Martin | Julia Bezgin",Mary Ellen Mark and Karen Folger Jacobs : Ward 81,,2023,Steidl,,Specialist photography publisher backlist: Steidl,C,4,Work-level metadata only; verify the exact publisher edition and printing.,,,Medium,https://openlibrary.org/works/OL35720364W,BROAD
openlibrary:OL21204101W,Mary Ellen Mark,,Mary Ellen Mark : Book of Everything,,2019,Steidl,,Specialist photography publisher backlist: Steidl,C,4,Work-level metadata only; verify the exact publisher edition and printing.,,,Medium,https://openlibrary.org/works/OL21204101W,BROAD
openlibrary:OL36651251W,Mary Ellen Mark,,"Mary Ellen Mark - Falkland Road, Prostitutes of Bombay",,2023,Steidl,,Specialist photography publisher backlist: Steidl,C,4,Work-level metadata only; verify the exact publisher edition and printing.,,,Medium,https://openlibrary.org/works/OL36651251W,BROAD
openlibrary:OL20006288W,Mary Ellen Mark,,Mary Ellen Mark on the portrait and the moment,,2015,Aperture,,Specialist photography publisher backlist: Aperture,C,4,Work-level metadata only; verify the exact publisher edition and printing.,,,Medium,https://openlibrary.org/works/OL20006288W,BROAD
openlibrary:OL2620912W,Mary Ellen Mark,,Streetwise : photographs by Mary Ellen Mark,,1991,Aperture,,Specialist photography publisher backlist: Aperture,C,4,Work-level metadata only; verify the exact publisher edition and printing.,,,Medium,https://openlibrary.org/works/OL2620912W,BROAD
openlibrary:OL20017760W,Mary Ellen Mark,,Tiny,,2015,Aperture,,Specialist photography publisher backlist: Aperture,C,4,Work-level metadata only; verify the exact publisher edition and printing.,,,Medium,https://openlibrary.org/works/OL20017760W,BROAD
openlibrary:OL2620913W,Mary Ellen Mark,,Twins,,2003,Aperture,,Specialist photography publisher backlist: Aperture,C,4,Work-level metadata only; verify the exact publisher edition and printing.,,,Medium,https://openlibrary.org/works/OL2620913W,BROAD
openlibrary:OL15616150W,Mary McCartney,,Mary McCartney,,2010,GOST,,Specialist photography publisher backlist: GOST,B,4,Work-level metadata only; verify the exact publisher edition and printing.,,,Medium,https://openlibrary.org/works/OL15616150W,BROAD
openlibrary:OL25635231W,Masahisa Fukase,,Family,,2019,MACK,,Specialist photography publisher backlist: MACK,B,4,Work-level metadata only; verify the exact publisher edition and printing.,,,Medium,https://openlibrary.org/works/OL25635231W,BROAD
openlibrary:OL22430414W,Masahisa Fukase,,Hibi,,2016,MACK,,Specialist photography publisher backlist: MACK,B,4,Work-level metadata only; verify the exact publisher edition and printing.,,,Medium,https://openlibrary.org/works/OL22430414W,BROAD
openlibrary:OL12040188W,Masao Yamamoto,,Nakazora,,2001,Nazraeli Press,,Specialist photography publisher backlist: Nazraeli Press,B,4,Work-level metadata only; verify the exact publisher edition and printing.,,,Medium,https://openlibrary.org/works/OL12040188W,BROAD
openlibrary:OL12040187W,Masao Yamamoto,,Ōmizuao,,2003,Nazraeli Press,,Specialist photography publisher backlist: Nazraeli Press,B,4,Work-level metadata only; verify the exact publisher edition and printing.,,,Medium,https://openlibrary.org/works/OL12040187W,BROAD
openlibrary:OL32542669W,Massimo Mastrorillo,,Aliqual,,2015,Skinnerboox,,Specialist photography publisher backlist: Skinnerboox,B,4,Work-level metadata only; verify the exact publisher edition and printing.,,,Medium,https://openlibrary.org/works/OL32542669W,BROAD
openlibrary:OL32142380W,Massimo Sordi,Stefania Rössl,OMNE/Beauty,,2021,Skinnerboox,,Specialist photography publisher backlist: Skinnerboox,B,4,Work-level metadata only; verify the exact publisher edition and printing.,,,Medium,https://openlibrary.org/works/OL32142380W,BROAD
openlibrary:OL19584362W,Massimo Vitali,James Lingwood | Patrick Remy,Beach & disco : Massimo Vitali / introduction by James Lingwood ; essay by Jon Bird ; encounter between: Massimo Vitali and Bernard Millet ; [editor: Patrick Remy ; translations and proof-reading,,2000,Steidl,,Specialist photography publisher backlist: Steidl,C,4,Work-level metadata only; verify the exact publisher edition and printing.,,,Medium,https://openlibrary.org/works/OL19584362W,BROAD
openlibrary:OL13575346W,Massimo Vitali,,Massimo Vitali,,2004,Steidl,,Specialist photography publisher backlist: Steidl,C,4,Work-level metadata only; verify the exact publisher edition and printing.,,,Medium,https://openlibrary.org/works/OL13575346W,BROAD
openlibrary:OL17456496W,Massimo Vitali,,Massimo Vitali Landscape With Figures,,2011,Steidl,,Specialist photography publisher backlist: Steidl,C,4,Work-level metadata only; verify the exact publisher edition and printing.,,,Medium,https://openlibrary.org/works/OL17456496W,BROAD
openlibrary:OL26336809W,Mat Hennek,,Mat Hennek,,2019,Steidl,,Specialist photography publisher backlist: Steidl,C,4,Work-level metadata only; verify the exact publisher edition and printing.,,,Medium,https://openlibrary.org/works/OL26336809W,BROAD
openlibrary:OL21150528W,Mat Hennek,,Woodlands,,2017,Steidl,,Specialist photography publisher backlist: Steidl,C,4,Work-level metadata only; verify the exact publisher edition and printing.,,,Medium,https://openlibrary.org/works/OL21150528W,BROAD
openlibrary:OL4525477W,Matt Mahurin,,Matt Mahurin,,1993,Twin Palms,,Specialist photography publisher backlist: Twin Palms,B,4,Work-level metadata only; verify the exact publisher edition and printing.,,,Medium,https://openlibrary.org/works/OL4525477W,BROAD
openlibrary:OL25877436W,Matthew Brandt,Yoffy Press,1864,,2018,Yoffy Press,,Specialist photography publisher backlist: Yoffy Press,B,4,Work-level metadata only; verify the exact publisher edition and printing.,,,Medium,https://openlibrary.org/works/OL25877436W,BROAD
openlibrary:OL20181963W,Matthew Genitempo,,Jasper,,2018,Twin Palms,,Specialist photography publisher backlist: Twin Palms,B,4,Work-level metadata only; verify the exact publisher edition and printing.,,,Medium,https://openlibrary.org/works/OL20181963W,BROAD
openlibrary:OL12093717W,Matthew Monteith,,Czech Eden,,2007,Aperture,,Specialist photography publisher backlist: Aperture,C,4,Work-level metadata only; verify the exact publisher edition and printing.,,,Medium,https://openlibrary.org/works/OL12093717W,BROAD
openlibrary:OL25632853W,Matthew Porter,,Archipelago,,2015,MACK,,Specialist photography publisher backlist: MACK,B,4,Work-level metadata only; verify the exact publisher edition and printing.,,,Medium,https://openlibrary.org/works/OL25632853W,BROAD
openlibrary:OL21196795W,Matthew Porter,Rachel Kushner,Heights,,2019,Aperture,,Specialist photography publisher backlist: Aperture,C,4,Work-level metadata only; verify the exact publisher edition and printing.,,,Medium,https://openlibrary.org/works/OL21196795W,BROAD
openlibrary:OL20051979W,Matthew S. Witkovsky,Diane Dufour | Duncan Forbes | Walter Moser,Provoke,,2016,Steidl,,Specialist photography publisher backlist: Steidl,C,4,Work-level metadata only; verify the exact publisher edition and printing.,,,Medium,https://openlibrary.org/works/OL20051979W,BROAD
openlibrary:OL32332136W,Matthew Spiegelman,,Transmitter,,2019,Skinnerboox,,Specialist photography publisher backlist: Skinnerboox,B,4,Work-level metadata only; verify the exact publisher edition and printing.,,,Medium,https://openlibrary.org/works/OL32332136W,BROAD
openlibrary:OL32876771W,Matthias Petrus Schaller,,Matthias Schaller,,2015,Steidl,,Specialist photography publisher backlist: Steidl,C,4,Work-level metadata only; verify the exact publisher edition and printing.,,,Medium,https://openlibrary.org/works/OL32876771W,BROAD
openlibrary:OL17473620W,Matthias Schaller,,Purple Desk,,2009,Steidl,,Specialist photography publisher backlist: Steidl,C,4,Work-level metadata only; verify the exact publisher edition and printing.,,,Medium,https://openlibrary.org/works/OL17473620W,BROAD
openlibrary:OL32323950W,Mattia Balsamini,,In search of appropriate images,,2021,Skinnerboox,,Specialist photography publisher backlist: Skinnerboox,B,4,Work-level metadata only; verify the exact publisher edition and printing.,,,Medium,https://openlibrary.org/works/OL32323950W,BROAD
openlibrary:OL21088402W,Mauro D'Agati,,Marzia's Family,,2015,Steidl,,Specialist photography publisher backlist: Steidl,C,4,Work-level metadata only; verify the exact publisher edition and printing.,,,Medium,https://openlibrary.org/works/OL21088402W,BROAD
openlibrary:OL17413578W,Mauro D. Agati,,Sit Lux Et Lux Fuit Mauro Dagati,,2012,Steidl,,Specialist photography publisher backlist: Steidl,C,4,Work-level metadata only; verify the exact publisher edition and printing.,,,Medium,https://openlibrary.org/works/OL17413578W,BROAD
openlibrary:OL22758711W,Max de Esteban,,Elegies of manumission,,2012,Nazraeli Press,,Specialist photography publisher backlist: Nazraeli Press,B,4,Work-level metadata only; verify the exact publisher edition and printing.,,,Medium,https://openlibrary.org/works/OL22758711W,BROAD
openlibrary:OL8712623W,Max Kandhola,,Illustration of Life,,2003,Dewi Lewis,,Specialist photography publisher backlist: Dewi Lewis,B,4,Work-level metadata only; verify the exact publisher edition and printing.,,,Medium,https://openlibrary.org/works/OL8712623W,BROAD
openlibrary:OL3932465W,Max Kozloff,,Duane Michals,,1990,Twin Palms,,Specialist photography publisher backlist: Twin Palms,B,4,Work-level metadata only; verify the exact publisher edition and printing.,,,Medium,https://openlibrary.org/works/OL3932465W,BROAD
openlibrary:OL7813599W,Max Pam,,Indian Ocean journals,,2000,Steidl,,Specialist photography publisher backlist: Steidl,C,4,Work-level metadata only; verify the exact publisher edition and printing.,,,Medium,https://openlibrary.org/works/OL7813599W,BROAD
openlibrary:OL19696620W,Maya Ishiwata,,Japanese photography guide,,1996,Nazraeli Press,,Specialist photography publisher backlist: Nazraeli Press,B,4,Work-level metadata only; verify the exact publisher edition and printing.,,,Medium,https://openlibrary.org/works/OL19696620W,BROAD
openlibrary:OL29325528W,Mayumi Hosokura,,New Skin,,2020,MACK,,Specialist photography publisher backlist: MACK,B,4,Work-level metadata only; verify the exact publisher edition and printing.,,,Medium,https://openlibrary.org/works/OL29325528W,BROAD
openlibrary:OL22575709W,Mayumi Hosokura,,Transparency is the new mystery,,2016,MACK,,Specialist photography publisher backlist: MACK,B,4,Work-level metadata only; verify the exact publisher edition and printing.,,,Medium,https://openlibrary.org/works/OL22575709W,BROAD
openlibrary:OL33281331W,Mayumi Lake,,Ex post facto,,2009,Nazraeli Press,,Specialist photography publisher backlist: Nazraeli Press,B,4,Work-level metadata only; verify the exact publisher edition and printing.,,,Medium,https://openlibrary.org/works/OL33281331W,BROAD
openlibrary:OL41890377W,Melanie Pullen,Nazraeli Press Staff,Juliette,,2012,Nazraeli Press,,Specialist photography publisher backlist: Nazraeli Press,B,4,Work-level metadata only; verify the exact publisher edition and printing.,,,Medium,https://openlibrary.org/works/OL41890377W,BROAD
openlibrary:OL18457657W,Melissa Harris,,Aperture,,1993,Aperture,,Specialist photography publisher backlist: Aperture,C,4,Work-level metadata only; verify the exact publisher edition and printing.,,,Medium,https://openlibrary.org/works/OL18457657W,BROAD
openlibrary:OL17562559W,Melissa Harris,,Aperture 196 Aperture,,2009,Aperture,,Specialist photography publisher backlist: Aperture,C,4,Work-level metadata only; verify the exact publisher edition and printing.,,,Medium,https://openlibrary.org/works/OL17562559W,BROAD
openlibrary:OL17379881W,Melissa Harris,,Aperture 198 Spring 2010,,,Aperture,,Specialist photography publisher backlist: Aperture,C,4,Work-level metadata only; verify the exact publisher edition and printing.,,,Medium,https://openlibrary.org/works/OL17379881W,BROAD
openlibrary:OL17493707W,Melissa Harris,,Aperture 199 Summer 2010,,,Aperture,,Specialist photography publisher backlist: Aperture,C,4,Work-level metadata only; verify the exact publisher edition and printing.,,,Medium,https://openlibrary.org/works/OL17493707W,BROAD
openlibrary:OL24346358W,Melissa Harris,,Aperture 201,,2010,Aperture,,Specialist photography publisher backlist: Aperture,C,4,Work-level metadata only; verify the exact publisher edition and printing.,,,Medium,https://openlibrary.org/works/OL24346358W,BROAD
openlibrary:OL24346360W,Melissa Harris,,Aperture 207,,2012,Aperture,,Specialist photography publisher backlist: Aperture,C,4,Work-level metadata only; verify the exact publisher edition and printing.,,,Medium,https://openlibrary.org/works/OL24346360W,BROAD
openlibrary:OL24346361W,Melissa Harris,,Aperture 208,,2012,Aperture,,Specialist photography publisher backlist: Aperture,C,4,Work-level metadata only; verify the exact publisher edition and printing.,,,Medium,https://openlibrary.org/works/OL24346361W,BROAD
openlibrary:OL17415413W,Melissa Harris,,Aperture We The People,,2012,Aperture,,Specialist photography publisher backlist: Aperture,C,4,Work-level metadata only; verify the exact publisher edition and printing.,,,Medium,https://openlibrary.org/works/OL17415413W,BROAD
openlibrary:OL24825919W,Melissa Harris,Jane D. Marsching,Explorations,,1993,Aperture,,Specialist photography publisher backlist: Aperture,C,4,Work-level metadata only; verify the exact publisher edition and printing.,,,Medium,https://openlibrary.org/works/OL24825919W,BROAD
openlibrary:OL18264337W,Melissa Harris,Francine Prose,Master breasts,,1998,Aperture,,Specialist photography publisher backlist: Aperture,C,4,Work-level metadata only; verify the exact publisher edition and printing.,,,Medium,https://openlibrary.org/works/OL18264337W,BROAD
openlibrary:OL19539310W,Melissa Harris,,On location,,1993,Aperture,,Specialist photography publisher backlist: Aperture,C,4,Work-level metadata only; verify the exact publisher edition and printing.,,,Medium,https://openlibrary.org/works/OL19539310W,BROAD
openlibrary:OL18397159W,Melissa Harris,,On location with,,1997,Aperture,,Specialist photography publisher backlist: Aperture,C,4,Work-level metadata only; verify the exact publisher edition and printing.,,,Medium,https://openlibrary.org/works/OL18397159W,BROAD
openlibrary:OL18410389W,Melissa Harris,,The Body in question,,1990,Aperture,,Specialist photography publisher backlist: Aperture,C,4,Work-level metadata only; verify the exact publisher edition and printing.,,,Medium,https://openlibrary.org/works/OL18410389W,BROAD
openlibrary:OL19099029W,Ménéhould du Chatelle,,Koto Bolofo: La Maison,,2010,Steidl,,Specialist photography publisher backlist: Steidl,C,4,Work-level metadata only; verify the exact publisher edition and printing.,,,Medium,https://openlibrary.org/works/OL19099029W,BROAD
openlibrary:OL5606619W,Merce Cunningham,David Vaughan,Other animals,,2002,Aperture,,Specialist photography publisher backlist: Aperture,C,4,Work-level metadata only; verify the exact publisher edition and printing.,,,Medium,https://openlibrary.org/works/OL5606619W,BROAD
openlibrary:OL8892413W,Merry Alpern,,Dirty Windows,,1995,Scalo,,Specialist photography publisher backlist: Scalo,B,4,Work-level metadata only; verify the exact publisher edition and printing.,,,Medium,https://openlibrary.org/works/OL8892413W,BROAD
openlibrary:OL19158333W,Mia Fineman,,Other pictures,,2000,Twin Palms,,Specialist photography publisher backlist: Twin Palms,B,4,Work-level metadata only; verify the exact publisher edition and printing.,,,Medium,https://openlibrary.org/works/OL19158333W,BROAD
openlibrary:OL15990789W,Michael Ackerman,,Half life,,2010,Dewi Lewis,,Specialist photography publisher backlist: Dewi Lewis,B,4,Work-level metadata only; verify the exact publisher edition and printing.,,,Medium,https://openlibrary.org/works/OL15990789W,BROAD
openlibrary:OL32782368W,Michael Blaser,,Mittelland,,2013,Edition Patrick Frey,,Specialist photography publisher backlist: Edition Patrick Frey,B,4,Work-level metadata only; verify the exact publisher edition and printing.,,,Medium,https://openlibrary.org/works/OL32782368W,BROAD
openlibrary:OL20250649W,Michael Christopher Brown,,Libyan Sugar,,2016,Twin Palms,,Specialist photography publisher backlist: Twin Palms,B,4,Work-level metadata only; verify the exact publisher edition and printing.,,,Medium,https://openlibrary.org/works/OL20250649W,BROAD
openlibrary:OL9888320W,Michael E. Hoffman,,Outside The Ordinary,,2004,Aperture,,Specialist photography publisher backlist: Aperture,C,4,Work-level metadata only; verify the exact publisher edition and printing.,,,Medium,https://openlibrary.org/works/OL9888320W,BROAD
openlibrary:OL20574149W,Michael Famighetti,Nicole R. Fleetwood,Aperture 230,,2018,Aperture,,Specialist photography publisher backlist: Aperture,C,4,Work-level metadata only; verify the exact publisher edition and printing.,,,Medium,https://openlibrary.org/works/OL20574149W,BROAD
openlibrary:OL21201079W,Michael Famighetti,Tilda Swinton,Aperture 235,,2019,Aperture,,Specialist photography publisher backlist: Aperture,C,4,Work-level metadata only; verify the exact publisher edition and printing.,,,Medium,https://openlibrary.org/works/OL21201079W,BROAD
openlibrary:OL21045571W,Michael Galinsky,,Malls Across America,,2013,Steidl,,Specialist photography publisher backlist: Steidl,C,4,Work-level metadata only; verify the exact publisher edition and printing.,,,Medium,https://openlibrary.org/works/OL21045571W,BROAD
openlibrary:OL15983488W,Michael Hess,,Bingo & social club,,2010,Dewi Lewis,,Specialist photography publisher backlist: Dewi Lewis,B,4,Work-level metadata only; verify the exact publisher edition and printing.,,,Medium,https://openlibrary.org/works/OL15983488W,BROAD
openlibrary:OL32723831W,Michael Kenna,,Abruzzo,,2017,Nazraeli Press,,Specialist photography publisher backlist: Nazraeli Press,B,4,Work-level metadata only; verify the exact publisher edition and printing.,,,Medium,https://openlibrary.org/works/OL32723831W,BROAD
openlibrary:OL22734768W,Michael Kenna,,France,,2014,Nazraeli Press,,Specialist photography publisher backlist: Nazraeli Press,B,4,Work-level metadata only; verify the exact publisher edition and printing.,,,Medium,https://openlibrary.org/works/OL22734768W,BROAD
openlibrary:OL33281333W,Michael Kenna,,Heiden Hotel,,2009,Nazraeli Press,,Specialist photography publisher backlist: Nazraeli Press,B,4,Work-level metadata only; verify the exact publisher edition and printing.,,,Medium,https://openlibrary.org/works/OL33281333W,BROAD
openlibrary:OL16143221W,Michael Kenna,,Huangshan,,2010,Nazraeli Press,,Specialist photography publisher backlist: Nazraeli Press,B,4,Work-level metadata only; verify the exact publisher edition and printing.,,,Medium,https://openlibrary.org/works/OL16143221W,BROAD
openlibrary:OL32511698W,Michael Kenna,,Huangshan = The yellow mountain,,2017,Nazraeli Press,,Specialist photography publisher backlist: Nazraeli Press,B,4,Work-level metadata only; verify the exact publisher edition and printing.,,,Medium,https://openlibrary.org/works/OL32511698W,BROAD
openlibrary:OL18798679W,Michael Kenna,,Love in black and white,,2009,Nazraeli Press,,Specialist photography publisher backlist: Nazraeli Press,B,4,Work-level metadata only; verify the exact publisher edition and printing.,,,Medium,https://openlibrary.org/works/OL18798679W,BROAD
openlibrary:OL3062955W,Michael Kenna,,Michael Kenna,,1984,Nazraeli Press,,Specialist photography publisher backlist: Nazraeli Press,B,4,Work-level metadata only; verify the exact publisher edition and printing.,,,Medium,https://openlibrary.org/works/OL3062955W,BROAD
openlibrary:OL3062944W,Michael Kenna,,Monique's Kindergarten,,1997,Nazraeli Press,,Specialist photography publisher backlist: Nazraeli Press,B,4,Work-level metadata only; verify the exact publisher edition and printing.,,,Medium,https://openlibrary.org/works/OL3062944W,BROAD
openlibrary:OL3062945W,Michael Kenna,,Mont St Michel,,2007,Nazraeli Press,,Specialist photography publisher backlist: Nazraeli Press,B,4,Work-level metadata only; verify the exact publisher edition and printing.,,,Medium,https://openlibrary.org/works/OL3062945W,BROAD
openlibrary:OL3062947W,Michael Kenna,,Night Work,,2000,Nazraeli Press,,Specialist photography publisher backlist: Nazraeli Press,B,4,Work-level metadata only; verify the exact publisher edition and printing.,,,Medium,https://openlibrary.org/works/OL3062947W,BROAD
openlibrary:OL3062938W,Michael Kenna,,[Nihon],,2005,Nazraeli Press,,Specialist photography publisher backlist: Nazraeli Press,B,4,Work-level metadata only; verify the exact publisher edition and printing.,,,Medium,https://openlibrary.org/works/OL3062938W,BROAD
openlibrary:OL23895985W,Michael Kenna,Jeremy Reed,Ratcliffe Power Station,,2004,Nazraeli Press,,Specialist photography publisher backlist: Nazraeli Press,B,4,Work-level metadata only; verify the exact publisher edition and printing.,,,Medium,https://openlibrary.org/works/OL23895985W,BROAD
openlibrary:OL41927517W,Michael Kenna,,Shinan,,2013,Nazraeli Press,,Specialist photography publisher backlist: Nazraeli Press,B,4,Work-level metadata only; verify the exact publisher edition and printing.,,,Medium,https://openlibrary.org/works/OL41927517W,BROAD
openlibrary:OL15539479W,Michael Kenna,,Venezia,,2010,Nazraeli Press,,Specialist photography publisher backlist: Nazraeli Press,B,4,Work-level metadata only; verify the exact publisher edition and printing.,,,Medium,https://openlibrary.org/works/OL15539479W,BROAD
openlibrary:OL17479788W,Michael Levin,,Zebrato,,2009,Dewi Lewis,,Specialist photography publisher backlist: Dewi Lewis,B,4,Work-level metadata only; verify the exact publisher edition and printing.,,,Medium,https://openlibrary.org/works/OL17479788W,BROAD
openlibrary:OL2031553W,Michael Light,,Ranch,,1993,Twin Palms,,Specialist photography publisher backlist: Twin Palms,B,4,Work-level metadata only; verify the exact publisher edition and printing.,,,Medium,https://openlibrary.org/works/OL2031553W,BROAD
openlibrary:OL36444984W,Michael Mack,,Peter Fraser,,2002,Steidl,,Specialist photography publisher backlist: Steidl,C,4,Work-level metadata only; verify the exact publisher edition and printing.,,,Medium,https://openlibrary.org/works/OL36444984W,BROAD
openlibrary:OL17518946W,Michael Mitchell,,Burtynsky Oil,,2011,Steidl,,Specialist photography publisher backlist: Steidl,C,4,Work-level metadata only; verify the exact publisher edition and printing.,,,Medium,https://openlibrary.org/works/OL17518946W,BROAD
openlibrary:OL1912038W,Michael Nichols,,Brutal kinship,,1999,Aperture,,Specialist photography publisher backlist: Aperture,C,4,Work-level metadata only; verify the exact publisher edition and printing.,,,Medium,https://openlibrary.org/works/OL1912038W,BROAD
openlibrary:OL11321163W,Michael Ruetz,,Cosmos,,1997,Steidl,,Specialist photography publisher backlist: Steidl,C,4,Work-level metadata only; verify the exact publisher edition and printing.,,,Medium,https://openlibrary.org/works/OL11321163W,BROAD
openlibrary:OL33093068W,Michael Ruetz,,Die unbequeme Zeit,,2008,Steidl,,Specialist photography publisher backlist: Steidl,C,4,Work-level metadata only; verify the exact publisher edition and printing.,,,Medium,https://openlibrary.org/works/OL33093068W,BROAD
openlibrary:OL21012956W,Michael Ruetz,,Eye on Time,,2008,Steidl,,Specialist photography publisher backlist: Steidl,C,4,Work-level metadata only; verify the exact publisher edition and printing.,,,Medium,https://openlibrary.org/works/OL21012956W,BROAD
openlibrary:OL21053595W,Michael Ruetz,,Family of Dog,,2014,Steidl,,Specialist photography publisher backlist: Steidl,C,4,Work-level metadata only; verify the exact publisher edition and printing.,,,Medium,https://openlibrary.org/works/OL21053595W,BROAD
openlibrary:OL2109011W,Michael Ruetz,,Michael Ruetz,,1997,Steidl,,Specialist photography publisher backlist: Steidl,C,4,Work-level metadata only; verify the exact publisher edition and printing.,,,Medium,https://openlibrary.org/works/OL2109011W,BROAD
openlibrary:OL2109015W,Michael Ruetz,,Windauge,,2001,Steidl,,Specialist photography publisher backlist: Steidl,C,4,Work-level metadata only; verify the exact publisher edition and printing.,,,Medium,https://openlibrary.org/works/OL2109015W,BROAD
openlibrary:OL32486081W,Michael Schmelling,,Your blues,,2018,Skinnerboox,,Specialist photography publisher backlist: Skinnerboox,B,4,Work-level metadata only; verify the exact publisher edition and printing.,,,Medium,https://openlibrary.org/works/OL32486081W,BROAD
openlibrary:OL21283657W,Michael Schmidt,,Natur,,2014,MACK,,Specialist photography publisher backlist: MACK,B,4,Work-level metadata only; verify the exact publisher edition and printing.,,,Medium,https://openlibrary.org/works/OL21283657W,BROAD
openlibrary:OL19099032W,Michael Stipe,,Tina Barney: Players,,2010,Steidl,,Specialist photography publisher backlist: Steidl,C,4,Work-level metadata only; verify the exact publisher edition and printing.,,,Medium,https://openlibrary.org/works/OL19099032W,BROAD
openlibrary:OL21271549W,Michael Von Graffenried,A. D. Coleman,Naked in Paradise,,1997,Dewi Lewis,,Specialist photography publisher backlist: Dewi Lewis,B,4,Work-level metadata only; verify the exact publisher edition and printing.,,,Medium,https://openlibrary.org/works/OL21271549W,BROAD
openlibrary:OL3183919W,Michael Wolf,,Michael Wolf,,2002,Steidl,,Specialist photography publisher backlist: Steidl,C,4,Work-level metadata only; verify the exact publisher edition and printing.,,,Medium,https://openlibrary.org/works/OL3183919W,BROAD
openlibrary:OL22949273W,Michal Chelbin,,Sailboats and swans,,2012,Twin Palms,,Specialist photography publisher backlist: Twin Palms,B,4,Work-level metadata only; verify the exact publisher edition and printing.,,,Medium,https://openlibrary.org/works/OL22949273W,BROAD
openlibrary:OL33025572W,Michal Chelbin,,The black eye,,2010,Twin Palms,,Specialist photography publisher backlist: Twin Palms,B,4,Work-level metadata only; verify the exact publisher edition and printing.,,,Medium,https://openlibrary.org/works/OL33025572W,BROAD
openlibrary:OL35709340W,Michal Raz-Russo,John F. Callahan | Adam Bradley,Ralph Ellison,,2023,Steidl,,Specialist photography publisher backlist: Steidl,C,4,Work-level metadata only; verify the exact publisher edition and printing.,,,Medium,https://openlibrary.org/works/OL35709340W,BROAD
openlibrary:OL4826053W,Michel Campeau,,Darkroom,,2007,Nazraeli Press,,Specialist photography publisher backlist: Nazraeli Press,B,4,Work-level metadata only; verify the exact publisher edition and printing.,,,Medium,https://openlibrary.org/works/OL4826053W,BROAD
openlibrary:OL27090755W,Michel Comte,National Centre of Competence in Research Molecular Systems Engineering Staff,Michel Comte - EL and Us,,2021,Steidl,,Specialist photography publisher backlist: Steidl,C,4,Work-level metadata only; verify the exact publisher edition and printing.,,,Medium,https://openlibrary.org/works/OL27090755W,BROAD
openlibrary:OL27088625W,Michel Comte,Jens Remes,Michel Comte - Garden of Beauty,,2021,Steidl,,Specialist photography publisher backlist: Steidl,C,4,Work-level metadata only; verify the exact publisher edition and printing.,,,Medium,https://openlibrary.org/works/OL27088625W,BROAD
openlibrary:OL27088626W,Michel Comte,,New World Order,,2021,Steidl,,Specialist photography publisher backlist: Steidl,C,4,Work-level metadata only; verify the exact publisher edition and printing.,,,Medium,https://openlibrary.org/works/OL27088626W,BROAD
openlibrary:OL7814032W,Michel Comte,,People and places with no name,,2000,Steidl,,Specialist photography publisher backlist: Steidl,C,4,Work-level metadata only; verify the exact publisher edition and printing.,,,Medium,https://openlibrary.org/works/OL7814032W,BROAD
openlibrary:OL36445673W,Michel Comte,,People and Places Without Name,,2000,Steidl,,Specialist photography publisher backlist: Steidl,C,4,Work-level metadata only; verify the exact publisher edition and printing.,,,Medium,https://openlibrary.org/works/OL36445673W,BROAD
openlibrary:OL9051593W,Michel Francois,,La Plante En Nous/The Plant Within Us,,2001,Steidl,,Specialist photography publisher backlist: Steidl,C,4,Work-level metadata only; verify the exact publisher edition and printing.,,,Medium,https://openlibrary.org/works/OL9051593W,BROAD
openlibrary:OL18918654W,Michel Frizot,,Scrap book,,2006,Steidl,,Specialist photography publisher backlist: Steidl,C,4,Work-level metadata only; verify the exact publisher edition and printing.,,,Medium,https://openlibrary.org/works/OL18918654W,BROAD
openlibrary:OL27034573W,Michel Poivert,Philippe Chancel,Kim Happiness,,2020,L'Artiere,,Specialist photography publisher backlist: L'Artiere,B,4,Work-level metadata only; verify the exact publisher edition and printing.,,,Medium,https://openlibrary.org/works/OL27034573W,BROAD
openlibrary:OL19625147W,Michel Tournier,,Waterline,,1994,Aperture,,Specialist photography publisher backlist: Aperture,C,4,Work-level metadata only; verify the exact publisher edition and printing.,,,Medium,https://openlibrary.org/works/OL19625147W,BROAD
openlibrary:OL27034572W,Michele Borzoni,,Workforce,,2019,L'Artiere,,Specialist photography publisher backlist: L'Artiere,B,4,Work-level metadata only; verify the exact publisher edition and printing.,,,Medium,https://openlibrary.org/works/OL27034572W,BROAD
openlibrary:OL32083945W,Michele Galluzzo,Stefano Riba | Giusi D'Orsi | Jean-Pierre Maurer,Così fan tutti,,2021,Skinnerboox,,Specialist photography publisher backlist: Skinnerboox,B,4,Work-level metadata only; verify the exact publisher edition and printing.,,,Medium,https://openlibrary.org/works/OL32083945W,BROAD
openlibrary:OL13719372W,Michelle Keim,,Iron beauties,,2006,Nazraeli Press,,Specialist photography publisher backlist: Nazraeli Press,B,4,Work-level metadata only; verify the exact publisher edition and printing.,,,Medium,https://openlibrary.org/works/OL13719372W,BROAD
openlibrary:OL2766128W,Michiko Kon,Ryū Murakami | Toshiharau Ito,Michiko Kon,,1997,Aperture,,Specialist photography publisher backlist: Aperture,C,4,Work-level metadata only; verify the exact publisher edition and printing.,,,Medium,https://openlibrary.org/works/OL2766128W,BROAD
openlibrary:OL25889686W,Mickalene Thomas,,Caress,,2019,Yoffy Press,,Specialist photography publisher backlist: Yoffy Press,B,4,Work-level metadata only; verify the exact publisher edition and printing.,,,Medium,https://openlibrary.org/works/OL25889686W,BROAD
openlibrary:OL13614942W,Mika Ninagawa,,Acid Bloom,,2003,Nazraeli Press,,Specialist photography publisher backlist: Nazraeli Press,B,4,Work-level metadata only; verify the exact publisher edition and printing.,,,Medium,https://openlibrary.org/works/OL13614942W,BROAD
openlibrary:OL8774404W,Mikael Jansson,,Mikael Jansson,,2007,Steidl,,Specialist photography publisher backlist: Steidl,C,4,Work-level metadata only; verify the exact publisher edition and printing.,,,Medium,https://openlibrary.org/works/OL8774404W,BROAD
openlibrary:OL21150530W,Mikael Olsson,Péter Nádas,Mikael Olsson - On - Auf,,2017,Steidl,,Specialist photography publisher backlist: Steidl,C,4,Work-level metadata only; verify the exact publisher edition and printing.,,,Medium,https://openlibrary.org/works/OL21150530W,BROAD
openlibrary:OL17584928W,Mike Brodie,,A Period Of Juvenile Prosperity,,2013,Twin Palms,,Specialist photography publisher backlist: Twin Palms,B,4,Work-level metadata only; verify the exact publisher edition and printing.,,,Medium,https://openlibrary.org/works/OL17584928W,BROAD
openlibrary:OL32867440W,Mike Brodie,,Tones of dirt and bone,,2014,Twin Palms,,Specialist photography publisher backlist: Twin Palms,B,4,Work-level metadata only; verify the exact publisher edition and printing.,,,Medium,https://openlibrary.org/works/OL32867440W,BROAD
openlibrary:OL25479732W,Mike Mandel,Erin O'Toole | Ansel Adams,Mike Mandel,,2017,TBW Books,,Specialist photography publisher backlist: TBW Books,B,4,Work-level metadata only; verify the exact publisher edition and printing.,,,Medium,https://openlibrary.org/works/OL25479732W,BROAD
openlibrary:OL17510533W,Mike Seaborne,,London Street Photography 18602010,,2011,Dewi Lewis,,Specialist photography publisher backlist: Dewi Lewis,B,4,Work-level metadata only; verify the exact publisher edition and printing.,,,Medium,https://openlibrary.org/works/OL17510533W,BROAD
openlibrary:OL5115525W,Mike Weaver,Alvin Langdon Coburn,Alvin Langdon Coburn,,1986,Aperture,,Specialist photography publisher backlist: Aperture,C,4,Work-level metadata only; verify the exact publisher edition and printing.,,,Medium,https://openlibrary.org/works/OL5115525W,BROAD
openlibrary:OL26754600W,Mikhael Subotzky,Patrick Waterhouse | Ivan Vladislavic | Clément Chéroux,Mikhael Subotzky and Patrick Waterhouse : Ponte City Revisited,,2021,Steidl,,Specialist photography publisher backlist: Steidl,C,4,Work-level metadata only; verify the exact publisher edition and printing.,,,Medium,https://openlibrary.org/works/OL26754600W,BROAD
openlibrary:OL21045576W,Mikhael Subotzky,Anthea Buys,Retinal Shift,,2013,Steidl,,Specialist photography publisher backlist: Steidl,C,4,Work-level metadata only; verify the exact publisher edition and printing.,,,Medium,https://openlibrary.org/works/OL21045576W,BROAD
openlibrary:OL21918847W,Miles Aldridge,Michael Bracewell,Miles Aldridge,,2020,Steidl,,Specialist photography publisher backlist: Steidl,C,4,Work-level metadata only; verify the exact publisher edition and printing.,,,Medium,https://openlibrary.org/works/OL21918847W,BROAD
openlibrary:OL23220796W,Miles Aldridge,,Other pictures,,2012,Steidl,,Specialist photography publisher backlist: Steidl,C,4,Work-level metadata only; verify the exact publisher edition and printing.,,,Medium,https://openlibrary.org/works/OL23220796W,BROAD
openlibrary:OL31333761W,Miles Aldridge,,Pictures for Photographs,,2009,Steidl,,Specialist photography publisher backlist: Steidl,C,4,Work-level metadata only; verify the exact publisher edition and printing.,,,Medium,https://openlibrary.org/works/OL31333761W,BROAD
openlibrary:OL21124689W,Miles Aldridge,Michael Bracewell,Please Return Polaroid,,2017,Steidl,,Specialist photography publisher backlist: Steidl,C,4,Work-level metadata only; verify the exact publisher edition and printing.,,,Medium,https://openlibrary.org/works/OL21124689W,BROAD
openlibrary:OL43997892W,Mimi Plumb,,Landfall,,2018,TBW Books,,Specialist photography publisher backlist: TBW Books,B,4,Work-level metadata only; verify the exact publisher edition and printing.,,,Medium,https://openlibrary.org/works/OL43997892W,BROAD
openlibrary:OL735380W,Mimmo Jodice,,Mediterranean,,1995,Aperture,,Specialist photography publisher backlist: Aperture,C,4,Work-level metadata only; verify the exact publisher edition and printing.,,,Medium,https://openlibrary.org/works/OL735380W,BROAD
openlibrary:OL20751776W,Ming Smith,Emmanuel Iduma | Janet Hill Talbert | M. Neelika Jayawardane,Ming Smith,,2020,Aperture,,Specialist photography publisher backlist: Aperture,C,4,Work-level metadata only; verify the exact publisher edition and printing.,,,Medium,https://openlibrary.org/works/OL20751776W,BROAD
openlibrary:OL2018455W,Minneapolis Institute of Arts.,,The making of a collection,,1984,Aperture,,Specialist photography publisher backlist: Aperture,C,4,Work-level metadata only; verify the exact publisher edition and printing.,,,Medium,https://openlibrary.org/works/OL2018455W,BROAD
openlibrary:OL18255412W,Minor White,,Be-ing without clothes,,1970,Aperture,,Specialist photography publisher backlist: Aperture,C,4,Work-level metadata only; verify the exact publisher edition and printing.,,,Medium,https://openlibrary.org/works/OL18255412W,BROAD
openlibrary:OL18341626W,Minor White,Jonathan Green | Leonard Freed,Celebrations,,1974,Aperture,,Specialist photography publisher backlist: Aperture,C,4,Work-level metadata only; verify the exact publisher edition and printing.,,,Medium,https://openlibrary.org/works/OL18341626W,BROAD
openlibrary:OL19516258W,Minor White,Ansel Adams,Minor White,,1984,Aperture,,Specialist photography publisher backlist: Aperture,C,4,Work-level metadata only; verify the exact publisher edition and printing.,,,Medium,https://openlibrary.org/works/OL19516258W,BROAD
openlibrary:OL4660620W,Minor White,,"Mirrors, messages, manifestations",,1969,Aperture,,Specialist photography publisher backlist: Aperture,C,4,Work-level metadata only; verify the exact publisher edition and printing.,,,Medium,https://openlibrary.org/works/OL4660620W,BROAD
openlibrary:OL4660619W,Minor White,,Octave of prayer,,1972,Aperture,,Specialist photography publisher backlist: Aperture,C,4,Work-level metadata only; verify the exact publisher edition and printing.,,,Medium,https://openlibrary.org/works/OL4660619W,BROAD
openlibrary:OL21299838W,Misha Kominek,Rinko Kawauchi,Rinko Kawauchi,,2011,Aperture,,Specialist photography publisher backlist: Aperture,C,4,Work-level metadata only; verify the exact publisher edition and printing.,,,Medium,https://openlibrary.org/works/OL21299838W,BROAD
openlibrary:OL26783568W,Mitch Dobrowner,Gretel Ehrlich,Mitch Dobrowner,,2011,Aperture,,Specialist photography publisher backlist: Aperture,C,4,Work-level metadata only; verify the exact publisher edition and printing.,,,Medium,https://openlibrary.org/works/OL26783568W,BROAD
openlibrary:OL3275783W,Mitch Epstein,,Mitch Epstein,,2003,Steidl,,Specialist photography publisher backlist: Steidl,C,4,Work-level metadata only; verify the exact publisher edition and printing.,,,Medium,https://openlibrary.org/works/OL3275783W,BROAD
openlibrary:OL21343530W,Mitch Epstein,,Mitch Epstein : Sunshine Hotel,,2019,Steidl,,Specialist photography publisher backlist: Steidl,C,4,Work-level metadata only; verify the exact publisher edition and printing.,,,Medium,https://openlibrary.org/works/OL21343530W,BROAD
openlibrary:OL21053601W,Mitch Epstein,,New York Arbor,,2013,Steidl,,Specialist photography publisher backlist: Steidl,C,4,Work-level metadata only; verify the exact publisher edition and printing.,,,Medium,https://openlibrary.org/works/OL21053601W,BROAD
openlibrary:OL21150953W,Mitch Epstein,Susan Bell | Ryan Spencer,Rocks and Clouds,,2017,Steidl,,Specialist photography publisher backlist: Steidl,C,4,Work-level metadata only; verify the exact publisher edition and printing.,,,Medium,https://openlibrary.org/works/OL21150953W,BROAD
openlibrary:OL44548521W,Mitchell Moreno,,Body Copy,,2024,GOST,,Specialist photography publisher backlist: GOST,B,4,Work-level metadata only; verify the exact publisher edition and printing.,,,Medium,https://openlibrary.org/works/OL44548521W,BROAD
openlibrary:OL9676975W,Mitra Tabrizian,Homi Bhabha | Stuart Hall | Francette Pacteau,Beyond the limits,,2004,Steidl,,Specialist photography publisher backlist: Steidl,C,4,Work-level metadata only; verify the exact publisher edition and printing.,,,Medium,https://openlibrary.org/works/OL9676975W,BROAD
openlibrary:OL31820737W,Miyuki Okuyama,,At dusk,,2022,Skinnerboox,,Specialist photography publisher backlist: Skinnerboox,B,4,Work-level metadata only; verify the exact publisher edition and printing.,,,Medium,https://openlibrary.org/works/OL31820737W,BROAD
openlibrary:OL32951897W,"Moderna museet (Stockholm, Sweden)",,En annan historia,,2011,Steidl,,Specialist photography publisher backlist: Steidl,C,4,Work-level metadata only; verify the exact publisher edition and printing.,,,Medium,https://openlibrary.org/works/OL32951897W,BROAD
openlibrary:OL35715785W,Moises Saman,Sinan Antoon | Cale Salih,Glad Tidings of Benevolence,,2023,GOST,,Specialist photography publisher backlist: GOST,B,4,Work-level metadata only; verify the exact publisher edition and printing.,,,Medium,https://openlibrary.org/works/OL35715785W,BROAD
openlibrary:OL21150524W,Mona Kuhn,,Acido Dorado,,2017,Steidl,,Specialist photography publisher backlist: Steidl,C,4,Work-level metadata only; verify the exact publisher edition and printing.,,,Medium,https://openlibrary.org/works/OL21150524W,BROAD
openlibrary:OL21076253W,Mona Kuhn,David Campany,Private,,2015,Steidl,,Specialist photography publisher backlist: Steidl,C,4,Work-level metadata only; verify the exact publisher edition and printing.,,,Medium,https://openlibrary.org/works/OL21076253W,BROAD
openlibrary:OL12343674M,Monica Kiss Horvath,Zsuzsanna Giahse | Viana Conti,Monica Kiss Horvath,,2000,Scalo,,Specialist photography publisher backlist: Scalo,B,4,Work-level metadata only; verify the exact publisher edition and printing.,,,Medium,https://openlibrary.org/works/OL12343674M,BROAD
openlibrary:OL20574153W,Morad Montazami,Sean O'Hagan | Arnold van Bruggen,Chloe Dewe Mathews : Caspian,,2018,Aperture,,Specialist photography publisher backlist: Aperture,C,4,Work-level metadata only; verify the exact publisher edition and printing.,,,Medium,https://openlibrary.org/works/OL20574153W,BROAD
openlibrary:OL24152452W,Morgan Ashcom,,What the Living Carry,,2017,MACK,,Specialist photography publisher backlist: MACK,B,4,Work-level metadata only; verify the exact publisher edition and printing.,,,Medium,https://openlibrary.org/works/OL24152452W,BROAD
openlibrary:OL2035868W,Morton Norton Cohen,,Reflections in a looking glass,,1998,Aperture,,Specialist photography publisher backlist: Aperture,C,4,Work-level metadata only; verify the exact publisher edition and printing.,,,Medium,https://openlibrary.org/works/OL2035868W,BROAD
openlibrary:OL21283181W,Moyra Davey,Alison Strayer,Moyra Davey,,2010,Steidl,,Specialist photography publisher backlist: Steidl,C,4,Work-level metadata only; verify the exact publisher edition and printing.,,,Medium,https://openlibrary.org/works/OL21283181W,BROAD
openlibrary:OL27410761W,Moyra Davey,Peter Hujar | Eileen Myles | Stephen Koch,Shabbiness of Beauty,,2021,MACK,,Specialist photography publisher backlist: MACK,B,4,Work-level metadata only; verify the exact publisher edition and printing.,,,Medium,https://openlibrary.org/works/OL27410761W,BROAD
openlibrary:OL21294683W,Murray Ballard,,After a Moment of Sleep,,2016,GOST,,Specialist photography publisher backlist: GOST,B,4,Work-level metadata only; verify the exact publisher edition and printing.,,,Medium,https://openlibrary.org/works/OL21294683W,BROAD
openlibrary:OL32822043W,Museum Folkwang Essen,,"Afrika, hin und zurück",,2012,Steidl,,Specialist photography publisher backlist: Steidl,C,4,Work-level metadata only; verify the exact publisher edition and printing.,,,Medium,https://openlibrary.org/works/OL32822043W,BROAD
openlibrary:OL5457916W,Museum Folkwang Essen.,,Der fotografierte Mensch in Bildern der Fotografischen Sammlung im Museum Folkwang,,2003,Steidl,,Specialist photography publisher backlist: Steidl,C,4,Work-level metadata only; verify the exact publisher edition and printing.,,,Medium,https://openlibrary.org/works/OL5457916W,BROAD
openlibrary:OL19421361W,Museum Folkwang Essen,,Zeitgenössische deutsche Fotografie,,2003,Steidl,,Specialist photography publisher backlist: Steidl,C,4,Work-level metadata only; verify the exact publisher edition and printing.,,,Medium,https://openlibrary.org/works/OL19421361W,BROAD
openlibrary:OL4914386W,Museum Folkwang Essen. Fotografische Sammlung.,,Ein Bilderbuch,,2003,Steidl,,Specialist photography publisher backlist: Steidl,C,4,Work-level metadata only; verify the exact publisher edition and printing.,,,Medium,https://openlibrary.org/works/OL4914386W,BROAD
openlibrary:OL22921003W,Museum Folkwang Essen. Fotografische Sammlung,,(Mis)Understanding Photography,,2014,Steidl,,Specialist photography publisher backlist: Steidl,C,4,Work-level metadata only; verify the exact publisher edition and printing.,,,Medium,https://openlibrary.org/works/OL22921003W,BROAD
openlibrary:OL3549599W,Museum Ludwig.,,Facts,,2006,Steidl,,Specialist photography publisher backlist: Steidl,C,4,Work-level metadata only; verify the exact publisher edition and printing.,,,Medium,https://openlibrary.org/works/OL3549599W,BROAD
openlibrary:OL5061133W,Museum Ludwig. Agfa Foto-Historama.,,Facts,,2006,Steidl,,Specialist photography publisher backlist: Steidl,C,4,Work-level metadata only; verify the exact publisher edition and printing.,,,Medium,https://openlibrary.org/works/OL5061133W,BROAD
openlibrary:OL21356281W,Nadav Kander,,Nadav Kander : the Meeting,,2019,Steidl,,Specialist photography publisher backlist: Steidl,C,4,Work-level metadata only; verify the exact publisher edition and printing.,,,Medium,https://openlibrary.org/works/OL21356281W,BROAD
openlibrary:OL12360909W,Naglaa Walker,Sacha Craddock | John R. Gribbin,On physics,,2004,Dewi Lewis,,Specialist photography publisher backlist: Dewi Lewis,B,4,Work-level metadata only; verify the exact publisher edition and printing.,,,Medium,https://openlibrary.org/works/OL12360909W,BROAD
openlibrary:OL18403849W,Nan Goldin,Armstrong David,A Double life,,1994,Scalo,,Specialist photography publisher backlist: Scalo,B,4,Work-level metadata only; verify the exact publisher edition and printing.,,,Medium,https://openlibrary.org/works/OL18403849W,BROAD
openlibrary:OL2794927W,Nan Goldin,,Nan Goldin,,1999,Scalo,,Specialist photography publisher backlist: Scalo | Specialist photography publisher backlist: Aperture | Specialist photography publisher backlist: Steidl,B,4,Work-level metadata only; verify the exact publisher edition and printing.,,,Medium,https://openlibrary.org/works/OL2794927W,BROAD
openlibrary:OL13571017W,Nan Goldin,,Other Side,,1995,Scalo,,Specialist photography publisher backlist: Scalo,B,4,Work-level metadata only; verify the exact publisher edition and printing.,,,Medium,https://openlibrary.org/works/OL13571017W,BROAD
openlibrary:OL18540056W,Nan Goldin,Guido Gosta,Ten years after,,1998,Scalo,,Specialist photography publisher backlist: Scalo,B,4,Work-level metadata only; verify the exact publisher edition and printing.,,,Medium,https://openlibrary.org/works/OL18540056W,BROAD
openlibrary:OL2794926W,Nan Goldin,,The ballad of sexual dependency,,1986,Aperture,,Specialist photography publisher backlist: Aperture,C,4,Work-level metadata only; verify the exact publisher edition and printing.,,,Medium,https://openlibrary.org/works/OL2794926W,BROAD
openlibrary:OL2794911W,Nan Goldin,,The beautiful smile,,2007,Steidl,,Specialist photography publisher backlist: Steidl,C,4,Work-level metadata only; verify the exact publisher edition and printing.,,,Medium,https://openlibrary.org/works/OL2794911W,BROAD
openlibrary:OL17976077W,Nan Goldin,Nobuyoshi Araki,Tokyo love,,1995,Scalo,,Specialist photography publisher backlist: Scalo,B,4,Work-level metadata only; verify the exact publisher edition and printing.,,,Medium,https://openlibrary.org/works/OL17976077W,BROAD
openlibrary:OL3130447W,Nancy Burson,,Faces,,1992,Twin Palms,,Specialist photography publisher backlist: Twin Palms,B,4,Work-level metadata only; verify the exact publisher edition and printing.,,,Medium,https://openlibrary.org/works/OL3130447W,BROAD
openlibrary:OL3130448W,Nancy Burson,,Seeing and believing,,2002,Twin Palms,,Specialist photography publisher backlist: Twin Palms,B,4,Work-level metadata only; verify the exact publisher edition and printing.,,,Medium,https://openlibrary.org/works/OL3130448W,BROAD
openlibrary:OL26815383W,Nancy Floyd,,Weathering Time,,2021,GOST,,Specialist photography publisher backlist: GOST,B,4,Work-level metadata only; verify the exact publisher edition and printing.,,,Medium,https://openlibrary.org/works/OL26815383W,BROAD
openlibrary:OL8615627W,Nancy Newhall,,P H Emerson,,1985,Aperture,,Specialist photography publisher backlist: Aperture,C,4,Work-level metadata only; verify the exact publisher edition and printing.,,,Medium,https://openlibrary.org/works/OL8615627W,BROAD
openlibrary:OL4660119W,Nancy Wynne Newhall,Nancy Newhall,Ansel Adams - The Eloquent Light,,1963,Aperture,,Specialist photography publisher backlist: Aperture,C,4,Work-level metadata only; verify the exact publisher edition and printing.,,,Medium,https://openlibrary.org/works/OL4660119W,BROAD
openlibrary:OL4660125W,Nancy Wynne Newhall,,From Adams to Stieglitz,,1989,Aperture,,Specialist photography publisher backlist: Aperture,C,4,Work-level metadata only; verify the exact publisher edition and printing.,,,Medium,https://openlibrary.org/works/OL4660125W,BROAD
openlibrary:OL4660122W,Nancy Wynne Newhall,,P. H. Emerson,,1975,Aperture,,Specialist photography publisher backlist: Aperture,C,4,Work-level metadata only; verify the exact publisher edition and printing.,,,Medium,https://openlibrary.org/works/OL4660122W,BROAD
openlibrary:OL19761056W,Naoya Hatakeyama,,Naoya Hatakeyama,,2011,Aperture,,Specialist photography publisher backlist: Aperture,C,4,Work-level metadata only; verify the exact publisher edition and printing.,,,Medium,https://openlibrary.org/works/OL19761056W,BROAD
openlibrary:OL10360638W,Naoya Hatakeyama,,Scales,,2007,Nazraeli Press,,Specialist photography publisher backlist: Nazraeli Press,B,4,Work-level metadata only; verify the exact publisher edition and printing.,,,Medium,https://openlibrary.org/works/OL10360638W,BROAD
openlibrary:OL36447695W,Nathalie Herschdorfer,,Beauty Work,,2015,Steidl,,Specialist photography publisher backlist: Steidl,C,4,Work-level metadata only; verify the exact publisher edition and printing.,,,Medium,https://openlibrary.org/works/OL36447695W,BROAD
openlibrary:OL60380W,Nathan Lyons,,Under the sun,,1960,Aperture,,Specialist photography publisher backlist: Aperture,C,4,Work-level metadata only; verify the exact publisher edition and printing.,,,Medium,https://openlibrary.org/works/OL60380W,BROAD
openlibrary:OL16135196W,Neeta Madahar,,Flora,,2010,Nazraeli Press,,Specialist photography publisher backlist: Nazraeli Press,B,4,Work-level metadata only; verify the exact publisher edition and printing.,,,Medium,https://openlibrary.org/works/OL16135196W,BROAD
openlibrary:OL25636227W,Neil Drabble,,Book of Roy,,2019,MACK,,Specialist photography publisher backlist: MACK,B,4,Work-level metadata only; verify the exact publisher edition and printing.,,,Medium,https://openlibrary.org/works/OL25636227W,BROAD
openlibrary:OL3002574W,Neil Folberg,,Celestial nights,,2001,Aperture,,Specialist photography publisher backlist: Aperture,C,4,Work-level metadata only; verify the exact publisher edition and printing.,,,Medium,https://openlibrary.org/works/OL3002574W,BROAD
openlibrary:OL8976586W,Neil Selkirk,,See no evil,,2006,Nazraeli Press,,Specialist photography publisher backlist: Nazraeli Press,B,4,Work-level metadata only; verify the exact publisher edition and printing.,,,Medium,https://openlibrary.org/works/OL8976586W,BROAD
openlibrary:OL18310591W,Neville Wakefield,,Fashion,,1996,Scalo,,Specialist photography publisher backlist: Scalo,B,4,Work-level metadata only; verify the exact publisher edition and printing.,,,Medium,https://openlibrary.org/works/OL18310591W,BROAD
openlibrary:OL20561003W,Nicholas Hughes,,Nowhere Far,,2018,GOST,,Specialist photography publisher backlist: GOST,B,4,Work-level metadata only; verify the exact publisher edition and printing.,,,Medium,https://openlibrary.org/works/OL20561003W,BROAD
openlibrary:OL5965440W,Nicholas Kahn,Sarah Falkner | Erez Lieberman,City of salt,,2005,Aperture,,Specialist photography publisher backlist: Aperture,C,4,Work-level metadata only; verify the exact publisher edition and printing.,,,Medium,https://openlibrary.org/works/OL5965440W,BROAD
openlibrary:OL5965441W,Nicholas Kahn,,Scotlandfuturebog,,2002,Aperture,,Specialist photography publisher backlist: Aperture,C,4,Work-level metadata only; verify the exact publisher edition and printing.,,,Medium,https://openlibrary.org/works/OL5965441W,BROAD
openlibrary:OL5965439W,Nicholas Kahn,Richard Selesnick,The Apollo prophecies,,2006,Aperture,,Specialist photography publisher backlist: Aperture,C,4,Work-level metadata only; verify the exact publisher edition and printing.,,,Medium,https://openlibrary.org/works/OL5965439W,BROAD
openlibrary:OL28776640W,Nick Knight,,Idealizing Vision,,1991,Aperture,,Specialist photography publisher backlist: Aperture,C,4,Work-level metadata only; verify the exact publisher edition and printing.,,,Medium,https://openlibrary.org/works/OL28776640W,BROAD
openlibrary:OL32082389W,Nick Meyer,,The local,,2021,MACK,,Specialist photography publisher backlist: MACK,B,4,Work-level metadata only; verify the exact publisher edition and printing.,,,Medium,https://openlibrary.org/works/OL32082389W,BROAD
openlibrary:OL3537359W,Nick Waplington,,Other Edens,,1994,Aperture,,Specialist photography publisher backlist: Aperture,C,4,Work-level metadata only; verify the exact publisher edition and printing.,,,Medium,https://openlibrary.org/works/OL3537359W,BROAD
openlibrary:OL27737826W,Nico Krebs Taiyo Onorato,,Taiyo Onorato & Nico Krebs,,2009,Edition Patrick Frey,,Specialist photography publisher backlist: Edition Patrick Frey,B,4,Work-level metadata only; verify the exact publisher edition and printing.,,,Medium,https://openlibrary.org/works/OL27737826W,BROAD
openlibrary:OL32125744W,Nicola Lo Calzo,,Binidittu,,2021,L'Artiere,,Specialist photography publisher backlist: L'Artiere,B,4,Work-level metadata only; verify the exact publisher edition and printing.,,,Medium,https://openlibrary.org/works/OL32125744W,BROAD
openlibrary:OL597271W,Nicolas Faure,,Autoland,,1999,Scalo,,Specialist photography publisher backlist: Scalo,B,4,Work-level metadata only; verify the exact publisher edition and printing.,,,Medium,https://openlibrary.org/works/OL597271W,BROAD
openlibrary:OL36446113W,Nicolas Faure,,Heavenwards - Engel Sind Im Bild,,2015,Steidl,,Specialist photography publisher backlist: Steidl,C,4,Work-level metadata only; verify the exact publisher edition and printing.,,,Medium,https://openlibrary.org/works/OL36446113W,BROAD
openlibrary:OL13490686W,Nicolas Faure,,Switzerland,,1992,Scalo,,Specialist photography publisher backlist: Scalo,B,4,Work-level metadata only; verify the exact publisher edition and printing.,,,Medium,https://openlibrary.org/works/OL13490686W,BROAD
openlibrary:OL597276W,Nicolas Faure,,Von einer Schweiz zur anderen,,1998,Scalo,,Specialist photography publisher backlist: Scalo,B,4,Work-level metadata only; verify the exact publisher edition and printing.,,,Medium,https://openlibrary.org/works/OL597276W,BROAD
openlibrary:OL32602656W,Nicolas Polli,,Ferox,,2018,Skinnerboox,,Specialist photography publisher backlist: Skinnerboox,B,4,Work-level metadata only; verify the exact publisher edition and printing.,,,Medium,https://openlibrary.org/works/OL32602656W,BROAD
openlibrary:OL19922893W,Nigel Cameron,,"The face of China as seen by photographers & travelers, 1860-1912",,1998,Aperture,,Specialist photography publisher backlist: Aperture,C,4,Work-level metadata only; verify the exact publisher edition and printing.,,,Medium,https://openlibrary.org/works/OL19922893W,BROAD
openlibrary:OL22575721W,Nigel Shafran,,Dark Rooms,,2016,MACK,,Specialist photography publisher backlist: MACK,B,4,Work-level metadata only; verify the exact publisher edition and printing.,,,Medium,https://openlibrary.org/works/OL22575721W,BROAD
openlibrary:OL9050958W,Nigel Shafran,,Nigel Shafran,,2004,Steidl,,Specialist photography publisher backlist: Steidl,C,4,Work-level metadata only; verify the exact publisher edition and printing.,,,Medium,https://openlibrary.org/works/OL9050958W,BROAD
openlibrary:OL32610919W,Niklaus Stauss,Barbara Stauss | Zora Del Buono | Hans-Michael Koetzle,Foto,,2018,Edition Patrick Frey,,Specialist photography publisher backlist: Edition Patrick Frey,B,4,Work-level metadata only; verify the exact publisher edition and printing.,,,Medium,https://openlibrary.org/works/OL32610919W,BROAD
openlibrary:OL17549085W,Noah Baumbach,,Frances Ha A Noah Baumbach Picture,,2014,Steidl,,Specialist photography publisher backlist: Steidl,C,4,Work-level metadata only; verify the exact publisher edition and printing.,,,Medium,https://openlibrary.org/works/OL17549085W,BROAD
openlibrary:OL25895634W,Noah Kalina,,Bedmounds,,2019,Yoffy Press,,Specialist photography publisher backlist: Yoffy Press,B,4,Work-level metadata only; verify the exact publisher edition and printing.,,,Medium,https://openlibrary.org/works/OL25895634W,BROAD
openlibrary:OL21204090W,Nobuyoshi Araki,Felix Hoffmann,Araki - Impossible Love,,2019,Steidl,,Specialist photography publisher backlist: Steidl,C,4,Work-level metadata only; verify the exact publisher edition and printing.,,,Medium,https://openlibrary.org/works/OL21204090W,BROAD
openlibrary:OL38672456W,Nobuyoshi Araki,Nan Goldin,Tokyo love,,2003,Scalo,,Specialist photography publisher backlist: Scalo,B,4,Work-level metadata only; verify the exact publisher edition and printing.,,,Medium,https://openlibrary.org/works/OL38672456W,BROAD
openlibrary:OL12548579W,"Noorderlicht Photofestival (11th 2004 Leeuwarden, Netherlands)",,Nazar,,2005,Aperture,,Specialist photography publisher backlist: Aperture,C,4,Work-level metadata only; verify the exact publisher edition and printing.,,,Medium,https://openlibrary.org/works/OL12548579W,BROAD
openlibrary:OL18146567W,Norman Kotker,Susan Jonas | Charles Hagen | Robert Twombly,Ellis Island,,1989,Aperture,,Specialist photography publisher backlist: Aperture,C,4,Work-level metadata only; verify the exact publisher edition and printing.,,,Medium,https://openlibrary.org/works/OL18146567W,BROAD
openlibrary:OL20604570W,Norman Mauskopf,Randall Kenan,A time not here,,1997,Twin Palms,,Specialist photography publisher backlist: Twin Palms,B,4,Work-level metadata only; verify the exact publisher edition and printing.,,,Medium,https://openlibrary.org/works/OL20604570W,BROAD
openlibrary:OL4373869W,Norman Mauskopf,,Dark horses,,1988,Twin Palms,,Specialist photography publisher backlist: Twin Palms,B,4,Work-level metadata only; verify the exact publisher edition and printing.,,,Medium,https://openlibrary.org/works/OL4373869W,BROAD
openlibrary:OL33008255W,Norman Mauskopf,,Descendants,,2010,Twin Palms,,Specialist photography publisher backlist: Twin Palms,B,4,Work-level metadata only; verify the exact publisher edition and printing.,,,Medium,https://openlibrary.org/works/OL33008255W,BROAD
openlibrary:OL3368890W,Nubar Alexanian,,Where music comes from,,1996,Dewi Lewis,,Specialist photography publisher backlist: Dewi Lewis,B,4,Work-level metadata only; verify the exact publisher edition and printing.,,,Medium,https://openlibrary.org/works/OL3368890W,BROAD
openlibrary:OL32542642W,Ofer Wolberger,,Billie,,2017,Skinnerboox,,Specialist photography publisher backlist: Skinnerboox,B,4,Work-level metadata only; verify the exact publisher edition and printing.,,,Medium,https://openlibrary.org/works/OL32542642W,BROAD
openlibrary:OL11639542W,"Ohara,Ken",,Ken Ohara,,2006,Steidl,,Specialist photography publisher backlist: Steidl,C,4,Work-level metadata only; verify the exact publisher edition and printing.,,,Medium,https://openlibrary.org/works/OL11639542W,BROAD
openlibrary:OL5837398W,Okwui Enwezor,,Archive fever,,2008,Steidl,,Specialist photography publisher backlist: Steidl,C,4,Work-level metadata only; verify the exact publisher edition and printing.,,,Medium,https://openlibrary.org/works/OL5837398W,BROAD
openlibrary:OL17456230W,Okwui Enwezor,,Events Of The Self Portraiture And Social Identity Contemporary African Photography From The Walther Collection,,2010,Steidl,,Specialist photography publisher backlist: Steidl,C,4,Work-level metadata only; verify the exact publisher edition and printing.,,,Medium,https://openlibrary.org/works/OL17456230W,BROAD
openlibrary:OL5837404W,Okwui Enwezor,,Snap judgments,,2006,Steidl,,Specialist photography publisher backlist: Steidl,C,4,Work-level metadata only; verify the exact publisher edition and printing.,,,Medium,https://openlibrary.org/works/OL5837404W,BROAD
openlibrary:OL32674036W,Oliver Kruger,,Golden youth,,2015,L'Artiere,,Specialist photography publisher backlist: L'Artiere,B,4,Work-level metadata only; verify the exact publisher edition and printing.,,,Medium,https://openlibrary.org/works/OL32674036W,BROAD
openlibrary:OL32984011W,Oliver Perrottet,,Taxi,,2011,Edition Patrick Frey,,Specialist photography publisher backlist: Edition Patrick Frey,B,4,Work-level metadata only; verify the exact publisher edition and printing.,,,Medium,https://openlibrary.org/works/OL32984011W,BROAD
openlibrary:OL20036469W,Olivia Bee,,Olivia Bee,,2016,Aperture,,Specialist photography publisher backlist: Aperture,C,4,Work-level metadata only; verify the exact publisher edition and printing.,,,Medium,https://openlibrary.org/works/OL20036469W,BROAD
openlibrary:OL17082199W,Olivia Heussler,,The dream of Solentiname,,2009,Edition Patrick Frey,,Specialist photography publisher backlist: Edition Patrick Frey,B,4,Work-level metadata only; verify the exact publisher edition and printing.,,,Medium,https://openlibrary.org/works/OL17082199W,BROAD
openlibrary:OL17082200W,Olivia Heussler,,Zürich Sommer 1980,,2010,Edition Patrick Frey,,Specialist photography publisher backlist: Edition Patrick Frey,B,4,Work-level metadata only; verify the exact publisher edition and printing.,,,Medium,https://openlibrary.org/works/OL17082200W,BROAD
openlibrary:OL13777487W,Olivier Mériel,,Secrets du pays d'Ouche,,2004,Nazraeli Press,,Specialist photography publisher backlist: Nazraeli Press,B,4,Work-level metadata only; verify the exact publisher edition and printing.,,,Medium,https://openlibrary.org/works/OL13777487W,BROAD
openlibrary:OL21113678W,Olivo Barbieri,Francesca Fabiani | Museo nazionale delle arti del XXI secolo (Italy) Staff,Olivo Barbieri,,2013,Aperture,,Specialist photography publisher backlist: Aperture,C,4,Work-level metadata only; verify the exact publisher edition and printing.,,,Medium,https://openlibrary.org/works/OL21113678W,BROAD
openlibrary:OL21871414W,Orhan Pamuk,,Orhan Pamuk,,2020,Steidl,,Specialist photography publisher backlist: Steidl,C,4,Work-level metadata only; verify the exact publisher edition and printing.,,,Medium,https://openlibrary.org/works/OL21871414W,BROAD
openlibrary:OL9057614W,Ornela Vorpsi,,Nothing obvious,,2001,Scalo,,Specialist photography publisher backlist: Scalo,B,4,Work-level metadata only; verify the exact publisher edition and printing.,,,Medium,https://openlibrary.org/works/OL9057614W,BROAD
openlibrary:OL10264415W,Ornella Vorpsi,,Nothing obvious,,2000,Scalo,,Specialist photography publisher backlist: Scalo,B,4,Work-level metadata only; verify the exact publisher edition and printing.,,,Medium,https://openlibrary.org/works/OL10264415W,BROAD
openlibrary:OL21035249W,Orri Jonsson,,Orri,,2013,Steidl,,Specialist photography publisher backlist: Steidl,C,4,Work-level metadata only; verify the exact publisher edition and printing.,,,Medium,https://openlibrary.org/works/OL21035249W,BROAD
openlibrary:OL33076819W,OSTKREUZ,,24h Berlin,,2009,Steidl,,Specialist photography publisher backlist: Steidl,C,4,Work-level metadata only; verify the exact publisher edition and printing.,,,Medium,https://openlibrary.org/works/OL33076819W,BROAD
openlibrary:OL32674629W,Pablo Ortiz Monasterio,,Desaparecen?,,2015,Nazraeli Press,,Specialist photography publisher backlist: Nazraeli Press,B,4,Work-level metadata only; verify the exact publisher edition and printing.,,,Medium,https://openlibrary.org/works/OL32674629W,BROAD
openlibrary:OL21062573W,Pageseverelli Nicolas,Benoit Peverelli | Balthus,Balthus,,2014,Steidl,,Specialist photography publisher backlist: Steidl,C,4,Work-level metadata only; verify the exact publisher edition and printing.,,,Medium,https://openlibrary.org/works/OL21062573W,BROAD
openlibrary:OL35598886W,Palais für Aktuelle Kunst <Glückstadt>,,Stille,,2007,Steidl,,Specialist photography publisher backlist: Steidl,C,4,Work-level metadata only; verify the exact publisher edition and printing.,,,Medium,https://openlibrary.org/works/OL35598886W,BROAD
openlibrary:OL13162211W,Paola Borgonzoni,,The story of photography,,1983,Aperture,,Specialist photography publisher backlist: Aperture,C,4,Work-level metadata only; verify the exact publisher edition and printing.,,,Medium,https://openlibrary.org/works/OL13162211W,BROAD
openlibrary:OL25052470W,Paola De Pietri,Necmi Sönmez | Pier Paolo Pasolini,Istanbul New Stories,,2017,Steidl,,Specialist photography publisher backlist: Steidl,C,4,Work-level metadata only; verify the exact publisher edition and printing.,,,Medium,https://openlibrary.org/works/OL25052470W,BROAD
openlibrary:OL9042363W,Paolo Roversi,,Libretto,,2000,Steidl,,Specialist photography publisher backlist: Steidl,C,4,Work-level metadata only; verify the exact publisher edition and printing.,,,Medium,https://openlibrary.org/works/OL9042363W,BROAD
openlibrary:OL9042364W,Paolo Roversi,,Nudi,,1999,Steidl,,Specialist photography publisher backlist: Steidl,C,4,Work-level metadata only; verify the exact publisher edition and printing.,,,Medium,https://openlibrary.org/works/OL9042364W,BROAD
openlibrary:OL9042366W,Paolo Roversi,,Paolo Roversi,,1999,Steidl,,Specialist photography publisher backlist: Steidl,C,4,Work-level metadata only; verify the exact publisher edition and printing.,,,Medium,https://openlibrary.org/works/OL9042366W,BROAD
openlibrary:OL33074054W,Paolo Roversi,,Studio,,2008,Steidl,,Specialist photography publisher backlist: Steidl,C,4,Work-level metadata only; verify the exact publisher edition and printing.,,,Medium,https://openlibrary.org/works/OL33074054W,BROAD
openlibrary:OL22021445W,Paolo Ventura,Walter Guadagnini,Paolo Ventura,,2009,Aperture,,Specialist photography publisher backlist: Aperture,C,4,Work-level metadata only; verify the exact publisher edition and printing.,,,Medium,https://openlibrary.org/works/OL22021445W,BROAD
openlibrary:OL19726236W,Park Jongwoo,,DMZ,,2017,Steidl,,Specialist photography publisher backlist: Steidl,C,4,Work-level metadata only; verify the exact publisher edition and printing.,,,Medium,https://openlibrary.org/works/OL19726236W,BROAD
openlibrary:OL25005200W,Patrice ChEreau,Erri De Luca | Richard Peduzzi,Perdre la Tête,,2006,Steidl,,Specialist photography publisher backlist: Steidl,C,4,Work-level metadata only; verify the exact publisher edition and printing.,,,Medium,https://openlibrary.org/works/OL25005200W,BROAD
openlibrary:OL9050944W,Patrick James Michel,,Five,,2000,Steidl,,Specialist photography publisher backlist: Steidl,C,4,Work-level metadata only; verify the exact publisher edition and printing.,,,Medium,https://openlibrary.org/works/OL9050944W,BROAD
openlibrary:OL9050926W,Patrick Remy,,Desire,,2000,Steidl,,Specialist photography publisher backlist: Steidl,C,4,Work-level metadata only; verify the exact publisher edition and printing.,,,Medium,https://openlibrary.org/works/OL9050926W,BROAD
openlibrary:OL36445220W,Patrick Remy,Susanne Ricard-Konig | Eko Sato,Strip,,2001,Steidl,,Specialist photography publisher backlist: Steidl,C,4,Work-level metadata only; verify the exact publisher edition and printing.,,,Medium,https://openlibrary.org/works/OL36445220W,BROAD
openlibrary:OL36447017W,Patrick Swirc,,On Her Road,,2009,Steidl,,Specialist photography publisher backlist: Steidl,C,4,Work-level metadata only; verify the exact publisher edition and printing.,,,Medium,https://openlibrary.org/works/OL36447017W,BROAD
openlibrary:OL31671563W,Paul Bowles,Simon Bischoff,Paul Bowles Photographs,,1994,Scalo,,Specialist photography publisher backlist: Scalo,B,4,Work-level metadata only; verify the exact publisher edition and printing.,,,Medium,https://openlibrary.org/works/OL31671563W,BROAD
openlibrary:OL3541519W,Paul Caponigro,,Meditations in silver,,2008,Nazraeli Press,,Specialist photography publisher backlist: Nazraeli Press,B,4,Work-level metadata only; verify the exact publisher edition and printing.,,,Medium,https://openlibrary.org/works/OL3541519W,BROAD
openlibrary:OL3541527W,Paul Caponigro,,Paul Caponigro,,1967,Aperture,,Specialist photography publisher backlist: Aperture,C,4,Work-level metadata only; verify the exact publisher edition and printing.,,,Medium,https://openlibrary.org/works/OL3541527W,BROAD
openlibrary:OL21487874W,Paul Floyd Blake,,Personal Best,,2012,Dewi Lewis,,Specialist photography publisher backlist: Dewi Lewis,B,4,Work-level metadata only; verify the exact publisher edition and printing.,,,Medium,https://openlibrary.org/works/OL21487874W,BROAD
openlibrary:OL21257966W,Paul Graham,David Campany,2012 Hasselblad Award,,2012,MACK,,Specialist photography publisher backlist: MACK,B,4,Work-level metadata only; verify the exact publisher edition and printing.,,,Medium,https://openlibrary.org/works/OL21257966W,BROAD
openlibrary:OL32123179W,Paul Graham,,A1 - The Great North Road,,2020,MACK,,Specialist photography publisher backlist: MACK,B,4,Work-level metadata only; verify the exact publisher edition and printing.,,,Medium,https://openlibrary.org/works/OL32123179W,BROAD
openlibrary:OL24437365W,Paul Graham,,"BUT STILL, IT TURNS",,2021,MACK,,Specialist photography publisher backlist: MACK,B,4,Work-level metadata only; verify the exact publisher edition and printing.,,,Medium,https://openlibrary.org/works/OL24437365W,BROAD
openlibrary:OL20702955W,Paul Graham,,Does yellow run forever?,,2014,MACK,,Specialist photography publisher backlist: MACK,B,4,Work-level metadata only; verify the exact publisher edition and printing.,,,Medium,https://openlibrary.org/works/OL20702955W,BROAD
openlibrary:OL7944697W,Paul Graham,,Empty Heaven,,1995,Scalo,,Specialist photography publisher backlist: Scalo,B,4,Work-level metadata only; verify the exact publisher edition and printing.,,,Medium,https://openlibrary.org/works/OL7944697W,BROAD
openlibrary:OL7944698W,Paul Graham,,End of an Age,,1999,Scalo,,Specialist photography publisher backlist: Scalo,B,4,Work-level metadata only; verify the exact publisher edition and printing.,,,Medium,https://openlibrary.org/works/OL7944698W,BROAD
openlibrary:OL32999899W,Paul Graham,,Films,,2011,MACK,,Specialist photography publisher backlist: MACK,B,4,Work-level metadata only; verify the exact publisher edition and printing.,,,Medium,https://openlibrary.org/works/OL32999899W,BROAD
openlibrary:OL25636883W,Paul Graham,,Mother,,2019,MACK,,Specialist photography publisher backlist: MACK,B,4,Work-level metadata only; verify the exact publisher edition and printing.,,,Medium,https://openlibrary.org/works/OL25636883W,BROAD
openlibrary:OL7944708W,Paul Graham,,Paul Graham,,2003,MACK,,Specialist photography publisher backlist: MACK | Specialist photography publisher backlist: Phaidon | Specialist photography publisher backlist: Steidl,B,4,Work-level metadata only; verify the exact publisher edition and printing.,,,Medium,https://openlibrary.org/works/OL7944708W,BROAD
openlibrary:OL25634103W,Paul Graham,,"Paul Graham - Paris, 11-15th November, 2015",,2016,MACK,,Specialist photography publisher backlist: MACK,B,4,Work-level metadata only; verify the exact publisher edition and printing.,,,Medium,https://openlibrary.org/works/OL25634103W,BROAD
openlibrary:OL25636885W,Paul Graham,,Shimmer of Possibility,,2009,MACK,,Specialist photography publisher backlist: MACK,B,4,Work-level metadata only; verify the exact publisher edition and printing.,,,Medium,https://openlibrary.org/works/OL25636885W,BROAD
openlibrary:OL23229254W,Paul Graham,,The present,,2012,MACK,,Specialist photography publisher backlist: MACK,B,4,Work-level metadata only; verify the exact publisher edition and printing.,,,Medium,https://openlibrary.org/works/OL23229254W,BROAD
openlibrary:OL20018438W,Paul Graham,,The whiteness of the whale,,2015,MACK,,Specialist photography publisher backlist: MACK,B,4,Work-level metadata only; verify the exact publisher edition and printing.,,,Medium,https://openlibrary.org/works/OL20018438W,BROAD
openlibrary:OL31860260W,Paul Graham,,Troubeld land,,2022,MACK,,Specialist photography publisher backlist: MACK,B,4,Work-level metadata only; verify the exact publisher edition and printing.,,,Medium,https://openlibrary.org/works/OL31860260W,BROAD
openlibrary:OL20451314W,Paul Hill,,Corridor of Uncertainty,,2010,Dewi Lewis,,Specialist photography publisher backlist: Dewi Lewis,B,4,Work-level metadata only; verify the exact publisher edition and printing.,,,Medium,https://openlibrary.org/works/OL20451314W,BROAD
openlibrary:OL17401097W,Paul Jasmin,,California Dreaming,,2010,Steidl,,Specialist photography publisher backlist: Steidl,C,4,Work-level metadata only; verify the exact publisher edition and printing.,,,Medium,https://openlibrary.org/works/OL17401097W,BROAD
openlibrary:OL27936578W,Paul Mpagi Sepuya,,Orifice + Aperture,,2022,TBW Books,,Specialist photography publisher backlist: TBW Books,B,4,Work-level metadata only; verify the exact publisher edition and printing.,,,Medium,https://openlibrary.org/works/OL27936578W,BROAD
openlibrary:OL20747115W,Paul Mpagi Sepuya,Evan Moffitt | Wassan Al-Khudhairi | Malik Gaines,Paul Mpagi Sepuya,,2020,Aperture,,Specialist photography publisher backlist: Aperture,C,4,Work-level metadata only; verify the exact publisher edition and printing.,,,Medium,https://openlibrary.org/works/OL20747115W,BROAD
openlibrary:OL8625667W,Paul Mulsoon,,Ireland,,1994,Aperture,,Specialist photography publisher backlist: Aperture,C,4,Work-level metadata only; verify the exact publisher edition and printing.,,,Medium,https://openlibrary.org/works/OL8625667W,BROAD
openlibrary:OL33076198W,Paul Outerbridge,,Paul Outerbridge,,2009,Nazraeli Press,,Specialist photography publisher backlist: Nazraeli Press,B,4,Work-level metadata only; verify the exact publisher edition and printing.,,,Medium,https://openlibrary.org/works/OL33076198W,BROAD
openlibrary:OL21299155W,Paul Reas,,Paul Reas,,2016,GOST,,Specialist photography publisher backlist: GOST,B,4,Work-level metadata only; verify the exact publisher edition and printing.,,,Medium,https://openlibrary.org/works/OL21299155W,BROAD
openlibrary:OL17434016W,Paul Roth,,Gordon Parks,,2013,Steidl,,Specialist photography publisher backlist: Steidl,C,4,Work-level metadata only; verify the exact publisher edition and printing.,,,Medium,https://openlibrary.org/works/OL17434016W,BROAD
openlibrary:OL8396769W,Paul Shambroom,,Meetings,,2004,Chris Boot,,Specialist photography publisher backlist: Chris Boot,B,4,Work-level metadata only; verify the exact publisher edition and printing.,,,Medium,https://openlibrary.org/works/OL8396769W,BROAD
openlibrary:OL4346362W,Paul Strand,,Ghana,,1976,Aperture,,Specialist photography publisher backlist: Aperture,C,4,Work-level metadata only; verify the exact publisher edition and printing.,,,Medium,https://openlibrary.org/works/OL4346362W,BROAD
openlibrary:OL4346364W,Paul Strand,Gerald P. Peters,Paul Strand,,1945,Aperture,,Specialist photography publisher backlist: Aperture,C,4,Work-level metadata only; verify the exact publisher edition and printing.,,,Medium,https://openlibrary.org/works/OL4346364W,BROAD
openlibrary:OL4346346W,Paul Strand,,Paul Strand: a retrospective monograph,,1972,Aperture,,Specialist photography publisher backlist: Aperture,C,4,Work-level metadata only; verify the exact publisher edition and printing.,,,Medium,https://openlibrary.org/works/OL4346346W,BROAD
openlibrary:OL4346345W,Paul Strand,,"Paul Strand (Aperture Masters of Photography Series, Number One)",,1987,Aperture,,Specialist photography publisher backlist: Aperture,C,4,Work-level metadata only; verify the exact publisher edition and printing.,,,Medium,https://openlibrary.org/works/OL4346345W,BROAD
openlibrary:OL4346350W,Paul Strand,,Paul Strand Sixty Years of Photographs,,1976,Aperture,,Specialist photography publisher backlist: Aperture,C,4,Work-level metadata only; verify the exact publisher edition and printing.,,,Medium,https://openlibrary.org/works/OL4346350W,BROAD
openlibrary:OL4346351W,Paul Strand,Rebecca Busselle | Trudy Wilner Stack,"Paul Strand, Southwest",,2004,Aperture,,Specialist photography publisher backlist: Aperture,C,4,Work-level metadata only; verify the exact publisher edition and printing.,,,Medium,https://openlibrary.org/works/OL4346351W,BROAD
openlibrary:OL4346359W,Paul Strand,,Time in New England,,1950,Aperture,,Specialist photography publisher backlist: Aperture,C,4,Work-level metadata only; verify the exact publisher edition and printing.,,,Medium,https://openlibrary.org/works/OL4346359W,BROAD
openlibrary:OL4346363W,Paul Strand,,Tir a'mhurain,,1962,Aperture,,Specialist photography publisher backlist: Aperture,C,4,Work-level metadata only; verify the exact publisher edition and printing.,,,Medium,https://openlibrary.org/works/OL4346363W,BROAD
openlibrary:OL4346355W,Paul Strand,,Toward a deeper understanding,,2007,Steidl,,Specialist photography publisher backlist: Steidl,C,4,Work-level metadata only; verify the exact publisher edition and printing.,,,Medium,https://openlibrary.org/works/OL4346355W,BROAD
openlibrary:OL25005631W,Paulo Nozolino,Rui Baião,Bone Lonely,,2011,Steidl,,Specialist photography publisher backlist: Steidl,C,4,Work-level metadata only; verify the exact publisher edition and printing.,,,Medium,https://openlibrary.org/works/OL25005631W,BROAD
openlibrary:OL2400450W,Pedro Meyer,,Truths & fictions,,1995,Aperture,,Specialist photography publisher backlist: Aperture,C,4,Work-level metadata only; verify the exact publisher edition and printing.,,,Medium,https://openlibrary.org/works/OL2400450W,BROAD
openlibrary:OL35948899W,Peggy Nolan,Rebecca Bengal,Juggling Is Easy (Second Edition),,2023,TBW Books,,Specialist photography publisher backlist: TBW Books,B,4,Work-level metadata only; verify the exact publisher edition and printing.,,,Medium,https://openlibrary.org/works/OL35948899W,BROAD
openlibrary:OL18871155W,Peggy Roalf,,Dark days,,1997,Aperture,,Specialist photography publisher backlist: Aperture,C,4,Work-level metadata only; verify the exact publisher edition and printing.,,,Medium,https://openlibrary.org/works/OL18871155W,BROAD
openlibrary:OL9050933W,Peggy Sirota,,Guess who,,2000,Steidl,,Specialist photography publisher backlist: Steidl,C,4,Work-level metadata only; verify the exact publisher edition and printing.,,,Medium,https://openlibrary.org/works/OL9050933W,BROAD
openlibrary:OL9050934W,Peggy Sirota,,Peggy Sirota,,2000,Steidl,,Specialist photography publisher backlist: Steidl,C,4,Work-level metadata only; verify the exact publisher edition and printing.,,,Medium,https://openlibrary.org/works/OL9050934W,BROAD
openlibrary:OL17525450W,Penelope Umbrico,,Penelope Umbrico Photographs,,2011,Aperture,,Specialist photography publisher backlist: Aperture,C,4,Work-level metadata only; verify the exact publisher edition and printing.,,,Medium,https://openlibrary.org/works/OL17525450W,BROAD
openlibrary:OL25878432W,Penelope Umbrico,,Trace,,2018,Yoffy Press,,Specialist photography publisher backlist: Yoffy Press,B,4,Work-level metadata only; verify the exact publisher edition and printing.,,,Medium,https://openlibrary.org/works/OL25878432W,BROAD
openlibrary:OL2041436W,Perry Ogden,,Pony kids,,1999,Aperture,,Specialist photography publisher backlist: Aperture,C,4,Work-level metadata only; verify the exact publisher edition and printing.,,,Medium,https://openlibrary.org/works/OL2041436W,BROAD
openlibrary:OL4298628W,Peter C. Bunnell,,Inside the Photograph,,2006,Aperture,,Specialist photography publisher backlist: Aperture,C,4,Work-level metadata only; verify the exact publisher edition and printing.,,,Medium,https://openlibrary.org/works/OL4298628W,BROAD
openlibrary:OL27065436W,Peter C. Bunnell,Malcolm Daniel,Peter C. Bunnell : Inside the Photograph,,2009,Aperture,,Specialist photography publisher backlist: Aperture,C,4,Work-level metadata only; verify the exact publisher edition and printing.,,,Medium,https://openlibrary.org/works/OL27065436W,BROAD
openlibrary:OL3342950W,Peter C. Jones,,Sweep Out Cottage,,2006,Nazraeli Press,,Specialist photography publisher backlist: Nazraeli Press,B,4,Work-level metadata only; verify the exact publisher edition and printing.,,,Medium,https://openlibrary.org/works/OL3342950W,BROAD
openlibrary:OL3257247W,Peter Fischli,,"Siedlungen, Agglomeration",,1993,Edition Patrick Frey,,Specialist photography publisher backlist: Edition Patrick Frey,B,4,Work-level metadata only; verify the exact publisher edition and printing.,,,Medium,https://openlibrary.org/works/OL3257247W,BROAD
openlibrary:OL6063937W,Peter Friedl,,Peter Friedl,,2001,Steidl,,Specialist photography publisher backlist: Steidl,C,4,Work-level metadata only; verify the exact publisher edition and printing.,,,Medium,https://openlibrary.org/works/OL6063937W,BROAD
openlibrary:OL38381597W,Peter Funch,,42nd and Vanderbilt (second Edition),,2024,TBW Books,,Specialist photography publisher backlist: TBW Books,B,4,Work-level metadata only; verify the exact publisher edition and printing.,,,Medium,https://openlibrary.org/works/OL38381597W,BROAD
openlibrary:OL12023495W,Peter Hendricks,,Good copy,,2001,Steidl,,Specialist photography publisher backlist: Steidl,C,4,Work-level metadata only; verify the exact publisher edition and printing.,,,Medium,https://openlibrary.org/works/OL12023495W,BROAD
openlibrary:OL2394690W,Peter Hujar,,Peter Hujar,,1990,Twin Palms,,Specialist photography publisher backlist: Twin Palms | Specialist photography publisher backlist: Scalo | Specialist photography publisher backlist: Steidl,B,4,Work-level metadata only; verify the exact publisher edition and printing.,,,Medium,https://openlibrary.org/works/OL2394690W,BROAD
openlibrary:OL21031727W,Peter MacGill,Gerhard Steidl | Alexander Rodchenko,Rodchenko,,2012,Steidl,,Specialist photography publisher backlist: Steidl,C,4,Work-level metadata only; verify the exact publisher edition and printing.,,,Medium,https://openlibrary.org/works/OL21031727W,BROAD
openlibrary:OL8954180W,Peter Mesenholler,,Augustus F. Sherman,,2005,Aperture,,Specialist photography publisher backlist: Aperture,C,4,Work-level metadata only; verify the exact publisher edition and printing.,,,Medium,https://openlibrary.org/works/OL8954180W,BROAD
openlibrary:OL28456123W,Peter Mitchell,,Strangely Familiar,,2013,Nazraeli Press,,Specialist photography publisher backlist: Nazraeli Press,B,4,Work-level metadata only; verify the exact publisher edition and printing.,,,Medium,https://openlibrary.org/works/OL28456123W,BROAD
openlibrary:OL20914665W,Péter Nádas,,Der eigene Tod,,2002,Steidl,,Specialist photography publisher backlist: Steidl,C,4,Work-level metadata only; verify the exact publisher edition and printing.,,,Medium,https://openlibrary.org/works/OL20914665W,BROAD
openlibrary:OL38407465W,Péter Nádas,,Etwas Licht,,1999,Steidl,,Specialist photography publisher backlist: Steidl,C,4,Work-level metadata only; verify the exact publisher edition and printing.,,,Medium,https://openlibrary.org/works/OL38407465W,BROAD
openlibrary:OL25003852W,Péter Nádas,,Own Death,,2004,Steidl,,Specialist photography publisher backlist: Steidl,C,4,Work-level metadata only; verify the exact publisher edition and printing.,,,Medium,https://openlibrary.org/works/OL25003852W,BROAD
openlibrary:OL33106282W,Peter Regli,,Reality hacking 256 - 001,,2007,Edition Patrick Frey,,Specialist photography publisher backlist: Edition Patrick Frey,B,4,Work-level metadata only; verify the exact publisher edition and printing.,,,Medium,https://openlibrary.org/works/OL33106282W,BROAD
openlibrary:OL32335492W,Peter Watkins,,Peter Watkins,,2019,Skinnerboox,,Specialist photography publisher backlist: Skinnerboox,B,4,Work-level metadata only; verify the exact publisher edition and printing.,,,Medium,https://openlibrary.org/works/OL32335492W,BROAD
openlibrary:OL22646503W,Peter Wegner,,Buildings made of sky,,2009,Nazraeli Press,,Specialist photography publisher backlist: Nazraeli Press,B,4,Work-level metadata only; verify the exact publisher edition and printing.,,,Medium,https://openlibrary.org/works/OL22646503W,BROAD
openlibrary:OL6591262W,Philadelphia Museum of Art. Alfred Stieglitz Center,,French primitive photography,,1970,Aperture,,Specialist photography publisher backlist: Aperture,C,4,Work-level metadata only; verify the exact publisher edition and printing.,,,Medium,https://openlibrary.org/works/OL6591262W,BROAD
openlibrary:OL19099031W,Philip Brookman,Marta Braun | Corey Keller | Rebecca Solnit,Helios: Eadweard Muybridge in a Time of Change,,2010,Steidl,,Specialist photography publisher backlist: Steidl,C,4,Work-level metadata only; verify the exact publisher edition and printing.,,,Medium,https://openlibrary.org/works/OL19099031W,BROAD
openlibrary:OL13357917W,Philip Gefter,,Photography after Frank,,2009,Aperture,,Specialist photography publisher backlist: Aperture,C,4,Work-level metadata only; verify the exact publisher edition and printing.,,,Medium,https://openlibrary.org/works/OL13357917W,BROAD
openlibrary:OL3373604W,Philip Jones Griffiths,,Dark odyssey,,1996,Aperture,,Specialist photography publisher backlist: Aperture,C,4,Work-level metadata only; verify the exact publisher edition and printing.,,,Medium,https://openlibrary.org/works/OL3373604W,BROAD
openlibrary:OL2155288W,Philip-Lorca DiCorcia,,A storybook life,,2003,Twin Palms,,Specialist photography publisher backlist: Twin Palms,B,4,Work-level metadata only; verify the exact publisher edition and printing.,,,Medium,https://openlibrary.org/works/OL2155288W,BROAD
openlibrary:OL2155283W,Philip-Lorca DiCorcia,,Heads,,2001,Steidl,,Specialist photography publisher backlist: Steidl,C,4,Work-level metadata only; verify the exact publisher edition and printing.,,,Medium,https://openlibrary.org/works/OL2155283W,BROAD
openlibrary:OL21053714W,Philip-Lorca diCorcia,,Hustlers,,2013,Steidl,,Specialist photography publisher backlist: Steidl,C,4,Work-level metadata only; verify the exact publisher edition and printing.,,,Medium,https://openlibrary.org/works/OL21053714W,BROAD
openlibrary:OL2155286W,Philip-Lorca DiCorcia,,Thousand,,2007,Steidl,,Specialist photography publisher backlist: Steidl,C,4,Work-level metadata only; verify the exact publisher edition and printing.,,,Medium,https://openlibrary.org/works/OL2155286W,BROAD
openlibrary:OL25797842W,Philip Montgomery,Patrick Radden Keefe | Jelani Cobb,Philip Montgomery,,2021,Aperture,,Specialist photography publisher backlist: Aperture,C,4,Work-level metadata only; verify the exact publisher edition and printing.,,,Medium,https://openlibrary.org/works/OL25797842W,BROAD
openlibrary:OL536988W,Philip Trager,,Faces,,2005,Steidl,,Specialist photography publisher backlist: Steidl,C,4,Work-level metadata only; verify the exact publisher edition and printing.,,,Medium,https://openlibrary.org/works/OL536988W,BROAD
openlibrary:OL536994W,Philip Trager,,Philip Trager,,2006,Steidl,,Specialist photography publisher backlist: Steidl,C,4,Work-level metadata only; verify the exact publisher edition and printing.,,,Medium,https://openlibrary.org/works/OL536994W,BROAD
openlibrary:OL2695450W,Philipp Keel,,Philipp Keel,,2004,Steidl,,Specialist photography publisher backlist: Steidl,C,4,Work-level metadata only; verify the exact publisher edition and printing.,,,Medium,https://openlibrary.org/works/OL2695450W,BROAD
openlibrary:OL21088395W,Philipp Keel,Tobia Bezzola,Splash,,2015,Steidl,,Specialist photography publisher backlist: Steidl,C,4,Work-level metadata only; verify the exact publisher edition and printing.,,,Medium,https://openlibrary.org/works/OL21088395W,BROAD
openlibrary:OL33012424W,Philippe Garner,,Antonioni's Blow-up,,2010,Steidl,,Specialist photography publisher backlist: Steidl,C,4,Work-level metadata only; verify the exact publisher edition and printing.,,,Medium,https://openlibrary.org/works/OL33012424W,BROAD
openlibrary:OL16520799W,Phillip Toledano,,A new kind of beauty,,2011,Dewi Lewis,,Specialist photography publisher backlist: Dewi Lewis,B,4,Work-level metadata only; verify the exact publisher edition and printing.,,,Medium,https://openlibrary.org/works/OL16520799W,BROAD
openlibrary:OL8954432W,Phillip Toledano,,Bankrupt,,2004,Twin Palms,,Specialist photography publisher backlist: Twin Palms,B,4,Work-level metadata only; verify the exact publisher edition and printing.,,,Medium,https://openlibrary.org/works/OL8954432W,BROAD
openlibrary:OL23119318W,Phillip Toledano,,Phone sex,,2008,Twin Palms,,Specialist photography publisher backlist: Twin Palms,B,4,Work-level metadata only; verify the exact publisher edition and printing.,,,Medium,https://openlibrary.org/works/OL23119318W,BROAD
openlibrary:OL17414715W,Phillip Toledano,,Reluctant Father,,2013,Dewi Lewis,,Specialist photography publisher backlist: Dewi Lewis,B,4,Work-level metadata only; verify the exact publisher edition and printing.,,,Medium,https://openlibrary.org/works/OL17414715W,BROAD
openlibrary:OL24152519W,Phoebe Kiely,,They Were My Landscape,,2018,MACK,,Specialist photography publisher backlist: MACK,B,4,Work-level metadata only; verify the exact publisher edition and printing.,,,Medium,https://openlibrary.org/works/OL24152519W,BROAD
openlibrary:OL22446231W,Phyllis Galembo,Chika Okeke-Agulu,Phyllis Galembo,,2016,Aperture,,Specialist photography publisher backlist: Aperture,C,4,Work-level metadata only; verify the exact publisher edition and printing.,,,Medium,https://openlibrary.org/works/OL22446231W,BROAD
openlibrary:OL32360611W,Piergiorgio Casotti,,Index G,,2018,Skinnerboox,,Specialist photography publisher backlist: Skinnerboox,B,4,Work-level metadata only; verify the exact publisher edition and printing.,,,Medium,https://openlibrary.org/works/OL32360611W,BROAD
openlibrary:OL32611581W,Piero Percoco,,The rainbow is underestimated,,2019,Skinnerboox,,Specialist photography publisher backlist: Skinnerboox,B,4,Work-level metadata only; verify the exact publisher edition and printing.,,,Medium,https://openlibrary.org/works/OL32611581W,BROAD
openlibrary:OL19731706W,Pieter Hugo,,Pieter Hugo,,2014,Aperture,,Specialist photography publisher backlist: Aperture,C,4,Work-level metadata only; verify the exact publisher edition and printing.,,,Medium,https://openlibrary.org/works/OL19731706W,BROAD
openlibrary:OL12343680M,Pietro Mattioli,Martin Jaeggi,"Pietro Mattioli, 1977",,2005,Scalo,,Specialist photography publisher backlist: Scalo,B,4,Work-level metadata only; verify the exact publisher edition and printing.,,,Medium,https://openlibrary.org/works/OL12343680M,BROAD
openlibrary:OL18489800W,Pirkle Jones,Tim B. Wride,Pirkle Jones,,2001,Aperture,,Specialist photography publisher backlist: Aperture,C,4,Work-level metadata only; verify the exact publisher edition and printing.,,,Medium,https://openlibrary.org/works/OL18489800W,BROAD
openlibrary:OL19947989W,Polly Braden,,China between,,2010,Dewi Lewis,,Specialist photography publisher backlist: Dewi Lewis,B,4,Work-level metadata only; verify the exact publisher edition and printing.,,,Medium,https://openlibrary.org/works/OL19947989W,BROAD
openlibrary:OL2390898W,"Pratt, Charles.",,"Charles Pratt, photographs",,1982,Aperture,,Specialist photography publisher backlist: Aperture,C,4,Work-level metadata only; verify the exact publisher edition and printing.,,,Medium,https://openlibrary.org/works/OL2390898W,BROAD
openlibrary:OL13596150W,Pu-mun Kwŏn,,Boo Moon,,1999,Nazraeli Press,,Specialist photography publisher backlist: Nazraeli Press,B,4,Work-level metadata only; verify the exact publisher edition and printing.,,,Medium,https://openlibrary.org/works/OL13596150W,BROAD
openlibrary:OL13596151W,Pu-mun Kwŏn,,Stargazing at Sokcho,,2006,Nazraeli Press,,Specialist photography publisher backlist: Nazraeli Press,B,4,Work-level metadata only; verify the exact publisher edition and printing.,,,Medium,https://openlibrary.org/works/OL13596151W,BROAD
openlibrary:OL15004541W,Quentin Bajac,,Magnum Photos,,2006,Steidl,,Specialist photography publisher backlist: Steidl,C,4,Work-level metadata only; verify the exact publisher edition and printing.,,,Medium,https://openlibrary.org/works/OL15004541W,BROAD
openlibrary:OL28776855W,R. H. Cravens,,Brett Weston,,1980,Aperture,,Specialist photography publisher backlist: Aperture,C,4,Work-level metadata only; verify the exact publisher edition and printing.,,,Medium,https://openlibrary.org/works/OL28776855W,BROAD
openlibrary:OL28810464W,R.H. Cravens,Madonna | Arthur Coleman Danto,Photography Past Forward,,2005,Aperture,,Specialist photography publisher backlist: Aperture,C,4,Work-level metadata only; verify the exact publisher edition and printing.,,,Medium,https://openlibrary.org/works/OL28810464W,BROAD
openlibrary:OL606253W,Raghubir Singh,,Bombay,,1994,Aperture,,Specialist photography publisher backlist: Aperture,C,4,Work-level metadata only; verify the exact publisher edition and printing.,,,Medium,https://openlibrary.org/works/OL606253W,BROAD
openlibrary:OL36447262W,Raghubir Singh,Dayanita Singh | Deepak Ananth,Home and the World,,2009,Steidl,,Specialist photography publisher backlist: Steidl,C,4,Work-level metadata only; verify the exact publisher edition and printing.,,,Medium,https://openlibrary.org/works/OL36447262W,BROAD
openlibrary:OL606260W,Raghubir Singh,,The Ganges,,1992,Aperture,,Specialist photography publisher backlist: Aperture | Specialist photography publisher backlist: Thames & Hudson,C,4,Work-level metadata only; verify the exact publisher edition and printing.,,,Medium,https://openlibrary.org/works/OL606260W,BROAD
openlibrary:OL18630818W,Raimond Wouda,,School,,2009,Nazraeli Press,,Specialist photography publisher backlist: Nazraeli Press,B,4,Work-level metadata only; verify the exact publisher edition and printing.,,,Medium,https://openlibrary.org/works/OL18630818W,BROAD
openlibrary:OL2361895W,Ralph Eugene Meatyard,,Ralph Eugene Meatyard,,1970,Aperture,,Specialist photography publisher backlist: Aperture | Specialist photography publisher backlist: Steidl,C,4,Work-level metadata only; verify the exact publisher edition and printing.,,,Medium,https://openlibrary.org/works/OL2361895W,BROAD
openlibrary:OL33207124W,Ralph Gibson,,Refractions,,2005,Steidl,,Specialist photography publisher backlist: Steidl,C,4,Work-level metadata only; verify the exact publisher edition and printing.,,,Medium,https://openlibrary.org/works/OL33207124W,BROAD
openlibrary:OL20561390W,Ramon Pez,,The Hunt,,2018,Dewi Lewis,,Specialist photography publisher backlist: Dewi Lewis,B,4,Work-level metadata only; verify the exact publisher edition and printing.,,,Medium,https://openlibrary.org/works/OL20561390W,BROAD
openlibrary:OL6097435W,Randal Levenson,Spalding Gray | Levenson Gray,In search of the Monkey Girl,,1982,Aperture,,Specialist photography publisher backlist: Aperture,C,4,Work-level metadata only; verify the exact publisher edition and printing.,,,Medium,https://openlibrary.org/works/OL6097435W,BROAD
openlibrary:OL6554065W,Ray K. Metzker,Laurence Miller,Ray K. Metzker,,1999,Aperture,,Specialist photography publisher backlist: Aperture | Specialist photography publisher backlist: Steidl,C,4,Work-level metadata only; verify the exact publisher edition and printing.,,,Medium,https://openlibrary.org/works/OL6554065W,BROAD
openlibrary:OL6554064W,Ray K. Metzker,,Sand creatures,,1979,Aperture,,Specialist photography publisher backlist: Aperture,C,4,Work-level metadata only; verify the exact publisher edition and printing.,,,Medium,https://openlibrary.org/works/OL6554064W,BROAD
openlibrary:OL9594979W,Ray Metzker,,Aperture Issue 92 (Fine Photography Series),,1984,Aperture,,Specialist photography publisher backlist: Aperture,C,4,Work-level metadata only; verify the exact publisher edition and printing.,,,Medium,https://openlibrary.org/works/OL9594979W,BROAD
openlibrary:OL2289559W,Raymond Depardon,,Aperture,,1982,Aperture,,Specialist photography publisher backlist: Aperture,C,4,Work-level metadata only; verify the exact publisher edition and printing.,,,Medium,https://openlibrary.org/works/OL2289559W,BROAD
openlibrary:OL21045577W,Raymond Depardon,,Manicomio,,2014,Steidl,,Specialist photography publisher backlist: Steidl,C,4,Work-level metadata only; verify the exact publisher edition and printing.,,,Medium,https://openlibrary.org/works/OL21045577W,BROAD
openlibrary:OL21290235W,Raymond Depardon,,Raymond Depardon,,2004,Steidl,,Specialist photography publisher backlist: Steidl,C,4,Work-level metadata only; verify the exact publisher edition and printing.,,,Medium,https://openlibrary.org/works/OL21290235W,BROAD
openlibrary:OL32074494W,Raymond Meeks,,Ciprian honey cathedral,,2020,MACK,,Specialist photography publisher backlist: MACK,B,4,Work-level metadata only; verify the exact publisher edition and printing.,,,Medium,https://openlibrary.org/works/OL32074494W,BROAD
openlibrary:OL33281329W,Raymond Meeks,,Doctrine of an axe,,2009,Nazraeli Press,,Specialist photography publisher backlist: Nazraeli Press,B,4,Work-level metadata only; verify the exact publisher edition and printing.,,,Medium,https://openlibrary.org/works/OL33281329W,BROAD
openlibrary:OL43903079W,Raymond Meeks,Paul Schiek | TBW Books,Raymond Meeks,,2013,TBW Books,,Specialist photography publisher backlist: TBW Books,B,4,Work-level metadata only; verify the exact publisher edition and printing.,,,Medium,https://openlibrary.org/works/OL43903079W,BROAD
openlibrary:OL32026203W,Raymond Meeks,,Somersault,,2021,MACK,,Specialist photography publisher backlist: MACK,B,4,Work-level metadata only; verify the exact publisher edition and printing.,,,Medium,https://openlibrary.org/works/OL32026203W,BROAD
openlibrary:OL4461948W,Rebecca Busselle,,Aperture 125: The Encompassing Eye,,1991,Aperture,,Specialist photography publisher backlist: Aperture,C,4,Work-level metadata only; verify the exact publisher edition and printing.,,,Medium,https://openlibrary.org/works/OL4461948W,BROAD
openlibrary:OL9873103W,Reggie Tucker,,A Seeing the Hours,,1998,Dewi Lewis,,Specialist photography publisher backlist: Dewi Lewis,B,4,Work-level metadata only; verify the exact publisher edition and printing.,,,Medium,https://openlibrary.org/works/OL9873103W,BROAD
openlibrary:OL17860103W,Reinier Gerritsen,,The Last Book,,2014,Aperture,,Specialist photography publisher backlist: Aperture,C,4,Work-level metadata only; verify the exact publisher edition and printing.,,,Medium,https://openlibrary.org/works/OL17860103W,BROAD
openlibrary:OL32833593W,Renate von Mangoldt,,Autoren,,2013,Steidl,,Specialist photography publisher backlist: Steidl,C,4,Work-level metadata only; verify the exact publisher edition and printing.,,,Medium,https://openlibrary.org/works/OL32833593W,BROAD
openlibrary:OL16687493W,Renate von Mangoldt,,Nachtrag zur S-Bahn,,2010,Steidl,,Specialist photography publisher backlist: Steidl,C,4,Work-level metadata only; verify the exact publisher edition and printing.,,,Medium,https://openlibrary.org/works/OL16687493W,BROAD
openlibrary:OL20262379W,René Burri,,Mouvement,,2015,Steidl,,Specialist photography publisher backlist: Steidl,C,4,Work-level metadata only; verify the exact publisher edition and printing.,,,Medium,https://openlibrary.org/works/OL20262379W,BROAD
openlibrary:OL3076886W,Renzo Piano,,FotoPiano,,1997,Dewi Lewis,,Specialist photography publisher backlist: Dewi Lewis,B,4,Work-level metadata only; verify the exact publisher edition and printing.,,,Medium,https://openlibrary.org/works/OL3076886W,BROAD
openlibrary:OL25632448W,Ricardo Cases,Antonio M. Xoubanova,Porque de Las Naranjas,,2014,MACK,,Specialist photography publisher backlist: MACK,B,4,Work-level metadata only; verify the exact publisher edition and printing.,,,Medium,https://openlibrary.org/works/OL25632448W,BROAD
openlibrary:OL32736614W,Riccardo Venturi,,Haiti aftermath,,2015,Dewi Lewis,,Specialist photography publisher backlist: Dewi Lewis,B,4,Work-level metadata only; verify the exact publisher edition and printing.,,,Medium,https://openlibrary.org/works/OL32736614W,BROAD
openlibrary:OL7210497W,Richard Benson,,Lee Friedlander,,2003,Steidl,,Specialist photography publisher backlist: Steidl,C,4,Work-level metadata only; verify the exact publisher edition and printing.,,,Medium,https://openlibrary.org/works/OL7210497W,BROAD
openlibrary:OL12774734W,Richard Billingham,Richard Billingham | Sacha Craddock,Landscapes,,2008,Dewi Lewis,,Specialist photography publisher backlist: Dewi Lewis,B,4,Work-level metadata only; verify the exact publisher edition and printing.,,,Medium,https://openlibrary.org/works/OL12774734W,BROAD
openlibrary:OL12774735W,Richard Billingham,Richard Billingham | Phyllis Rosenzweig,Ray's a laugh,,2000,Scalo,,Specialist photography publisher backlist: Scalo,B,4,Work-level metadata only; verify the exact publisher edition and printing.,,,Medium,https://openlibrary.org/works/OL12774735W,BROAD
openlibrary:OL17484164W,Richard Collasse,,Women Femmes,,2010,Steidl,,Specialist photography publisher backlist: Steidl,C,4,Work-level metadata only; verify the exact publisher edition and printing.,,,Medium,https://openlibrary.org/works/OL17484164W,BROAD
openlibrary:OL18599276W,Richard Ehrlich,,Anatomia digitale,,2009,Nazraeli Press,,Specialist photography publisher backlist: Nazraeli Press,B,4,Work-level metadata only; verify the exact publisher edition and printing.,,,Medium,https://openlibrary.org/works/OL18599276W,BROAD
openlibrary:OL21110916W,Richard Ehrlich,Manfred Heiting | Daniel J. Levitin | Joel Selvin,Face the Music,,2015,Steidl,,Specialist photography publisher backlist: Steidl,C,4,Work-level metadata only; verify the exact publisher edition and printing.,,,Medium,https://openlibrary.org/works/OL21110916W,BROAD
openlibrary:OL13652667W,Richard Ehrlich,,Namibia,,2007,Nazraeli Press,,Specialist photography publisher backlist: Nazraeli Press,B,4,Work-level metadata only; verify the exact publisher edition and printing.,,,Medium,https://openlibrary.org/works/OL13652667W,BROAD
openlibrary:OL6692223W,Richard H. Cravens,R.H. Cravens | Madonna | Arthur Coleman Danto,Photography past forward,,2002,Aperture,,Specialist photography publisher backlist: Aperture,C,4,Work-level metadata only; verify the exact publisher edition and printing.,,,Medium,https://openlibrary.org/works/OL6692223W,BROAD
openlibrary:OL16709466W,Richard Howard,Stephen Barker,Nightswimming,,2000,Twin Palms,,Specialist photography publisher backlist: Twin Palms,B,4,Work-level metadata only; verify the exact publisher edition and printing.,,,Medium,https://openlibrary.org/works/OL16709466W,BROAD
openlibrary:OL17435592W,Richard Misrach,,Destroy This Memory,,2010,Aperture,,Specialist photography publisher backlist: Aperture,C,4,Work-level metadata only; verify the exact publisher edition and printing.,,,Medium,https://openlibrary.org/works/OL17435592W,BROAD
openlibrary:OL4325586W,Richard Misrach,T. J. Clark | Richard Walker,Golden gate,,2001,Aperture,,Specialist photography publisher backlist: Aperture,C,4,Work-level metadata only; verify the exact publisher edition and printing.,,,Medium,https://openlibrary.org/works/OL4325586W,BROAD
openlibrary:OL4325587W,Richard Misrach,,On the beach,,2007,Aperture,,Specialist photography publisher backlist: Aperture,C,4,Work-level metadata only; verify the exact publisher edition and printing.,,,Medium,https://openlibrary.org/works/OL4325587W,BROAD
openlibrary:OL26316377W,Richard Misrach,Kate Orff,Petrochemical America,,2014,Aperture,,Specialist photography publisher backlist: Aperture,C,4,Work-level metadata only; verify the exact publisher edition and printing.,,,Medium,https://openlibrary.org/works/OL26316377W,BROAD
openlibrary:OL20747109W,Richard Misrach,Lucas Foglia | Meghann Riepenhoff,Richard Misrach,,2010,Aperture,,Specialist photography publisher backlist: Aperture,C,4,Work-level metadata only; verify the exact publisher edition and printing.,,,Medium,https://openlibrary.org/works/OL20747109W,BROAD
openlibrary:OL20007098W,Richard Misrach,,The mysterious opacity of other beings,,2015,Aperture,,Specialist photography publisher backlist: Aperture,C,4,Work-level metadata only; verify the exact publisher edition and printing.,,,Medium,https://openlibrary.org/works/OL20007098W,BROAD
openlibrary:OL4325585W,Richard Misrach,,Violent legacies,,1992,Aperture,,Specialist photography publisher backlist: Aperture | Specialist photography publisher backlist: Cornerhouse,C,4,Work-level metadata only; verify the exact publisher edition and printing.,,,Medium,https://openlibrary.org/works/OL4325585W,BROAD
openlibrary:OL25636727W,Richard Mosse,,Castle,,2018,MACK,,Specialist photography publisher backlist: MACK,B,4,Work-level metadata only; verify the exact publisher edition and printing.,,,Medium,https://openlibrary.org/works/OL25636727W,BROAD
openlibrary:OL27074931W,Richard Mosse,Jason Stearns,Richard Mosse,,2013,Aperture,,Specialist photography publisher backlist: Aperture,C,4,Work-level metadata only; verify the exact publisher edition and printing.,,,Medium,https://openlibrary.org/works/OL27074931W,BROAD
openlibrary:OL2443182W,Richard Prince,,Adult Comedy Action Drama,,1995,Scalo,,Specialist photography publisher backlist: Scalo,B,4,Work-level metadata only; verify the exact publisher edition and printing.,,,Medium,https://openlibrary.org/works/OL2443182W,BROAD
openlibrary:OL2443204W,Richard Prince,,Spiritual America,,1989,Aperture,,Specialist photography publisher backlist: Aperture,C,4,Work-level metadata only; verify the exact publisher edition and printing.,,,Medium,https://openlibrary.org/works/OL2443204W,BROAD
openlibrary:OL3657444W,Richard Renaldi,,Richard Renaldi,,2006,Aperture,,Specialist photography publisher backlist: Aperture,C,4,Work-level metadata only; verify the exact publisher edition and printing.,,,Medium,https://openlibrary.org/works/OL3657444W,BROAD
openlibrary:OL19980692W,Richard Renaldi,,Touching strangers,,2014,Aperture,,Specialist photography publisher backlist: Aperture,C,4,Work-level metadata only; verify the exact publisher edition and printing.,,,Medium,https://openlibrary.org/works/OL19980692W,BROAD
openlibrary:OL16532870W,Richard Rothman,,Redwood saw,,2011,Nazraeli Press,,Specialist photography publisher backlist: Nazraeli Press,B,4,Work-level metadata only; verify the exact publisher edition and printing.,,,Medium,https://openlibrary.org/works/OL16532870W,BROAD
openlibrary:OL45156524W,Richard Sharum,,American Homicide,,2026,GOST,,Specialist photography publisher backlist: GOST,B,4,Work-level metadata only; verify the exact publisher edition and printing.,,,Medium,https://openlibrary.org/works/OL45156524W,BROAD
openlibrary:OL2641696W,Richard Whelan,,Robert Capa,,1985,Aperture,,Specialist photography publisher backlist: Aperture | Specialist photography publisher backlist: Phaidon | Specialist photography publisher backlist: Steidl,C,4,Work-level metadata only; verify the exact publisher edition and printing.,,,Medium,https://openlibrary.org/works/OL2641696W,BROAD
openlibrary:OL2641692W,Richard Whelan,,This is war,,2007,Steidl,,Specialist photography publisher backlist: Steidl,C,4,Work-level metadata only; verify the exact publisher edition and printing.,,,Medium,https://openlibrary.org/works/OL2641692W,BROAD
openlibrary:OL850813W,"Richter, Gerhard",Birgit Pelzer | Guy Tosatto,Gerhard Richter,,1971,Scalo,,Specialist photography publisher backlist: Scalo | Specialist photography publisher backlist: Hatje Cantz,B,4,Work-level metadata only; verify the exact publisher edition and printing.,,,Medium,https://openlibrary.org/works/OL850813W,BROAD
openlibrary:OL17582364W,Rinko Kawauchi,,Rinko Kawauchi,,2013,Aperture,,Specialist photography publisher backlist: Aperture,C,4,Work-level metadata only; verify the exact publisher edition and printing.,,,Medium,https://openlibrary.org/works/OL17582364W,BROAD
openlibrary:OL22345362W,Risaku Suzuki,,Atelier of Cézanne,,2013,Nazraeli Press,,Specialist photography publisher backlist: Nazraeli Press,B,4,Work-level metadata only; verify the exact publisher edition and printing.,,,Medium,https://openlibrary.org/works/OL22345362W,BROAD
openlibrary:OL40074926W,Risaku Suzuki,,Fire - February 6,,2002,Nazraeli Press,,Specialist photography publisher backlist: Nazraeli Press,B,4,Work-level metadata only; verify the exact publisher edition and printing.,,,Medium,https://openlibrary.org/works/OL40074926W,BROAD
openlibrary:OL12062597W,Risaku Suzuki,,Mont sainte victoire,,2004,Nazraeli Press,,Specialist photography publisher backlist: Nazraeli Press,B,4,Work-level metadata only; verify the exact publisher edition and printing.,,,Medium,https://openlibrary.org/works/OL12062597W,BROAD
openlibrary:OL37013176W,Risaku Suzuki,,Yuki Sakura,,2008,Nazraeli Press,,Specialist photography publisher backlist: Nazraeli Press,B,4,Work-level metadata only; verify the exact publisher edition and printing.,,,Medium,https://openlibrary.org/works/OL37013176W,BROAD
openlibrary:OL41890367W,Rob McDonald,Sally Mann | Even Rogers | Cy Twombly,Cys Rollei,,2010,Nazraeli Press,,Specialist photography publisher backlist: Nazraeli Press,B,4,Work-level metadata only; verify the exact publisher edition and printing.,,,Medium,https://openlibrary.org/works/OL41890367W,BROAD
openlibrary:OL4994727W,Robbert Flick,,Robbert Flick,,1987,Steidl,,Specialist photography publisher backlist: Steidl,C,4,Work-level metadata only; verify the exact publisher edition and printing.,,,Medium,https://openlibrary.org/works/OL4994727W,BROAD
openlibrary:OL15007290W,Robert Adams,,Along some rivers,,2006,Aperture,,Specialist photography publisher backlist: Aperture,C,4,Work-level metadata only; verify the exact publisher edition and printing.,,,Medium,https://openlibrary.org/works/OL15007290W,BROAD
openlibrary:OL28809519W,Robert Adams,R. H. Cravens | Peter Steinhart | Frank Gohlke,Aperture,,1982,Aperture,,Specialist photography publisher backlist: Aperture,C,4,Work-level metadata only; verify the exact publisher edition and printing.,,,Medium,https://openlibrary.org/works/OL28809519W,BROAD
openlibrary:OL15007294W,Robert Adams,,Beauty in photography,,1981,Aperture,,Specialist photography publisher backlist: Aperture,C,4,Work-level metadata only; verify the exact publisher edition and printing.,,,Medium,https://openlibrary.org/works/OL15007294W,BROAD
openlibrary:OL15007267W,Robert Adams,,Bodhisattva,,2001,Nazraeli Press,,Specialist photography publisher backlist: Nazraeli Press,B,4,Work-level metadata only; verify the exact publisher edition and printing.,,,Medium,https://openlibrary.org/works/OL15007267W,BROAD
openlibrary:OL15007269W,Robert Adams,,From the Missouri west,,1980,Aperture,,Specialist photography publisher backlist: Aperture,C,4,Work-level metadata only; verify the exact publisher edition and printing.,,,Medium,https://openlibrary.org/works/OL15007269W,BROAD
openlibrary:OL21024402W,Robert Adams,,Gone?,,2010,Steidl,,Specialist photography publisher backlist: Steidl,C,4,Work-level metadata only; verify the exact publisher edition and printing.,,,Medium,https://openlibrary.org/works/OL21024402W,BROAD
openlibrary:OL8020454W,Robert Adams,,I hear the leaves and love the light,,1999,Nazraeli Press,,Specialist photography publisher backlist: Nazraeli Press,B,4,Work-level metadata only; verify the exact publisher edition and printing.,,,Medium,https://openlibrary.org/works/OL8020454W,BROAD
openlibrary:OL15007270W,Robert Adams,,"Interiors, 1973-1974",,2006,Nazraeli Press,,Specialist photography publisher backlist: Nazraeli Press,B,4,Work-level metadata only; verify the exact publisher edition and printing.,,,Medium,https://openlibrary.org/works/OL15007270W,BROAD
openlibrary:OL15007272W,Robert Adams,,Listening to the river,,1994,Aperture,,Specialist photography publisher backlist: Aperture,C,4,Work-level metadata only; verify the exact publisher edition and printing.,,,Medium,https://openlibrary.org/works/OL15007272W,BROAD
openlibrary:OL15007293W,Robert Adams,,Los Angeles spring,,1986,Aperture,,Specialist photography publisher backlist: Aperture,C,4,Work-level metadata only; verify the exact publisher edition and printing.,,,Medium,https://openlibrary.org/works/OL15007293W,BROAD
openlibrary:OL15007274W,Robert Adams,,Our lives and our children,,1983,Aperture,,Specialist photography publisher backlist: Aperture,C,4,Work-level metadata only; verify the exact publisher edition and printing.,,,Medium,https://openlibrary.org/works/OL15007274W,BROAD
openlibrary:OL18300549W,Robert Adams,Maren Stange,Paul Strand,,1990,Aperture,,Specialist photography publisher backlist: Aperture,C,4,Work-level metadata only; verify the exact publisher edition and printing.,,,Medium,https://openlibrary.org/works/OL18300549W,BROAD
openlibrary:OL15007276W,Robert Adams,,"Perfect times, perfect places",,1988,Aperture,,Specialist photography publisher backlist: Aperture,C,4,Work-level metadata only; verify the exact publisher edition and printing.,,,Medium,https://openlibrary.org/works/OL15007276W,BROAD
openlibrary:OL15007278W,Robert Adams,,Pine Valley,,2005,Nazraeli Press,,Specialist photography publisher backlist: Nazraeli Press,B,4,Work-level metadata only; verify the exact publisher edition and printing.,,,Medium,https://openlibrary.org/works/OL15007278W,BROAD
openlibrary:OL21045569W,Robert Adams,,Place We Live,,2013,Steidl,,Specialist photography publisher backlist: Steidl,C,4,Work-level metadata only; verify the exact publisher edition and printing.,,,Medium,https://openlibrary.org/works/OL21045569W,BROAD
openlibrary:OL8020509W,Robert Adams,,Robert Adams,,1999,Aperture,,Specialist photography publisher backlist: Aperture | Specialist photography publisher backlist: Steidl,C,4,Work-level metadata only; verify the exact publisher edition and printing.,,,Medium,https://openlibrary.org/works/OL8020509W,BROAD
openlibrary:OL20524853W,Robert Adams,Joshua Chuang,Robert Adams : Our Lives and Our Children,,2018,Steidl,,Specialist photography publisher backlist: Steidl,C,4,Work-level metadata only; verify the exact publisher edition and printing.,,,Medium,https://openlibrary.org/works/OL20524853W,BROAD
openlibrary:OL15007283W,Robert Adams,,Still lives at Manzanita,,2006,Nazraeli Press,,Specialist photography publisher backlist: Nazraeli Press,B,4,Work-level metadata only; verify the exact publisher edition and printing.,,,Medium,https://openlibrary.org/works/OL15007283W,BROAD
openlibrary:OL15007285W,Robert Adams,,To make it home,,1989,Aperture,,Specialist photography publisher backlist: Aperture,C,4,Work-level metadata only; verify the exact publisher edition and printing.,,,Medium,https://openlibrary.org/works/OL15007285W,BROAD
openlibrary:OL15007287W,Robert Adams,,West from the Columbia,,1995,Aperture,,Specialist photography publisher backlist: Aperture,C,4,Work-level metadata only; verify the exact publisher edition and printing.,,,Medium,https://openlibrary.org/works/OL15007287W,BROAD
openlibrary:OL15007289W,Robert Adams,,Why people photograph,,1994,Aperture,,Specialist photography publisher backlist: Aperture,C,4,Work-level metadata only; verify the exact publisher edition and printing.,,,Medium,https://openlibrary.org/works/OL15007289W,BROAD
openlibrary:OL28809318W,Robert Capa,Catherine Coleman | Cornell Capa | Jose Guirao Cabrera,Heart of Spain,,2002,Aperture,,Specialist photography publisher backlist: Aperture,C,4,Work-level metadata only; verify the exact publisher edition and printing.,,,Medium,https://openlibrary.org/works/OL28809318W,BROAD
openlibrary:OL103030W,Robert Capa,,"Robert Capa, photographs",,1985,Aperture,,Specialist photography publisher backlist: Aperture,C,4,Work-level metadata only; verify the exact publisher edition and printing.,,,Medium,https://openlibrary.org/works/OL103030W,BROAD
openlibrary:OL36446701W,Robert Capa,Willis Hartshorn | Richard Whelan | Christopher Phillips,This Is War!,,2009,Steidl,,Specialist photography publisher backlist: Steidl,C,4,Work-level metadata only; verify the exact publisher edition and printing.,,,Medium,https://openlibrary.org/works/OL36446701W,BROAD
openlibrary:OL260249W,Robert Coles,,Dorothea Lange,,1985,Aperture,,Specialist photography publisher backlist: Aperture,C,4,Work-level metadata only; verify the exact publisher edition and printing.,,,Medium,https://openlibrary.org/works/OL260249W,BROAD
openlibrary:OL20033494W,Robert Cumming,,Robert Cumming,,2001,Aperture,,Specialist photography publisher backlist: Aperture,C,4,Work-level metadata only; verify the exact publisher edition and printing.,,,Medium,https://openlibrary.org/works/OL20033494W,BROAD
openlibrary:OL28808112W,Robert Dawson,,Robert Dawson,,1989,Aperture,,Specialist photography publisher backlist: Aperture,C,4,Work-level metadata only; verify the exact publisher edition and printing.,,,Medium,https://openlibrary.org/works/OL28808112W,BROAD
openlibrary:OL18205337W,Robert Delpire,,Koudelka,,2006,Aperture,,Specialist photography publisher backlist: Aperture,C,4,Work-level metadata only; verify the exact publisher edition and printing.,,,Medium,https://openlibrary.org/works/OL18205337W,BROAD
openlibrary:OL19947919W,Robert Doisneau,,Robert Doisneau,,2010,Steidl,,Specialist photography publisher backlist: Steidl,C,4,Work-level metadata only; verify the exact publisher edition and printing.,,,Medium,https://openlibrary.org/works/OL19947919W,BROAD
openlibrary:OL8748154W,Robert Flynt,,Compound Fracture,,1997,Twin Palms,,Specialist photography publisher backlist: Twin Palms,B,4,Work-level metadata only; verify the exact publisher edition and printing.,,,Medium,https://openlibrary.org/works/OL8748154W,BROAD
openlibrary:OL3476433W,Robert Frank,,Américains,,1959,Scalo,,Specialist photography publisher backlist: Scalo | Specialist photography publisher backlist: Aperture | Specialist photography publisher backlist: Steidl,B,4,Work-level metadata only; verify the exact publisher edition and printing.,,,Medium,https://openlibrary.org/works/OL3476433W,BROAD
openlibrary:OL3476420W,Robert Frank,,Black white and things,,1994,Scalo,,Specialist photography publisher backlist: Scalo | Specialist photography publisher backlist: Steidl,B,4,Work-level metadata only; verify the exact publisher edition and printing.,,,Medium,https://openlibrary.org/works/OL3476420W,BROAD
openlibrary:OL3476421W,Robert Frank,,Come again,,2006,Steidl,,Specialist photography publisher backlist: Steidl,C,4,Work-level metadata only; verify the exact publisher edition and printing.,,,Medium,https://openlibrary.org/works/OL3476421W,BROAD
openlibrary:OL38494535W,Robert Frank,Lars Hall | Gunilla Knape,Flamingo,,1997,Scalo,,Specialist photography publisher backlist: Scalo,B,4,Work-level metadata only; verify the exact publisher edition and printing.,,,Medium,https://openlibrary.org/works/OL38494535W,BROAD
openlibrary:OL3476423W,Robert Frank,Robert Frank | Wolfgang Beilenhoff | Christoph Ribbat,"Hold still, keep going",,2001,Scalo,,Specialist photography publisher backlist: Scalo | Specialist photography publisher backlist: Steidl,B,4,Work-level metadata only; verify the exact publisher edition and printing.,,,Medium,https://openlibrary.org/works/OL3476423W,BROAD
openlibrary:OL21158848W,Robert Frank,,Leon of Juda,,2018,Steidl,,Specialist photography publisher backlist: Steidl,C,4,Work-level metadata only; verify the exact publisher edition and printing.,,,Medium,https://openlibrary.org/works/OL21158848W,BROAD
openlibrary:OL21158831W,Robert Frank,,Lines of My Hand,,2018,Steidl,,Specialist photography publisher backlist: Steidl,C,4,Work-level metadata only; verify the exact publisher edition and printing.,,,Medium,https://openlibrary.org/works/OL21158831W,BROAD
openlibrary:OL3476425W,Robert Frank,Robert Frank | Philip Brookman,London/Wales,,2003,Scalo,,Specialist photography publisher backlist: Scalo,B,4,Work-level metadata only; verify the exact publisher edition and printing.,,,Medium,https://openlibrary.org/works/OL3476425W,BROAD
openlibrary:OL19964387W,Robert Frank,,Park/sleep,,2013,Steidl,,Specialist photography publisher backlist: Steidl,C,4,Work-level metadata only; verify the exact publisher edition and printing.,,,Medium,https://openlibrary.org/works/OL19964387W,BROAD
openlibrary:OL19991434W,Robert Frank,,Partida,,2014,Steidl,,Specialist photography publisher backlist: Steidl,C,4,Work-level metadata only; verify the exact publisher edition and printing.,,,Medium,https://openlibrary.org/works/OL19991434W,BROAD
openlibrary:OL33060968W,Robert Frank,,[Polaroids],,2009,Steidl,,Specialist photography publisher backlist: Steidl,C,4,Work-level metadata only; verify the exact publisher edition and printing.,,,Medium,https://openlibrary.org/works/OL33060968W,BROAD
openlibrary:OL31676931W,Robert Frank,Sarah Greenough | Philip Brookman | Martin Gasser,Robert Frank,,1994,Scalo,,Specialist photography publisher backlist: Scalo | Specialist photography publisher backlist: Aperture | Specialist photography publisher backlist: Thames & Hudson | Specialist photography publisher backlist: Steidl,B,4,Work-level metadata only; verify the exact publisher edition and printing.,,,Medium,https://openlibrary.org/works/OL31676931W,BROAD
openlibrary:OL9022304M,Robert Frank,,Robert Frank: du,,2003,Scalo,,Specialist photography publisher backlist: Scalo,B,4,Work-level metadata only; verify the exact publisher edition and printing.,,,Medium,https://openlibrary.org/works/OL9022304M,BROAD
openlibrary:OL21204104W,Robert Frank,,Robert Frank : Good Days Quiet,,2019,Steidl,,Specialist photography publisher backlist: Steidl,C,4,Work-level metadata only; verify the exact publisher edition and printing.,,,Medium,https://openlibrary.org/works/OL21204104W,BROAD
openlibrary:OL19099396W,Robert Frank,,Robert Frank: Pangnirtung,,2011,Steidl,,Specialist photography publisher backlist: Steidl,C,4,Work-level metadata only; verify the exact publisher edition and printing.,,,Medium,https://openlibrary.org/works/OL19099396W,BROAD
openlibrary:OL3476431W,Robert Frank,,Story lines,,2004,Steidl,,Specialist photography publisher backlist: Steidl,C,4,Work-level metadata only; verify the exact publisher edition and printing.,,,Medium,https://openlibrary.org/works/OL3476431W,BROAD
openlibrary:OL25052472W,Robert Frank,Alex Rühle | Philip Brookman,Süddeutsche Zeitung,,2017,Steidl,,Specialist photography publisher backlist: Steidl,C,4,Work-level metadata only; verify the exact publisher edition and printing.,,,Medium,https://openlibrary.org/works/OL25052472W,BROAD
openlibrary:OL17490038W,Robert Frank,,Tal Uf Tal Ab 29 Fotos,,2010,Steidl,,Specialist photography publisher backlist: Steidl,C,4,Work-level metadata only; verify the exact publisher edition and printing.,,,Medium,https://openlibrary.org/works/OL17490038W,BROAD
openlibrary:OL283868W,Robert Frank,,The lines of my hand,,1989,Scalo,,Specialist photography publisher backlist: Scalo,B,4,Work-level metadata only; verify the exact publisher edition and printing.,,,Medium,https://openlibrary.org/works/OL283868W,BROAD
openlibrary:OL21124684W,Robert Frank,Ayumi Yamazaki,What We Have Seen,,2016,Steidl,,Specialist photography publisher backlist: Steidl,C,4,Work-level metadata only; verify the exact publisher edition and printing.,,,Medium,https://openlibrary.org/works/OL21124684W,BROAD
openlibrary:OL21040187W,Robert Frank,,You Would,,2012,Steidl,,Specialist photography publisher backlist: Steidl,C,4,Work-level metadata only; verify the exact publisher edition and printing.,,,Medium,https://openlibrary.org/works/OL21040187W,BROAD
openlibrary:OL1939884W,Robert Glenn Ketchum,,Rivers of life,,2001,Aperture,,Specialist photography publisher backlist: Aperture,C,4,Work-level metadata only; verify the exact publisher edition and printing.,,,Medium,https://openlibrary.org/works/OL1939884W,BROAD
openlibrary:OL1939880W,Robert Glenn Ketchum,,The legacy of wildness,,1993,Aperture,,Specialist photography publisher backlist: Aperture,C,4,Work-level metadata only; verify the exact publisher edition and printing.,,,Medium,https://openlibrary.org/works/OL1939880W,BROAD
openlibrary:OL1939886W,Robert Glenn Ketchum,,Wood-Tikchik,,2003,Aperture,,Specialist photography publisher backlist: Aperture,C,4,Work-level metadata only; verify the exact publisher edition and printing.,,,Medium,https://openlibrary.org/works/OL1939886W,BROAD
openlibrary:OL42305494W,Robert Lebeck,,Neugierig auf Welt,,2004,Steidl,,Specialist photography publisher backlist: Steidl,C,4,Work-level metadata only; verify the exact publisher edition and printing.,,,Medium,https://openlibrary.org/works/OL42305494W,BROAD
openlibrary:OL867779W,Robert Lebeck,Karl Steinorth | Meinrad Maria Grewenig,Robert Lebeck,,1993,Steidl,,Specialist photography publisher backlist: Steidl,C,4,Work-level metadata only; verify the exact publisher edition and printing.,,,Medium,https://openlibrary.org/works/OL867779W,BROAD
openlibrary:OL867776W,Robert Lebeck,,Vis-à-vis,,1999,Steidl,,Specialist photography publisher backlist: Steidl,C,4,Work-level metadata only; verify the exact publisher edition and printing.,,,Medium,https://openlibrary.org/works/OL867776W,BROAD
openlibrary:OL23246951W,Robert ParkeHarrison,,Counterpoint,,2008,Twin Palms,,Specialist photography publisher backlist: Twin Palms,B,4,Work-level metadata only; verify the exact publisher edition and printing.,,,Medium,https://openlibrary.org/works/OL23246951W,BROAD
openlibrary:OL6016134W,Robert ParkeHarrison,,The architect's brother,,2000,Twin Palms,,Specialist photography publisher backlist: Twin Palms,B,4,Work-level metadata only; verify the exact publisher edition and printing.,,,Medium,https://openlibrary.org/works/OL6016134W,BROAD
openlibrary:OL8909378W,Robert Polidori,,After the flood,,2006,Steidl,,Specialist photography publisher backlist: Steidl,C,4,Work-level metadata only; verify the exact publisher edition and printing.,,,Medium,https://openlibrary.org/works/OL8909378W,BROAD
openlibrary:OL21053597W,Robert Polidori,,Eye and I,,2014,Steidl,,Specialist photography publisher backlist: Steidl,C,4,Work-level metadata only; verify the exact publisher edition and printing.,,,Medium,https://openlibrary.org/works/OL21053597W,BROAD
openlibrary:OL8909379W,Robert Polidori,,Havana,,2001,Steidl,,Specialist photography publisher backlist: Steidl,C,4,Work-level metadata only; verify the exact publisher edition and printing.,,,Medium,https://openlibrary.org/works/OL8909379W,BROAD
openlibrary:OL25012294W,Robert Polidori,,Parcours Muséologique Revisité,,2008,Steidl,,Specialist photography publisher backlist: Steidl,C,4,Work-level metadata only; verify the exact publisher edition and printing.,,,Medium,https://openlibrary.org/works/OL25012294W,BROAD
openlibrary:OL17400713W,Robert Polidori,,Points Between Up Till Now,,2010,Steidl,,Specialist photography publisher backlist: Steidl,C,4,Work-level metadata only; verify the exact publisher edition and printing.,,,Medium,https://openlibrary.org/works/OL17400713W,BROAD
openlibrary:OL20509927W,Robert Polidori,,Robert Polidori,,2019,Steidl,,Specialist photography publisher backlist: Steidl,C,4,Work-level metadata only; verify the exact publisher edition and printing.,,,Medium,https://openlibrary.org/works/OL20509927W,BROAD
openlibrary:OL21076257W,Robert Polidori,,Robert Polidori - Selected Works,,2014,Steidl,,Specialist photography publisher backlist: Steidl,C,4,Work-level metadata only; verify the exact publisher edition and printing.,,,Medium,https://openlibrary.org/works/OL21076257W,BROAD
openlibrary:OL21158854W,Robert Renhui,,Robert Zhao Renhui : a Guide to the Flora and Fauna of the World,,2018,Steidl,,Specialist photography publisher backlist: Steidl,C,4,Work-level metadata only; verify the exact publisher edition and printing.,,,Medium,https://openlibrary.org/works/OL21158854W,BROAD
openlibrary:OL21221726W,Robert Sobieszek,"Thompson, George | Stanley Diamond",Consuming the American Landscape,,2003,Dewi Lewis,,Specialist photography publisher backlist: Dewi Lewis,B,4,Work-level metadata only; verify the exact publisher edition and printing.,,,Medium,https://openlibrary.org/works/OL21221726W,BROAD
openlibrary:OL7800187W,Robert Stivers,,Sanctum,,2006,Twin Palms,,Specialist photography publisher backlist: Twin Palms,B,4,Work-level metadata only; verify the exact publisher edition and printing.,,,Medium,https://openlibrary.org/works/OL7800187W,BROAD
openlibrary:OL20293887W,Robert Stivers,,The Art of Ruin,,2015,Twin Palms,,Specialist photography publisher backlist: Twin Palms,B,4,Work-level metadata only; verify the exact publisher edition and printing.,,,Medium,https://openlibrary.org/works/OL20293887W,BROAD
openlibrary:OL21015918W,Robert Voit,Christopher Shaden,New Trees,,2014,Steidl,,Specialist photography publisher backlist: Steidl,C,4,Work-level metadata only; verify the exact publisher edition and printing.,,,Medium,https://openlibrary.org/works/OL21015918W,BROAD
openlibrary:OL9042314W,Robert Weingarten,,Robert Weingarten,,2004,Steidl,,Specialist photography publisher backlist: Steidl,C,4,Work-level metadata only; verify the exact publisher edition and printing.,,,Medium,https://openlibrary.org/works/OL9042314W,BROAD
openlibrary:OL34342059W,Robin Hinsch,,Wahala,,2022,GOST,,Specialist photography publisher backlist: GOST,B,4,Work-level metadata only; verify the exact publisher edition and printing.,,,Medium,https://openlibrary.org/works/OL34342059W,BROAD
openlibrary:OL21179768W,Robin Schwartz,,Amelia & the animals,,2014,Aperture,,Specialist photography publisher backlist: Aperture,C,4,Work-level metadata only; verify the exact publisher edition and printing.,,,Medium,https://openlibrary.org/works/OL21179768W,BROAD
openlibrary:OL26337080W,Rocco Rorandelli,Judith MacKay,Bitter Leaves,,2020,GOST,,Specialist photography publisher backlist: GOST,B,4,Work-level metadata only; verify the exact publisher edition and printing.,,,Medium,https://openlibrary.org/works/OL26337080W,BROAD
openlibrary:OL10151916W,Roe Etheridge,,Roe Ethridge,,2007,MACK,,Specialist photography publisher backlist: MACK | Specialist photography publisher backlist: Steidl,B,4,Work-level metadata only; verify the exact publisher edition and printing.,,,Medium,https://openlibrary.org/works/OL10151916W,BROAD
openlibrary:OL21245852W,Roe Ethridge,,Luxe,,2012,MACK,,Specialist photography publisher backlist: MACK,B,4,Work-level metadata only; verify the exact publisher edition and printing.,,,Medium,https://openlibrary.org/works/OL21245852W,BROAD
openlibrary:OL21324606W,Roe Ethridge,Ohio) Staff Contemporary Arts Center (Cincinnati,Neighbors,,2016,MACK,,Specialist photography publisher backlist: MACK,B,4,Work-level metadata only; verify the exact publisher edition and printing.,,,Medium,https://openlibrary.org/works/OL21324606W,BROAD
openlibrary:OL21282782W,Roe Ethridge,Andrew Kreps Gallery Staff | Germany) Staff Capitain Petzel (Gallery : Berlin,Sacrifice Your Body,,2014,MACK,,Specialist photography publisher backlist: MACK,B,4,Work-level metadata only; verify the exact publisher edition and printing.,,,Medium,https://openlibrary.org/works/OL21282782W,BROAD
openlibrary:OL24152414W,Roe Ethridge,,Shelter Island,,2016,MACK,,Specialist photography publisher backlist: MACK,B,4,Work-level metadata only; verify the exact publisher edition and printing.,,,Medium,https://openlibrary.org/works/OL24152414W,BROAD
openlibrary:OL3379532W,Roger Fenton,,Roger Fenton,,1979,Aperture,,Specialist photography publisher backlist: Aperture,C,4,Work-level metadata only; verify the exact publisher edition and printing.,,,Medium,https://openlibrary.org/works/OL3379532W,BROAD
openlibrary:OL2766146W,Roger Manley,Mark Sloan,Self-made worlds,,1997,Aperture,,Specialist photography publisher backlist: Aperture,C,4,Work-level metadata only; verify the exact publisher edition and printing.,,,Medium,https://openlibrary.org/works/OL2766146W,BROAD
openlibrary:OL13596318W,Roger Newton,,Op tics,,2006,Nazraeli Press,,Specialist photography publisher backlist: Nazraeli Press,B,4,Work-level metadata only; verify the exact publisher edition and printing.,,,Medium,https://openlibrary.org/works/OL13596318W,BROAD
openlibrary:OL1375037W,Roland Barthes,,Taormina,,1998,Twin Palms,,Specialist photography publisher backlist: Twin Palms,B,4,Work-level metadata only; verify the exact publisher edition and printing.,,,Medium,https://openlibrary.org/works/OL1375037W,BROAD
openlibrary:OL622246W,Rolf H. Krauss,,Beyond light and shadow,,1995,Nazraeli Press,,Specialist photography publisher backlist: Nazraeli Press,B,4,Work-level metadata only; verify the exact publisher edition and printing.,,,Medium,https://openlibrary.org/works/OL622246W,BROAD
openlibrary:OL32243732W,Roman Signer,,Karpaten,,2012,Steidl,,Specialist photography publisher backlist: Steidl,C,4,Work-level metadata only; verify the exact publisher edition and printing.,,,Medium,https://openlibrary.org/works/OL32243732W,BROAD
openlibrary:OL3245006W,Roman Signer,,Roman Signer,,1977,Steidl,,Specialist photography publisher backlist: Steidl,C,4,Work-level metadata only; verify the exact publisher edition and printing.,,,Medium,https://openlibrary.org/works/OL3245006W,BROAD
openlibrary:OL25631985W,Ron Jude,,Lago,,2015,MACK,,Specialist photography publisher backlist: MACK,B,4,Work-level metadata only; verify the exact publisher edition and printing.,,,Medium,https://openlibrary.org/works/OL25631985W,BROAD
openlibrary:OL23439537W,Ron Jude,,Lick Creek Line,,2012,MACK,,Specialist photography publisher backlist: MACK,B,4,Work-level metadata only; verify the exact publisher edition and printing.,,,Medium,https://openlibrary.org/works/OL23439537W,BROAD
openlibrary:OL21311086W,Ron Jude,MACK (Publishing firm) Staff,Nausea,,2017,MACK,,Specialist photography publisher backlist: MACK,B,4,Work-level metadata only; verify the exact publisher edition and printing.,,,Medium,https://openlibrary.org/works/OL21311086W,BROAD
openlibrary:OL8485721W,Ron van Dongen,,Alba Nero,,1999,Nazraeli Press,,Specialist photography publisher backlist: Nazraeli Press,B,4,Work-level metadata only; verify the exact publisher edition and printing.,,,Medium,https://openlibrary.org/works/OL8485721W,BROAD
openlibrary:OL42144898W,Ron van Dongen,,Nudare,,2001,Nazraeli Press,,Specialist photography publisher backlist: Nazraeli Press,B,4,Work-level metadata only; verify the exact publisher edition and printing.,,,Medium,https://openlibrary.org/works/OL42144898W,BROAD
openlibrary:OL13618579W,Ron van Dongen,,Ops opis,,2004,Nazraeli Press,,Specialist photography publisher backlist: Nazraeli Press,B,4,Work-level metadata only; verify the exact publisher edition and printing.,,,Medium,https://openlibrary.org/works/OL13618579W,BROAD
openlibrary:OL512470W,Ronald Compton,,Still point,,1999,Aperture,,Specialist photography publisher backlist: Aperture,C,4,Work-level metadata only; verify the exact publisher edition and printing.,,,Medium,https://openlibrary.org/works/OL512470W,BROAD
openlibrary:OL1697779W,Roni Horn,,A kind of you,,2008,Steidl,,Specialist photography publisher backlist: Steidl,C,4,Work-level metadata only; verify the exact publisher edition and printing.,,,Medium,https://openlibrary.org/works/OL1697779W,BROAD
openlibrary:OL21026398W,Roni Horn,Dave Hickey,Aka,,2010,Steidl,,Specialist photography publisher backlist: Steidl,C,4,Work-level metadata only; verify the exact publisher edition and printing.,,,Medium,https://openlibrary.org/works/OL21026398W,BROAD
openlibrary:OL15056078W,Roni Horn,,Atelier Adamson,,2005,Steidl,,Specialist photography publisher backlist: Steidl,C,4,Work-level metadata only; verify the exact publisher edition and printing.,,,Medium,https://openlibrary.org/works/OL15056078W,BROAD
openlibrary:OL21017322W,Roni Horn,Philip Larratt-Smith,Bird,,2008,Steidl,,Specialist photography publisher backlist: Steidl,C,4,Work-level metadata only; verify the exact publisher edition and printing.,,,Medium,https://openlibrary.org/works/OL21017322W,BROAD
openlibrary:OL1697791W,Roni Horn,,Dictionary of water,,2001,Steidl,,Specialist photography publisher backlist: Steidl,C,4,Work-level metadata only; verify the exact publisher edition and printing.,,,Medium,https://openlibrary.org/works/OL1697791W,BROAD
openlibrary:OL1697778W,Roni Horn,,"Her, her, her & her",,2004,Steidl,,Specialist photography publisher backlist: Steidl,C,4,Work-level metadata only; verify the exact publisher edition and printing.,,,Medium,https://openlibrary.org/works/OL1697778W,BROAD
openlibrary:OL15056079W,Roni Horn,,If on a Winter's Night...Roni Horn,,2003,Steidl,,Specialist photography publisher backlist: Steidl,C,4,Work-level metadata only; verify the exact publisher edition and printing.,,,Medium,https://openlibrary.org/works/OL15056079W,BROAD
openlibrary:OL1697792W,Roni Horn,Dave Hickey,Index Cixous,,2005,Steidl,,Specialist photography publisher backlist: Steidl,C,4,Work-level metadata only; verify the exact publisher edition and printing.,,,Medium,https://openlibrary.org/works/OL1697792W,BROAD
openlibrary:OL11616963W,Roni Horn,,Index Cixous: cix pax,,,Steidl,,Specialist photography publisher backlist: Steidl,C,4,Work-level metadata only; verify the exact publisher edition and printing.,,,Medium,https://openlibrary.org/works/OL11616963W,BROAD
openlibrary:OL1697797W,Roni Horn,,Roni Horn,,1980,Scalo,,Specialist photography publisher backlist: Scalo | Specialist photography publisher backlist: Steidl,B,4,Work-level metadata only; verify the exact publisher edition and printing.,,,Medium,https://openlibrary.org/works/OL1697797W,BROAD
openlibrary:OL1697795W,Roni Horn,,"This is me, this is you",,2002,Steidl,,Specialist photography publisher backlist: Steidl,C,4,Work-level metadata only; verify the exact publisher edition and printing.,,,Medium,https://openlibrary.org/works/OL1697795W,BROAD
openlibrary:OL1697788W,Roni Horn,,Weather reports you,,2007,Steidl,,Specialist photography publisher backlist: Steidl,C,4,Work-level metadata only; verify the exact publisher edition and printing.,,,Medium,https://openlibrary.org/works/OL1697788W,BROAD
openlibrary:OL11616966W,Roni Horn,,"Weather reports you: a project o VATNA-SAFN/Library of Water, Stykkisholmur, Iceland",,,Steidl,,Specialist photography publisher backlist: Steidl,C,4,Work-level metadata only; verify the exact publisher edition and printing.,,,Medium,https://openlibrary.org/works/OL11616966W,BROAD
openlibrary:OL1697790W,Roni Horn,,You Are the Weather,,1997,Scalo,,Specialist photography publisher backlist: Scalo,B,4,Work-level metadata only; verify the exact publisher edition and printing.,,,Medium,https://openlibrary.org/works/OL1697790W,BROAD
openlibrary:OL25633347W,Rosalind Solomon,,Got to Go,,2016,MACK,,Specialist photography publisher backlist: MACK,B,4,Work-level metadata only; verify the exact publisher edition and printing.,,,Medium,https://openlibrary.org/works/OL25633347W,BROAD
openlibrary:OL25634719W,Rosalind Solomon,,Liberty Theater,,2018,MACK,,Specialist photography publisher backlist: MACK,B,4,Work-level metadata only; verify the exact publisher edition and printing.,,,Medium,https://openlibrary.org/works/OL25634719W,BROAD
openlibrary:OL2871332W,Rosalind Solomon,,Rosalind Solomon,,1983,Steidl,,Specialist photography publisher backlist: Steidl,C,4,Work-level metadata only; verify the exact publisher edition and printing.,,,Medium,https://openlibrary.org/works/OL2871332W,BROAD
openlibrary:OL23398547W,Rosalind Solomon,,Them,,2014,MACK,,Specialist photography publisher backlist: MACK,B,4,Work-level metadata only; verify the exact publisher edition and printing.,,,Medium,https://openlibrary.org/works/OL23398547W,BROAD
openlibrary:OL10616328W,Ross Bleckner,,Page three,,1998,Twin Palms,,Specialist photography publisher backlist: Twin Palms,B,4,Work-level metadata only; verify the exact publisher edition and printing.,,,Medium,https://openlibrary.org/works/OL10616328W,BROAD
openlibrary:OL4342573W,Ross Bleckner,,Photographs,,1998,Twin Palms,,Specialist photography publisher backlist: Twin Palms,B,4,Work-level metadata only; verify the exact publisher edition and printing.,,,Medium,https://openlibrary.org/works/OL4342573W,BROAD
openlibrary:OL20440342W,Roswitha Hecke,,Roswitha Hecke,,2011,Edition Patrick Frey,,Specialist photography publisher backlist: Edition Patrick Frey,B,4,Work-level metadata only; verify the exact publisher edition and printing.,,,Medium,https://openlibrary.org/works/OL20440342W,BROAD
openlibrary:OL21007690W,Rui Nunes,Ulrich Loock,Far Cry,,2005,Steidl,,Specialist photography publisher backlist: Steidl,C,4,Work-level metadata only; verify the exact publisher edition and printing.,,,Medium,https://openlibrary.org/works/OL21007690W,BROAD
openlibrary:OL20574152W,Russell Lord,,Looking Again,,2018,Aperture,,Specialist photography publisher backlist: Aperture,C,4,Work-level metadata only; verify the exact publisher edition and printing.,,,Medium,https://openlibrary.org/works/OL20574152W,BROAD
openlibrary:OL8842321W,Ryan McGinley,,Ryan McGinley,,2002,Twin Palms,,Specialist photography publisher backlist: Twin Palms,B,4,Work-level metadata only; verify the exact publisher edition and printing.,,,Medium,https://openlibrary.org/works/OL8842321W,BROAD
openlibrary:OL20524860W,Ryan Rice,Wanda Nanibush,Shelley Niro,,2018,Steidl,,Specialist photography publisher backlist: Steidl,C,4,Work-level metadata only; verify the exact publisher edition and printing.,,,Medium,https://openlibrary.org/works/OL20524860W,BROAD
openlibrary:OL35969120W,Ryan Spencer,,There Is No Light at the End of the Tunnel Because the Tunnel Is Made of Light,,2023,TBW Books,,Specialist photography publisher backlist: TBW Books,B,4,Work-level metadata only; verify the exact publisher edition and printing.,,,Medium,https://openlibrary.org/works/OL35969120W,BROAD
openlibrary:OL13775205W,Ryūichi Kaneko,,Japanese photobooks of the 1960s and '70s,,2009,Aperture,,Specialist photography publisher backlist: Aperture,C,4,Work-level metadata only; verify the exact publisher edition and printing.,,,Medium,https://openlibrary.org/works/OL13775205W,BROAD
openlibrary:OL7806013W,Ryūji Miyamoto,,Ryuji Miyamoto,,1999,Steidl,,Specialist photography publisher backlist: Steidl,C,4,Work-level metadata only; verify the exact publisher edition and printing.,,,Medium,https://openlibrary.org/works/OL7806013W,BROAD
openlibrary:OL8625715W,S. F. Spira,Eaton S. Lothrop Jr. | Jonathan B. Spira,The history of photography as seen through the Spira collection,,2001,Aperture,,Specialist photography publisher backlist: Aperture,C,4,Work-level metadata only; verify the exact publisher edition and printing.,,,Medium,https://openlibrary.org/works/OL8625715W,BROAD
openlibrary:OL3536841W,Sally Mann,,At Twelve,,1988,Aperture,,Specialist photography publisher backlist: Aperture,C,4,Work-level metadata only; verify the exact publisher edition and printing.,,,Medium,https://openlibrary.org/works/OL3536841W,BROAD
openlibrary:OL3536842W,Sally Mann,,Immediate family,,1992,Aperture,,Specialist photography publisher backlist: Aperture | Specialist photography publisher backlist: Phaidon,C,4,Work-level metadata only; verify the exact publisher edition and printing.,,,Medium,https://openlibrary.org/works/OL3536842W,BROAD
openlibrary:OL16642908W,Sally Mann,,Proud flesh,,2009,Aperture,,Specialist photography publisher backlist: Aperture,C,4,Work-level metadata only; verify the exact publisher edition and printing.,,,Medium,https://openlibrary.org/works/OL16642908W,BROAD
openlibrary:OL3536840W,Sally Mann,,Still Time,,1994,Aperture,,Specialist photography publisher backlist: Aperture,C,4,Work-level metadata only; verify the exact publisher edition and printing.,,,Medium,https://openlibrary.org/works/OL3536840W,BROAD
openlibrary:OL32068545W,Sally Stein,,"Migrant mother, migrant gender",,2020,MACK,,Specialist photography publisher backlist: MACK,B,4,Work-level metadata only; verify the exact publisher edition and printing.,,,Medium,https://openlibrary.org/works/OL32068545W,BROAD
openlibrary:OL21322379W,Sam Contis,,Deep Springs,,2017,MACK,,Specialist photography publisher backlist: MACK,B,4,Work-level metadata only; verify the exact publisher edition and printing.,,,Medium,https://openlibrary.org/works/OL21322379W,BROAD
openlibrary:OL17480039W,Sam Stourdze,,Howard Greenberg Collection,,2014,Steidl,,Specialist photography publisher backlist: Steidl,C,4,Work-level metadata only; verify the exact publisher edition and printing.,,,Medium,https://openlibrary.org/works/OL17480039W,BROAD
openlibrary:OL11639535W,Sam Taylor-Wood,Peter Doroshenko | Harland Miller | Michael Bracewell,Sam Taylor-Wood,,1994,Steidl,,Specialist photography publisher backlist: Steidl,C,4,Work-level metadata only; verify the exact publisher edition and printing.,,,Medium,https://openlibrary.org/works/OL11639535W,BROAD
openlibrary:OL21188819W,Samuel Fosso,Hans Ulrich Obrist | Jean-Marc Patras,Samuel Fosso,,2019,Steidl,,Specialist photography publisher backlist: Steidl,C,4,Work-level metadata only; verify the exact publisher edition and printing.,,,Medium,https://openlibrary.org/works/OL21188819W,BROAD
openlibrary:OL21356282W,Samuel Fosso,,Samuel Fosso : AUTOPORTRAIT,,2019,Steidl,,Specialist photography publisher backlist: Steidl,C,4,Work-level metadata only; verify the exact publisher edition and printing.,,,Medium,https://openlibrary.org/works/OL21356282W,BROAD
openlibrary:OL25910141W,Sandra Bacchi,,Watermelons Are Not Strawberries,,2022,Yoffy Press,,Specialist photography publisher backlist: Yoffy Press,B,4,Work-level metadata only; verify the exact publisher edition and printing.,,,Medium,https://openlibrary.org/works/OL25910141W,BROAD
openlibrary:OL21867113W,Sandra Phillips,Philip Gefter | Richard Learoyd,Richard Learoyd,,2015,Aperture,,Specialist photography publisher backlist: Aperture,C,4,Work-level metadata only; verify the exact publisher edition and printing.,,,Medium,https://openlibrary.org/works/OL21867113W,BROAD
openlibrary:OL17546710W,Sandrine Dumas-Brekke,,JeanLouis Dumas,,2008,Steidl,,Specialist photography publisher backlist: Steidl,C,4,Work-level metadata only; verify the exact publisher edition and printing.,,,Medium,https://openlibrary.org/works/OL17546710W,BROAD
openlibrary:OL25894868W,Sandy Carson,,I've Always Been a Cowboy in My Heart,,2019,Yoffy Press,,Specialist photography publisher backlist: Yoffy Press,B,4,Work-level metadata only; verify the exact publisher edition and printing.,,,Medium,https://openlibrary.org/works/OL25894868W,BROAD
openlibrary:OL21124682W,Santu Mofokeng,Joshua Chuang,Santu Mofokeng?,,2016,Steidl,,Specialist photography publisher backlist: Steidl,C,4,Work-level metadata only; verify the exact publisher edition and printing.,,,Medium,https://openlibrary.org/works/OL21124682W,BROAD
openlibrary:OL33392515W,Santu Mofokeng,,Santu Mofokeng : Stories 5-7,,2019,Steidl,,Specialist photography publisher backlist: Steidl,C,4,Work-level metadata only; verify the exact publisher edition and printing.,,,Medium,https://openlibrary.org/works/OL33392515W,BROAD
openlibrary:OL17547329W,Santu Mofokeng,,The Black Photo Album Look at Me,,2012,Steidl,,Specialist photography publisher backlist: Steidl,C,4,Work-level metadata only; verify the exact publisher edition and printing.,,,Medium,https://openlibrary.org/works/OL17547329W,BROAD
openlibrary:OL32332123W,Sara Benaglia,Mauro Zanchi,Metafotografia,,2019,Skinnerboox,,Specialist photography publisher backlist: Skinnerboox,B,4,Work-level metadata only; verify the exact publisher edition and printing.,,,Medium,https://openlibrary.org/works/OL32332123W,BROAD
openlibrary:OL19298147W,Sara Stevenson,James Lawson | Calum Colvin | Thomas Joshua Cooper,Revisions,,1994,Nazraeli Press,,Specialist photography publisher backlist: Nazraeli Press,B,4,Work-level metadata only; verify the exact publisher edition and printing.,,,Medium,https://openlibrary.org/works/OL19298147W,BROAD
openlibrary:OL3234131W,Sarah Greenough,Paul Strand,Paul Strand,,1990,Aperture,,Specialist photography publisher backlist: Aperture,C,4,Work-level metadata only; verify the exact publisher edition and printing.,,,Medium,https://openlibrary.org/works/OL3234131W,BROAD
openlibrary:OL3234132W,Sarah Greenough,,Robert Frank,,1994,Scalo,,Specialist photography publisher backlist: Scalo,B,4,Work-level metadata only; verify the exact publisher edition and printing.,,,Medium,https://openlibrary.org/works/OL3234132W,BROAD
openlibrary:OL21587766W,Sarah Lewis,,Vision and Justice,,2016,Aperture,,Specialist photography publisher backlist: Aperture,C,4,Work-level metadata only; verify the exact publisher edition and printing.,,,Medium,https://openlibrary.org/works/OL21587766W,BROAD
openlibrary:OL44559996W,Sarah Mei Herman,,Julian and Jonathan,,2024,GOST,,Specialist photography publisher backlist: GOST,B,4,Work-level metadata only; verify the exact publisher edition and printing.,,,Medium,https://openlibrary.org/works/OL44559996W,BROAD
openlibrary:OL34247773W,Sarah Wilson,,Dig,,2023,Yoffy Press,,Specialist photography publisher backlist: Yoffy Press,B,4,Work-level metadata only; verify the exact publisher edition and printing.,,,Medium,https://openlibrary.org/works/OL34247773W,BROAD
openlibrary:OL18562768W,Sasha Bezzubov,,Wildfire,,2009,Nazraeli Press,,Specialist photography publisher backlist: Nazraeli Press,B,4,Work-level metadata only; verify the exact publisher edition and printing.,,,Medium,https://openlibrary.org/works/OL18562768W,BROAD
openlibrary:OL21209026W,Sasha Wolf,"Adams, Robert, 2nd",PhotoWork,,2019,Aperture,,Specialist photography publisher backlist: Aperture,C,4,Work-level metadata only; verify the exact publisher edition and printing.,,,Medium,https://openlibrary.org/works/OL21209026W,BROAD
openlibrary:OL8998656W,Saskia Asser,Bert Teunissen,Bert Teunissen,,2007,Aperture,,Specialist photography publisher backlist: Aperture,C,4,Work-level metadata only; verify the exact publisher edition and printing.,,,Medium,https://openlibrary.org/works/OL8998656W,BROAD
openlibrary:OL21010323W,Saul Leiter,Martin Harrison,Early Black and White,,2007,Steidl,,Specialist photography publisher backlist: Steidl,C,4,Work-level metadata only; verify the exact publisher edition and printing.,,,Medium,https://openlibrary.org/works/OL21010323W,BROAD
openlibrary:OL36469143W,Saul Leiter,,Early Color (New Edition),,2013,Steidl,,Specialist photography publisher backlist: Steidl,C,4,Work-level metadata only; verify the exact publisher edition and printing.,,,Medium,https://openlibrary.org/works/OL36469143W,BROAD
openlibrary:OL21150934W,Saul Leiter,Robert Benton | Carole Naggar,In My Room,,2017,Steidl,,Specialist photography publisher backlist: Steidl,C,4,Work-level metadata only; verify the exact publisher edition and printing.,,,Medium,https://openlibrary.org/works/OL21150934W,BROAD
openlibrary:OL13750476W,Saul Leiter,,Saul Leiter,,2008,Steidl,,Specialist photography publisher backlist: Steidl,C,4,Work-level metadata only; verify the exact publisher edition and printing.,,,Medium,https://openlibrary.org/works/OL13750476W,BROAD
openlibrary:OL13786265W,Saul Leiter,,The Unseen Saul Leiter,,2006,Steidl,,Specialist photography publisher backlist: Steidl,C,4,Work-level metadata only; verify the exact publisher edition and printing.,,,Medium,https://openlibrary.org/works/OL13786265W,BROAD
openlibrary:OL3818512W,"Schmidt, Michael",,Berlin nach 45,,2005,Steidl,,Specialist photography publisher backlist: Steidl,C,4,Work-level metadata only; verify the exact publisher edition and printing.,,,Medium,https://openlibrary.org/works/OL3818512W,BROAD
openlibrary:OL36445228W,Sean Scully,Arthur C. Danto,Color of Time,,2004,Steidl,,Specialist photography publisher backlist: Steidl,C,4,Work-level metadata only; verify the exact publisher edition and printing.,,,Medium,https://openlibrary.org/works/OL36445228W,BROAD
openlibrary:OL2090626W,Sean Scully,Donald Kuspit | Maris Lluisa Borras | Danilo Eccher,Sean Scully,,1987,Steidl,,Specialist photography publisher backlist: Steidl,C,4,Work-level metadata only; verify the exact publisher edition and printing.,,,Medium,https://openlibrary.org/works/OL2090626W,BROAD
openlibrary:OL32335921W,Sebastian Lux,,Schaut her!,,2020,Steidl,,Specialist photography publisher backlist: Steidl,C,4,Work-level metadata only; verify the exact publisher edition and printing.,,,Medium,https://openlibrary.org/works/OL32335921W,BROAD
openlibrary:OL520235W,Sebastião Salgado,Eduardo Galeano | Fred Ritchen | Fred Ritchin,An uncertain grace,,1990,Aperture,,Specialist photography publisher backlist: Aperture | Specialist photography publisher backlist: Thames & Hudson,C,4,Work-level metadata only; verify the exact publisher edition and printing.,,,Medium,https://openlibrary.org/works/OL520235W,BROAD
openlibrary:OL520226W,Sebastião Salgado,,Migrations,,2000,Aperture,,Specialist photography publisher backlist: Aperture,C,4,Work-level metadata only; verify the exact publisher edition and printing.,,,Medium,https://openlibrary.org/works/OL520226W,BROAD
openlibrary:OL520237W,Sebastião Salgado,Chico Buarque De Hollanda | Chico Buarque,Terra,,1997,Aperture,,Specialist photography publisher backlist: Aperture | Specialist photography publisher backlist: Phaidon,C,4,Work-level metadata only; verify the exact publisher edition and printing.,,,Medium,https://openlibrary.org/works/OL520237W,BROAD
openlibrary:OL520223W,Sebastião Salgado,,The children,,2000,Aperture,,Specialist photography publisher backlist: Aperture,C,4,Work-level metadata only; verify the exact publisher edition and printing.,,,Medium,https://openlibrary.org/works/OL520223W,BROAD
openlibrary:OL520238W,Sebastião Salgado,Lélia Wanick Salgado,Workers,,1993,Aperture,,Specialist photography publisher backlist: Aperture | Specialist photography publisher backlist: Taschen | Specialist photography publisher backlist: Phaidon,C,4,Work-level metadata only; verify the exact publisher edition and printing.,,,Medium,https://openlibrary.org/works/OL520238W,BROAD
openlibrary:OL3850451W,Seiichi Furuya,,Alive,,2004,Scalo,,Specialist photography publisher backlist: Scalo,B,4,Work-level metadata only; verify the exact publisher edition and printing.,,,Medium,https://openlibrary.org/works/OL3850451W,BROAD
openlibrary:OL3850452W,Seiichi Furuya,,Memoires 1995,,1995,Scalo,,Specialist photography publisher backlist: Scalo,B,4,Work-level metadata only; verify the exact publisher edition and printing.,,,Medium,https://openlibrary.org/works/OL3850452W,BROAD
openlibrary:OL32026204W,Serbest Salih,,I saw the air fly,,2021,MACK,,Specialist photography publisher backlist: MACK,B,4,Work-level metadata only; verify the exact publisher edition and printing.,,,Medium,https://openlibrary.org/works/OL32026204W,BROAD
openlibrary:OL20213925W,Sergio Larrain,,Sergio Larrain,,2017,Aperture,,Specialist photography publisher backlist: Aperture | Specialist photography publisher backlist: Thames & Hudson,C,4,Work-level metadata only; verify the exact publisher edition and printing.,,,Medium,https://openlibrary.org/works/OL20213925W,BROAD
openlibrary:OL25901208W,Serrah Russell,,Tears Tears,,2019,Yoffy Press,,Specialist photography publisher backlist: Yoffy Press,B,4,Work-level metadata only; verify the exact publisher edition and printing.,,,Medium,https://openlibrary.org/works/OL25901208W,BROAD
openlibrary:OL25634881W,Seth Lower,,Units,,2019,MACK,,Specialist photography publisher backlist: MACK,B,4,Work-level metadata only; verify the exact publisher edition and printing.,,,Medium,https://openlibrary.org/works/OL25634881W,BROAD
openlibrary:OL12864401W,Seydou Keita,,Seydou Keïta,,1997,Scalo,,Specialist photography publisher backlist: Scalo,B,4,Work-level metadata only; verify the exact publisher edition and printing.,,,Medium,https://openlibrary.org/works/OL12864401W,BROAD
openlibrary:OL17539056W,Shai Kremer,,Infected Landscape Israel Broken Promised Land,,2008,Dewi Lewis,,Specialist photography publisher backlist: Dewi Lewis,B,4,Work-level metadata only; verify the exact publisher edition and printing.,,,Medium,https://openlibrary.org/works/OL17539056W,BROAD
openlibrary:OL2299942W,Shanta Rao,Selim Nassib | Charles-Henri Favrod,Stories of women,,1995,Dewi Lewis,,Specialist photography publisher backlist: Dewi Lewis,B,4,Work-level metadata only; verify the exact publisher edition and printing.,,,Medium,https://openlibrary.org/works/OL2299942W,BROAD
openlibrary:OL19723005W,Shantrelle P. Lewis,,Dandy lion,,2017,Aperture,,Specialist photography publisher backlist: Aperture,C,4,Work-level metadata only; verify the exact publisher edition and printing.,,,Medium,https://openlibrary.org/works/OL19723005W,BROAD
openlibrary:OL12398868W,Sharon Ya'ari,,Sharon Ya'ari,,1999,Steidl,,Specialist photography publisher backlist: Steidl,C,4,Work-level metadata only; verify the exact publisher edition and printing.,,,Medium,https://openlibrary.org/works/OL12398868W,BROAD
openlibrary:OL18528433W,Sheila J. Foster,Manfred Heiting,Imagining paradise,,2007,Steidl,,Specialist photography publisher backlist: Steidl,C,4,Work-level metadata only; verify the exact publisher edition and printing.,,,Medium,https://openlibrary.org/works/OL18528433W,BROAD
openlibrary:OL3997744W,Sheila Metzner,,Color,,1991,Twin Palms,,Specialist photography publisher backlist: Twin Palms,B,4,Work-level metadata only; verify the exact publisher edition and printing.,,,Medium,https://openlibrary.org/works/OL3997744W,BROAD
openlibrary:OL3997743W,Sheila Metzner,,Sheila Metzner,,1991,Twin Palms,,Specialist photography publisher backlist: Twin Palms,B,4,Work-level metadata only; verify the exact publisher edition and printing.,,,Medium,https://openlibrary.org/works/OL3997743W,BROAD
openlibrary:OL35776002W,Shelby Lee Adams,,From the Heads of the Hollers,,2023,GOST,,Specialist photography publisher backlist: GOST,B,4,Work-level metadata only; verify the exact publisher edition and printing.,,,Medium,https://openlibrary.org/works/OL35776002W,BROAD
openlibrary:OL14961589W,Sherifa Zuhur,,Nazar,,2005,Aperture,,Specialist photography publisher backlist: Aperture,C,4,Work-level metadata only; verify the exact publisher edition and printing.,,,Medium,https://openlibrary.org/works/OL14961589W,BROAD
openlibrary:OL32682994W,Shimon Attie,,Shimon Attie,,2016,Nazraeli Press,,Specialist photography publisher backlist: Nazraeli Press,B,4,Work-level metadata only; verify the exact publisher edition and printing.,,,Medium,https://openlibrary.org/works/OL32682994W,BROAD
openlibrary:OL577711W,Shimon Attie,,The History of Another,,2004,Twin Palms,,Specialist photography publisher backlist: Twin Palms,B,4,Work-level metadata only; verify the exact publisher edition and printing.,,,Medium,https://openlibrary.org/works/OL577711W,BROAD
openlibrary:OL9898736W,Shingo Wakagi,,Takuji,,1999,Nazraeli Press,,Specialist photography publisher backlist: Nazraeli Press,B,4,Work-level metadata only; verify the exact publisher edition and printing.,,,Medium,https://openlibrary.org/works/OL9898736W,BROAD
openlibrary:OL2137784W,Shirin Neshat,Ruth Noack | Matt Gerald | Gerald Matt,Shirin Neshat,,1997,Steidl,,Specialist photography publisher backlist: Steidl,C,4,Work-level metadata only; verify the exact publisher edition and printing.,,,Medium,https://openlibrary.org/works/OL2137784W,BROAD
openlibrary:OL4812075W,Shirley Burden,,"Presence, photographs with observations",,1981,Aperture,,Specialist photography publisher backlist: Aperture,C,4,Work-level metadata only; verify the exact publisher edition and printing.,,,Medium,https://openlibrary.org/works/OL4812075W,BROAD
openlibrary:OL4812074W,Shirley Burden,,The many faces of Mary,,1989,Aperture,,Specialist photography publisher backlist: Aperture,C,4,Work-level metadata only; verify the exact publisher edition and printing.,,,Medium,https://openlibrary.org/works/OL4812074W,BROAD
openlibrary:OL19991686W,Shōmei Tōmatsu,,Chewing Gum and Chocolate,,2014,Aperture,,Specialist photography publisher backlist: Aperture,C,4,Work-level metadata only; verify the exact publisher edition and printing.,,,Medium,https://openlibrary.org/works/OL19991686W,BROAD
openlibrary:OL8954182W,Shuzo Takiguchi,,Eikoh Hosoe,,2005,Aperture,,Specialist photography publisher backlist: Aperture,C,4,Work-level metadata only; verify the exact publisher edition and printing.,,,Medium,https://openlibrary.org/works/OL8954182W,BROAD
openlibrary:OL8937181W,Sian Bonnell,,Everyday Dada,,2007,Dewi Lewis,,Specialist photography publisher backlist: Dewi Lewis,B,4,Work-level metadata only; verify the exact publisher edition and printing.,,,Medium,https://openlibrary.org/works/OL8937181W,BROAD
openlibrary:OL37584115W,Sidney B. Felsen,,Sidney B. Felsen - Richard Serra at Gemini,,2023,Steidl,,Specialist photography publisher backlist: Steidl,C,4,Work-level metadata only; verify the exact publisher edition and printing.,,,Medium,https://openlibrary.org/works/OL37584115W,BROAD
openlibrary:OL5759966W,Sidney B. Felsen,,The artist observed,,2003,Twin Palms,,Specialist photography publisher backlist: Twin Palms,B,4,Work-level metadata only; verify the exact publisher edition and printing.,,,Medium,https://openlibrary.org/works/OL5759966W,BROAD
openlibrary:OL9594980W,Silver Mountain Foundation,,Minor White,,1984,Aperture,,Specialist photography publisher backlist: Aperture,C,4,Work-level metadata only; verify the exact publisher edition and printing.,,,Medium,https://openlibrary.org/works/OL9594980W,BROAD
openlibrary:OL5753877W,Simen Johan,,Room to play,,2002,Twin Palms,,Specialist photography publisher backlist: Twin Palms,B,4,Work-level metadata only; verify the exact publisher edition and printing.,,,Medium,https://openlibrary.org/works/OL5753877W,BROAD
openlibrary:OL20054549W,Simon Baker,Shoair Mavlian | Newell Harbin | Elton John,The radical eye,,2016,Aperture,,Specialist photography publisher backlist: Aperture,C,4,Work-level metadata only; verify the exact publisher edition and printing.,,,Medium,https://openlibrary.org/works/OL20054549W,BROAD
openlibrary:OL32490214W,Simon Chaput,,Jantar Mantar,,2016,Nazraeli Press,,Specialist photography publisher backlist: Nazraeli Press,B,4,Work-level metadata only; verify the exact publisher edition and printing.,,,Medium,https://openlibrary.org/works/OL32490214W,BROAD
openlibrary:OL5879305W,Simon Norfolk,,Afghanistan chronotopia,,2002,Dewi Lewis,,Specialist photography publisher backlist: Dewi Lewis,B,4,Work-level metadata only; verify the exact publisher edition and printing.,,,Medium,https://openlibrary.org/works/OL5879305W,BROAD
openlibrary:OL5879303W,Simon Norfolk,,Bleed,,2005,Dewi Lewis,,Specialist photography publisher backlist: Dewi Lewis,B,4,Work-level metadata only; verify the exact publisher edition and printing.,,,Medium,https://openlibrary.org/works/OL5879303W,BROAD
openlibrary:OL5879304W,Simon Norfolk,Essay Ignatieff | Michael Ignatieff,For most of it I have no words,,1998,Dewi Lewis,,Specialist photography publisher backlist: Dewi Lewis,B,4,Work-level metadata only; verify the exact publisher edition and printing.,,,Medium,https://openlibrary.org/works/OL5879304W,BROAD
openlibrary:OL5653435W,Sirkka-Liisa Konttinen,,Writing in the Sand,,2000,Dewi Lewis,,Specialist photography publisher backlist: Dewi Lewis,B,4,Work-level metadata only; verify the exact publisher edition and printing.,,,Medium,https://openlibrary.org/works/OL5653435W,BROAD
openlibrary:OL9050937W,Slavica Perkovic,,"Betty, Kim, Irena, Slavika",,2001,Steidl,,Specialist photography publisher backlist: Steidl,C,4,Work-level metadata only; verify the exact publisher edition and printing.,,,Medium,https://openlibrary.org/works/OL9050937W,BROAD
openlibrary:OL32998965W,Slavica Perkovic,,Nika forever,,2011,Steidl,,Specialist photography publisher backlist: Steidl,C,4,Work-level metadata only; verify the exact publisher edition and printing.,,,Medium,https://openlibrary.org/works/OL32998965W,BROAD
openlibrary:OL9057619W,Slawomir Zulawinski,,Intersection,,2006,Scalo,,Specialist photography publisher backlist: Scalo,B,4,Work-level metadata only; verify the exact publisher edition and printing.,,,Medium,https://openlibrary.org/works/OL9057619W,BROAD
openlibrary:OL3523713W,"Sommer, Frederick",,"Frederick Sommer, 1939-1962",,1962,Aperture,,Specialist photography publisher backlist: Aperture,C,4,Work-level metadata only; verify the exact publisher edition and printing.,,,Medium,https://openlibrary.org/works/OL3523713W,BROAD
openlibrary:OL15944848W,Sophie Calle,,True stories,,2010,Steidl,,Specialist photography publisher backlist: Steidl,C,4,Work-level metadata only; verify the exact publisher edition and printing.,,,Medium,https://openlibrary.org/works/OL15944848W,BROAD
openlibrary:OL18207889W,Sophie Howarth,M. Darsie Alexander,Singular images,,2005,Aperture,,Specialist photography publisher backlist: Aperture,C,4,Work-level metadata only; verify the exact publisher edition and printing.,,,Medium,https://openlibrary.org/works/OL18207889W,BROAD
openlibrary:OL21351437W,Sophy Rickett,,Curious Moaning of Kenfig Burrows,,2019,GOST,,Specialist photography publisher backlist: GOST,B,4,Work-level metadata only; verify the exact publisher edition and printing.,,,Medium,https://openlibrary.org/works/OL21351437W,BROAD
openlibrary:OL21278238W,Sophy Rickett,,Death of a Beautiful Subject,,2016,GOST,,Specialist photography publisher backlist: GOST,B,4,Work-level metadata only; verify the exact publisher edition and printing.,,,Medium,https://openlibrary.org/works/OL21278238W,BROAD
openlibrary:OL38030251W,Stacy Kranitz,,As It Was Given to Me,,2021,Twin Palms,,Specialist photography publisher backlist: Twin Palms,B,4,Work-level metadata only; verify the exact publisher edition and printing.,,,Medium,https://openlibrary.org/works/OL38030251W,BROAD
openlibrary:OL21076255W,Stan Douglas,,Stan Douglas,,2011,MACK,,Specialist photography publisher backlist: MACK | Specialist photography publisher backlist: Steidl,B,4,Work-level metadata only; verify the exact publisher edition and printing.,,,Medium,https://openlibrary.org/works/OL21076255W,BROAD
openlibrary:OL3371356W,Stan Grossfeld,,Lost futures,,1997,Aperture,,Specialist photography publisher backlist: Aperture,C,4,Work-level metadata only; verify the exact publisher edition and printing.,,,Medium,https://openlibrary.org/works/OL3371356W,BROAD
openlibrary:OL8694686W,Stanley B. Burns,,A morning's work,,1998,Twin Palms,,Specialist photography publisher backlist: Twin Palms,B,4,Work-level metadata only; verify the exact publisher edition and printing.,,,Medium,https://openlibrary.org/works/OL8694686W,BROAD
openlibrary:OL16642924W,Stanley Greene,,Black passport,,2009,Aperture,,Specialist photography publisher backlist: Aperture,C,4,Work-level metadata only; verify the exact publisher edition and printing.,,,Medium,https://openlibrary.org/works/OL16642924W,BROAD
openlibrary:OL31920617W,Stanley Wolukau-Wanambwa,,Dark mirrors,,2021,MACK,,Specialist photography publisher backlist: MACK,B,4,Work-level metadata only; verify the exact publisher edition and printing.,,,Medium,https://openlibrary.org/works/OL31920617W,BROAD
openlibrary:OL25763738W,Stanley Wolukau-Wanambwa,Paul Pfeiffer | Batia Suter,"Lives of Images, Vol. 1",,2021,Aperture,,Specialist photography publisher backlist: Aperture,C,4,Work-level metadata only; verify the exact publisher edition and printing.,,,Medium,https://openlibrary.org/works/OL25763738W,BROAD
openlibrary:OL9054495W,Stefan Banz,Christopher Doswald,I built this garden for us,,2000,Scalo,,Specialist photography publisher backlist: Scalo | Specialist photography publisher backlist: Edition Patrick Frey,B,4,Work-level metadata only; verify the exact publisher edition and printing.,,,Medium,https://openlibrary.org/works/OL9054495W,BROAD
openlibrary:OL32261368W,Stefan Gmünder,Lois Hechenblaikner,Ischgl,,2020,Steidl,,Specialist photography publisher backlist: Steidl,C,4,Work-level metadata only; verify the exact publisher edition and printing.,,,Medium,https://openlibrary.org/works/OL32261368W,BROAD
openlibrary:OL17531219W,Stefan Ruiz,,San Francisco Berlin,,2011,Chris Boot,,Specialist photography publisher backlist: Chris Boot,B,4,Work-level metadata only; verify the exact publisher edition and printing.,,,Medium,https://openlibrary.org/works/OL17531219W,BROAD
openlibrary:OL22635279W,Stefan Ruiz,,The factory of dreams,,2012,Aperture,,Specialist photography publisher backlist: Aperture,C,4,Work-level metadata only; verify the exact publisher edition and printing.,,,Medium,https://openlibrary.org/works/OL22635279W,BROAD
openlibrary:OL32493757W,Stefanie Moshammer,,Stefanie Moshammer,,2017,Skinnerboox,,Specialist photography publisher backlist: Skinnerboox,B,4,Work-level metadata only; verify the exact publisher edition and printing.,,,Medium,https://openlibrary.org/works/OL32493757W,BROAD
openlibrary:OL9060471W,Stefano Boeri,Gabriele Basilico,Italy,,1998,Scalo,,Specialist photography publisher backlist: Scalo,B,4,Work-level metadata only; verify the exact publisher edition and printing.,,,Medium,https://openlibrary.org/works/OL9060471W,BROAD
openlibrary:OL17410222W,Steidl Icp,,Dress Codes The Third Icp Triennial Of Photography And Video,,2010,Steidl,,Specialist photography publisher backlist: Steidl,C,4,Work-level metadata only; verify the exact publisher edition and printing.,,,Medium,https://openlibrary.org/works/OL17410222W,BROAD
openlibrary:OL17855733W,Steidl Verlag,,Steidl,,2012,Steidl,,Specialist photography publisher backlist: Steidl,C,4,Work-level metadata only; verify the exact publisher edition and printing.,,,Medium,https://openlibrary.org/works/OL17855733W,BROAD
openlibrary:OL21278285W,Stephanic Borcard,Nicolas Metraux,"Grey Skies, Black Birds",,2016,GOST,,Specialist photography publisher backlist: GOST,B,4,Work-level metadata only; verify the exact publisher edition and printing.,,,Medium,https://openlibrary.org/works/OL21278285W,BROAD
openlibrary:OL28083779W,Stephanie Taiber,,Bearing His Flowers,,2022,Yoffy Press,,Specialist photography publisher backlist: Yoffy Press,B,4,Work-level metadata only; verify the exact publisher edition and printing.,,,Medium,https://openlibrary.org/works/OL28083779W,BROAD
openlibrary:OL17418866W,Stephen Dupont,,Generation Ak The Afghanistan Wars 19932012,,2014,Steidl,,Specialist photography publisher backlist: Steidl,C,4,Work-level metadata only; verify the exact publisher edition and printing.,,,Medium,https://openlibrary.org/works/OL17418866W,BROAD
openlibrary:OL42282309W,Stephen Gill,,A book of field studies,,2004,Chris Boot,,Specialist photography publisher backlist: Chris Boot,B,4,Work-level metadata only; verify the exact publisher edition and printing.,,,Medium,https://openlibrary.org/works/OL42282309W,BROAD
openlibrary:OL19218063W,Stephen Jay Gould,"Thomas, Peter",On the nature of things,,1993,Aperture,,Specialist photography publisher backlist: Aperture,C,4,Work-level metadata only; verify the exact publisher edition and printing.,,,Medium,https://openlibrary.org/works/OL19218063W,BROAD
openlibrary:OL21546968W,Stephen Sh,Stephan Schmidt-Wulffen | Stephen Shore | Lynne Tillman,Stephen Shore - Uncommon Places,,2014,Aperture,,Specialist photography publisher backlist: Aperture,C,4,Work-level metadata only; verify the exact publisher edition and printing.,,,Medium,https://openlibrary.org/works/OL21546968W,BROAD
openlibrary:OL19130620W,Stephen Shames,Carolyn Gatz,Empower zone,,2000,Aperture,,Specialist photography publisher backlist: Aperture,C,4,Work-level metadata only; verify the exact publisher edition and printing.,,,Medium,https://openlibrary.org/works/OL19130620W,BROAD
openlibrary:OL27819486W,Stephen Shore,,Modern Instances : The Craft of Photography,,2022,MACK,,Specialist photography publisher backlist: MACK,B,4,Work-level metadata only; verify the exact publisher edition and printing.,,,Medium,https://openlibrary.org/works/OL27819486W,BROAD
openlibrary:OL2673835W,Stephen Shore,,The gardens at Giverny,,1983,Aperture,,Specialist photography publisher backlist: Aperture,C,4,Work-level metadata only; verify the exact publisher edition and printing.,,,Medium,https://openlibrary.org/works/OL2673835W,BROAD
openlibrary:OL22611449W,Stephen Waddell,,Hunt and gather,,2011,Steidl,,Specialist photography publisher backlist: Steidl,C,4,Work-level metadata only; verify the exact publisher edition and printing.,,,Medium,https://openlibrary.org/works/OL22611449W,BROAD
openlibrary:OL21610636W,Stephen Waddell,,Stephen Waddell,,2017,Steidl,,Specialist photography publisher backlist: Steidl,C,4,Work-level metadata only; verify the exact publisher edition and printing.,,,Medium,https://openlibrary.org/works/OL21610636W,BROAD
openlibrary:OL17409483W,Steve Baker,,Fieldwork,,2011,Aperture,,Specialist photography publisher backlist: Aperture,C,4,Work-level metadata only; verify the exact publisher edition and printing.,,,Medium,https://openlibrary.org/works/OL17409483W,BROAD
openlibrary:OL8937176W,Steve Horn,,Pictures Without Borders,,2005,Dewi Lewis,,Specialist photography publisher backlist: Dewi Lewis,B,4,Work-level metadata only; verify the exact publisher edition and printing.,,,Medium,https://openlibrary.org/works/OL8937176W,BROAD
openlibrary:OL2014783W,Steve Lehman,Mark Bailey | Jack Woody,The Tibetans,,1998,Twin Palms,,Specialist photography publisher backlist: Twin Palms,B,4,Work-level metadata only; verify the exact publisher edition and printing.,,,Medium,https://openlibrary.org/works/OL2014783W,BROAD
openlibrary:OL18440466W,Steven Kasher,,Least wanted,,2006,Steidl,,Specialist photography publisher backlist: Steidl,C,4,Work-level metadata only; verify the exact publisher edition and printing.,,,Medium,https://openlibrary.org/works/OL18440466W,BROAD
openlibrary:OL16135195W,Stu Levy,,Grid-portraits,,2010,Nazraeli Press,,Specialist photography publisher backlist: Nazraeli Press,B,4,Work-level metadata only; verify the exact publisher edition and printing.,,,Medium,https://openlibrary.org/works/OL16135195W,BROAD
openlibrary:OL41890369W,Stu Levy,Nazraeli Press Staff,Honk If You Love Stieglitz,,2012,Nazraeli Press,,Specialist photography publisher backlist: Nazraeli Press,B,4,Work-level metadata only; verify the exact publisher edition and printing.,,,Medium,https://openlibrary.org/works/OL41890369W,BROAD
openlibrary:OL15627121W,Stuart O'Sullivan,,A shared history,,2009,Nazraeli Press,,Specialist photography publisher backlist: Nazraeli Press,B,4,Work-level metadata only; verify the exact publisher edition and printing.,,,Medium,https://openlibrary.org/works/OL15627121W,BROAD
openlibrary:OL36446006W,Sune Jonsson,Greger Ulf Nilson | Henrik Nygren,Sune Jonsson,,2013,Steidl,,Specialist photography publisher backlist: Steidl,C,4,Work-level metadata only; verify the exact publisher edition and printing.,,,Medium,https://openlibrary.org/works/OL36446006W,BROAD
openlibrary:OL2709945W,Sunil Khilnani,,Dayanita Singh,,2007,Steidl,,Specialist photography publisher backlist: Steidl,C,4,Work-level metadata only; verify the exact publisher edition and printing.,,,Medium,https://openlibrary.org/works/OL2709945W,BROAD
openlibrary:OL45187253W,Susan A. Zadeh,,Drowned in a dream,,2019,Nazraeli Press,,Specialist photography publisher backlist: Nazraeli Press,B,4,Work-level metadata only; verify the exact publisher edition and printing.,,,Medium,https://openlibrary.org/works/OL45187253W,BROAD
openlibrary:OL2461794W,Susan Bright,,Art Photography Now,,2005,Aperture,,Specialist photography publisher backlist: Aperture | Specialist photography publisher backlist: Thames & Hudson,C,4,Work-level metadata only; verify the exact publisher edition and printing.,,,Medium,https://openlibrary.org/works/OL2461794W,BROAD
openlibrary:OL16568398W,Susan Derges,,Elemental,,2010,Steidl,,Specialist photography publisher backlist: Steidl,C,4,Work-level metadata only; verify the exact publisher edition and printing.,,,Medium,https://openlibrary.org/works/OL16568398W,BROAD
openlibrary:OL25634337W,Susan Lipper,MACK (Publishing firm) Staff,Domesticated Land,,2018,MACK,,Specialist photography publisher backlist: MACK,B,4,Work-level metadata only; verify the exact publisher edition and printing.,,,Medium,https://openlibrary.org/works/OL25634337W,BROAD
openlibrary:OL18435371W,Susan Lipper,,Trip,,1999,Dewi Lewis,,Specialist photography publisher backlist: Dewi Lewis,B,4,Work-level metadata only; verify the exact publisher edition and printing.,,,Medium,https://openlibrary.org/works/OL18435371W,BROAD
openlibrary:OL3359829W,Susan Meiselas,,Carnival strippers,,1976,Steidl,,Specialist photography publisher backlist: Steidl,C,4,Work-level metadata only; verify the exact publisher edition and printing.,,,Medium,https://openlibrary.org/works/OL3359829W,BROAD
openlibrary:OL20059574W,Susan Meiselas,,"Nicaragua, June 1978-July 1979",,2016,Aperture,,Specialist photography publisher backlist: Aperture,C,4,Work-level metadata only; verify the exact publisher edition and printing.,,,Medium,https://openlibrary.org/works/OL20059574W,BROAD
openlibrary:OL19726366W,Susan Meiselas,,On the frontline,,2017,Aperture,,Specialist photography publisher backlist: Aperture,C,4,Work-level metadata only; verify the exact publisher edition and printing.,,,Medium,https://openlibrary.org/works/OL19726366W,BROAD
openlibrary:OL36651752W,Susanne Breidenbach,Gabriele Conrath-Scholl | Lucinda Devlin,Lucinda Devlin - Frames of Reference,,2023,Steidl,,Specialist photography publisher backlist: Steidl,C,4,Work-level metadata only; verify the exact publisher edition and printing.,,,Medium,https://openlibrary.org/works/OL36651752W,BROAD
openlibrary:OL9050924W,Susanne Ricard-Konig,,* Strip,,1998,Steidl,,Specialist photography publisher backlist: Steidl,C,4,Work-level metadata only; verify the exact publisher edition and printing.,,,Medium,https://openlibrary.org/works/OL9050924W,BROAD
openlibrary:OL448218W,Sylvia Plachy,,Self portrait with cows going home,,2004,Aperture,,Specialist photography publisher backlist: Aperture,C,4,Work-level metadata only; verify the exact publisher edition and printing.,,,Medium,https://openlibrary.org/works/OL448218W,BROAD
openlibrary:OL115723W,Sylvia Plachy,,Sylvia Plachy,,1996,Aperture,,Specialist photography publisher backlist: Aperture,C,4,Work-level metadata only; verify the exact publisher edition and printing.,,,Medium,https://openlibrary.org/works/OL115723W,BROAD
openlibrary:OL115724W,Sylvia Plachy,,Sylvia Plachy's unguided tour,,1990,Aperture,,Specialist photography publisher backlist: Aperture | Specialist photography publisher backlist: Cornerhouse,C,4,Work-level metadata only; verify the exact publisher edition and printing.,,,Medium,https://openlibrary.org/works/OL115724W,BROAD
openlibrary:OL18443862W,Sylvia Wolf,Leon Golub | Michal Rovner,Michal Rovner,,2002,Steidl,,Specialist photography publisher backlist: Steidl,C,4,Work-level metadata only; verify the exact publisher edition and printing.,,,Medium,https://openlibrary.org/works/OL18443862W,BROAD
openlibrary:OL9024838W,Sze Tsung Leong,Norman Bryson | Stephen Shore,History images,,2006,Steidl,,Specialist photography publisher backlist: Steidl,C,4,Work-level metadata only; verify the exact publisher edition and printing.,,,Medium,https://openlibrary.org/works/OL9024838W,BROAD
openlibrary:OL25055687W,Sze Tsung Nicolás Leong,Thierry Grillet,Sze Tsung Nicolás Leong,,2019,Steidl,,Specialist photography publisher backlist: Steidl,C,4,Work-level metadata only; verify the exact publisher edition and printing.,,,Medium,https://openlibrary.org/works/OL25055687W,BROAD
openlibrary:OL445241W,T. H. Watkins,,Vanishing Arctic,,1988,Aperture,,Specialist photography publisher backlist: Aperture,C,4,Work-level metadata only; verify the exact publisher edition and printing.,,,Medium,https://openlibrary.org/works/OL445241W,BROAD
openlibrary:OL19726346W,Tabitha Soren,,Fantasy life,,2017,Aperture,,Specialist photography publisher backlist: Aperture,C,4,Work-level metadata only; verify the exact publisher edition and printing.,,,Medium,https://openlibrary.org/works/OL19726346W,BROAD
openlibrary:OL25878431W,Tabitha Soren,,Trace,,2018,Yoffy Press,,Specialist photography publisher backlist: Yoffy Press,B,4,Work-level metadata only; verify the exact publisher edition and printing.,,,Medium,https://openlibrary.org/works/OL25878431W,BROAD
openlibrary:OL2030256W,Tacita Dean,,Floh,,2001,Steidl,,Specialist photography publisher backlist: Steidl,C,4,Work-level metadata only; verify the exact publisher edition and printing.,,,Medium,https://openlibrary.org/works/OL2030256W,BROAD
openlibrary:OL21274682W,Taiyo Onorato,,Taiyo Onorato,,2015,Edition Patrick Frey,,Specialist photography publisher backlist: Edition Patrick Frey,B,4,Work-level metadata only; verify the exact publisher edition and printing.,,,Medium,https://openlibrary.org/works/OL21274682W,BROAD
openlibrary:OL9054532W,Takashi Homma,,Takashi Homma,,2006,Aperture,,Specialist photography publisher backlist: Aperture,C,4,Work-level metadata only; verify the exact publisher edition and printing.,,,Medium,https://openlibrary.org/works/OL9054532W,BROAD
openlibrary:OL25633992W,Takashi Honma,,Narcissistic City,,2016,MACK,,Specialist photography publisher backlist: MACK,B,4,Work-level metadata only; verify the exact publisher edition and printing.,,,Medium,https://openlibrary.org/works/OL25633992W,BROAD
openlibrary:OL15035962W,Takashi Honma,,Takashi Homma,,2008,Aperture,,Specialist photography publisher backlist: Aperture,C,4,Work-level metadata only; verify the exact publisher edition and printing.,,,Medium,https://openlibrary.org/works/OL15035962W,BROAD
openlibrary:OL25636873W,Takashi Honma,,Takashi Homma - Trails,,2019,MACK,,Specialist photography publisher backlist: MACK,B,4,Work-level metadata only; verify the exact publisher edition and printing.,,,Medium,https://openlibrary.org/works/OL25636873W,BROAD
openlibrary:OL44581891W,Takuma Nakahira,Daniel Abbe | Franz Prichard,At the Limits of the Gaze,,2025,Aperture,,Specialist photography publisher backlist: Aperture,C,4,Work-level metadata only; verify the exact publisher edition and printing.,,,Medium,https://openlibrary.org/works/OL44581891W,BROAD
openlibrary:OL21352432W,Talia Chetrit,,Showcaller,,2019,MACK,,Specialist photography publisher backlist: MACK,B,4,Work-level metadata only; verify the exact publisher edition and printing.,,,Medium,https://openlibrary.org/works/OL21352432W,BROAD
openlibrary:OL19099399W,Tamar Garb,,Figures and Fictions: Contemporary South African Photography,,2011,Steidl,,Specialist photography publisher backlist: Steidl,C,4,Work-level metadata only; verify the exact publisher edition and printing.,,,Medium,https://openlibrary.org/works/OL19099399W,BROAD
openlibrary:OL39616762W,Tanya Marcuse,,Fruitless,,2008,Nazraeli Press,,Specialist photography publisher backlist: Nazraeli Press,B,4,Work-level metadata only; verify the exact publisher edition and printing.,,,Medium,https://openlibrary.org/works/OL39616762W,BROAD
openlibrary:OL27936579W,Tarrah Krajnak,,Master Rituals,,2022,TBW Books,,Specialist photography publisher backlist: TBW Books,B,4,Work-level metadata only; verify the exact publisher edition and printing.,,,Medium,https://openlibrary.org/works/OL27936579W,BROAD
openlibrary:OL12404540W,Taryn Simon,,An American index of the hidden and unfamiliar,,2007,Steidl,,Specialist photography publisher backlist: Steidl,C,4,Work-level metadata only; verify the exact publisher edition and printing.,,,Medium,https://openlibrary.org/works/OL12404540W,BROAD
openlibrary:OL33025997W,Taryn Simon,,Contraband,,2010,Steidl,,Specialist photography publisher backlist: Steidl,C,4,Work-level metadata only; verify the exact publisher edition and printing.,,,Medium,https://openlibrary.org/works/OL33025997W,BROAD
openlibrary:OL26331443W,Taysir Batniji,Lewis Chaplin,Taysir Batniji,,2018,Aperture,,Specialist photography publisher backlist: Aperture,C,4,Work-level metadata only; verify the exact publisher edition and printing.,,,Medium,https://openlibrary.org/works/OL26331443W,BROAD
openlibrary:OL32071814W,Teju Cole,,Fernweh,,2020,MACK,,Specialist photography publisher backlist: MACK,B,4,Work-level metadata only; verify the exact publisher edition and printing.,,,Medium,https://openlibrary.org/works/OL32071814W,BROAD
openlibrary:OL31870209W,Teju Cole,,Golden apple of the sun,,2021,MACK,,Specialist photography publisher backlist: MACK,B,4,Work-level metadata only; verify the exact publisher edition and printing.,,,Medium,https://openlibrary.org/works/OL31870209W,BROAD
openlibrary:OL37487153W,TELLER JUERGEN,,Ohne Titel A Collaboration between Juergen Teller Cindy Sherman and Marc Jacobs /anglais,,2006,Steidl,,Specialist photography publisher backlist: Steidl,C,4,Work-level metadata only; verify the exact publisher edition and printing.,,,Medium,https://openlibrary.org/works/OL37487153W,BROAD
openlibrary:OL9054501W,Teresa Chen,,Teresa Chen,,2002,Scalo,,Specialist photography publisher backlist: Scalo,B,4,Work-level metadata only; verify the exact publisher edition and printing.,,,Medium,https://openlibrary.org/works/OL9054501W,BROAD
openlibrary:OL32335490W,Teresa Eng,,China dream,,2019,Skinnerboox,,Specialist photography publisher backlist: Skinnerboox,B,4,Work-level metadata only; verify the exact publisher edition and printing.,,,Medium,https://openlibrary.org/works/OL32335490W,BROAD
openlibrary:OL25874098W,Terri Bright,,Sonnets,,2016,Yoffy Press,,Specialist photography publisher backlist: Yoffy Press,B,4,Work-level metadata only; verify the exact publisher edition and printing.,,,Medium,https://openlibrary.org/works/OL25874098W,BROAD
openlibrary:OL9057896W,Terri Weifenbach,,25 June 1996,,2001,Nazraeli Press,,Specialist photography publisher backlist: Nazraeli Press,B,4,Work-level metadata only; verify the exact publisher edition and printing.,,,Medium,https://openlibrary.org/works/OL9057896W,BROAD
openlibrary:OL9057901W,Terri Weifenbach,,In Your Dreams,,1997,Nazraeli Press,,Specialist photography publisher backlist: Nazraeli Press,B,4,Work-level metadata only; verify the exact publisher edition and printing.,,,Medium,https://openlibrary.org/works/OL9057901W,BROAD
openlibrary:OL13664832W,Teun Hocks,Janet Koplos | Teun Hocks,Teun Hocks,,1997,Aperture,,Specialist photography publisher backlist: Aperture,C,4,Work-level metadata only; verify the exact publisher edition and printing.,,,Medium,https://openlibrary.org/works/OL13664832W,BROAD
openlibrary:OL19725243W,Theodora Vischer,Kristina Mundall | Katharina Volckmer | Wolfgang Tillmans,Wolfgang Tillmans,,2001,TBW Books,,Specialist photography publisher backlist: TBW Books,B,4,Work-level metadata only; verify the exact publisher edition and printing.,,,Medium,https://openlibrary.org/works/OL19725243W,BROAD
openlibrary:OL21158836W,Theseus Chan,,Eight Books for Asia,,2018,Steidl,,Specialist photography publisher backlist: Steidl,C,4,Work-level metadata only; verify the exact publisher edition and printing.,,,Medium,https://openlibrary.org/works/OL21158836W,BROAD
openlibrary:OL33017340W,Thobias Fäldt,,Year one,,2011,Steidl,,Specialist photography publisher backlist: Steidl,C,4,Work-level metadata only; verify the exact publisher edition and printing.,,,Medium,https://openlibrary.org/works/OL33017340W,BROAD
openlibrary:OL13403719W,Thomas Allen,,Uncovered,,2007,Aperture,,Specialist photography publisher backlist: Aperture,C,4,Work-level metadata only; verify the exact publisher edition and printing.,,,Medium,https://openlibrary.org/works/OL13403719W,BROAD
openlibrary:OL20703136W,Thomas Demand,,Blossom,,2015,MACK,,Specialist photography publisher backlist: MACK,B,4,Work-level metadata only; verify the exact publisher edition and printing.,,,Medium,https://openlibrary.org/works/OL20703136W,BROAD
openlibrary:OL21248228W,Thomas Demand,,Dailies,,2012,MACK,,Specialist photography publisher backlist: MACK,B,4,Work-level metadata only; verify the exact publisher edition and printing.,,,Medium,https://openlibrary.org/works/OL21248228W,BROAD
openlibrary:OL22421444W,Thomas Demand,,La carte d'après nature,,2010,MACK,,Specialist photography publisher backlist: MACK,B,4,Work-level metadata only; verify the exact publisher edition and printing.,,,Medium,https://openlibrary.org/works/OL22421444W,BROAD
openlibrary:OL31860232W,Thomas Demand,,Mundo de Papel,,2021,MACK,,Specialist photography publisher backlist: MACK,B,4,Work-level metadata only; verify the exact publisher edition and printing.,,,Medium,https://openlibrary.org/works/OL31860232W,BROAD
openlibrary:OL26336521W,Thomas Demand,Adam Caruso,Thomas Demand House of Card,,2020,MACK,,Specialist photography publisher backlist: MACK,B,4,Work-level metadata only; verify the exact publisher edition and printing.,,,Medium,https://openlibrary.org/works/OL26336521W,BROAD
openlibrary:OL32992159W,Thomas Demand,,"Thomas Demand, Nationalgalerie",,2009,MACK,,Specialist photography publisher backlist: MACK | Specialist photography publisher backlist: Steidl,B,4,Work-level metadata only; verify the exact publisher edition and printing.,,,Medium,https://openlibrary.org/works/OL32992159W,BROAD
openlibrary:OL21315382W,Thomas Demand,Hal Foster,"Thomas Demand, the Dailies",,2015,MACK,,Specialist photography publisher backlist: MACK,B,4,Work-level metadata only; verify the exact publisher edition and printing.,,,Medium,https://openlibrary.org/works/OL21315382W,BROAD
openlibrary:OL9594988W,Thomas Florsheutz,,Between Past and Future,,1991,Aperture,,Specialist photography publisher backlist: Aperture,C,4,Work-level metadata only; verify the exact publisher edition and printing.,,,Medium,https://openlibrary.org/works/OL9594988W,BROAD
openlibrary:OL21150951W,Thomas Gizholme,Aline Diepois,Abstrakt Zermatt,,2017,Steidl,,Specialist photography publisher backlist: Steidl,C,4,Work-level metadata only; verify the exact publisher edition and printing.,,,Medium,https://openlibrary.org/works/OL21150951W,BROAD
openlibrary:OL32686505W,Thomas Krempke,,Das Flüstern der Dinge,,2017,Edition Patrick Frey,,Specialist photography publisher backlist: Edition Patrick Frey,B,4,Work-level metadata only; verify the exact publisher edition and printing.,,,Medium,https://openlibrary.org/works/OL32686505W,BROAD
openlibrary:OL19104686W,Thomas Miessgang,Barbara Schröder | Koyo Kouoh | Simon Njami,Flash Afrique!,,2002,Steidl,,Specialist photography publisher backlist: Steidl,C,4,Work-level metadata only; verify the exact publisher edition and printing.,,,Medium,https://openlibrary.org/works/OL19104686W,BROAD
openlibrary:OL20058561W,Thomas R. Schiff,,The library book,,2017,Aperture,,Specialist photography publisher backlist: Aperture,C,4,Work-level metadata only; verify the exact publisher edition and printing.,,,Medium,https://openlibrary.org/works/OL20058561W,BROAD
openlibrary:OL15519978W,Thomas Ruff,,Jpegs,,2009,Aperture,,Specialist photography publisher backlist: Aperture,C,4,Work-level metadata only; verify the exact publisher edition and printing.,,,Medium,https://openlibrary.org/works/OL15519978W,BROAD
openlibrary:OL24437874W,Thomas Seelig,Urs Stahel | Martin Jaeggi,Trade,,2001,Scalo,,Specialist photography publisher backlist: Scalo,B,4,Work-level metadata only; verify the exact publisher edition and printing.,,,Medium,https://openlibrary.org/works/OL24437874W,BROAD
openlibrary:OL21296550W,Thomas Struth,Ulrich Loock,Thomas Struth,,2011,MACK,,Specialist photography publisher backlist: MACK | Specialist photography publisher backlist: Schirmer/Mosel,B,4,Work-level metadata only; verify the exact publisher edition and printing.,,,Medium,https://openlibrary.org/works/OL21296550W,BROAD
openlibrary:OL21088393W,Thomas Zander,Manuel Alvarez Bravo,Double Elephant,,2016,Steidl,,Specialist photography publisher backlist: Steidl,C,4,Work-level metadata only; verify the exact publisher edition and printing.,,,Medium,https://openlibrary.org/works/OL21088393W,BROAD
openlibrary:OL3691200W,Tillie Olsen,Julie Olsen Edwards | Estelle Jussim,Mothers & daughters,,1987,Aperture,,Specialist photography publisher backlist: Aperture,C,4,Work-level metadata only; verify the exact publisher edition and printing.,,,Medium,https://openlibrary.org/works/OL3691200W,BROAD
openlibrary:OL17485960W,Tim Dant,,Car Girls,,2009,Aperture,,Specialist photography publisher backlist: Aperture,C,4,Work-level metadata only; verify the exact publisher edition and printing.,,,Medium,https://openlibrary.org/works/OL17485960W,BROAD
openlibrary:OL25789458W,Tim Davis,,Tim Davis,,2006,Aperture,,Specialist photography publisher backlist: Aperture,C,4,Work-level metadata only; verify the exact publisher edition and printing.,,,Medium,https://openlibrary.org/works/OL25789458W,BROAD
openlibrary:OL19947197W,Tim Hetherington,,Infidel,,2010,Chris Boot,,Specialist photography publisher backlist: Chris Boot,B,4,Work-level metadata only; verify the exact publisher edition and printing.,,,Medium,https://openlibrary.org/works/OL19947197W,BROAD
openlibrary:OL3178420W,Tim Page,,The mindful moment,,2001,Steidl,,Specialist photography publisher backlist: Steidl,C,4,Work-level metadata only; verify the exact publisher edition and printing.,,,Medium,https://openlibrary.org/works/OL3178420W,BROAD
openlibrary:OL23817554W,Timm Rautert,,Arbeiten,,2001,Steidl,,Specialist photography publisher backlist: Steidl,C,4,Work-level metadata only; verify the exact publisher edition and printing.,,,Medium,https://openlibrary.org/works/OL23817554W,BROAD
openlibrary:OL3649421W,Timm Rautert,Wolfgang Brückle,"Deutsche in uniform, 1974",,2006,Steidl,,Specialist photography publisher backlist: Steidl,C,4,Work-level metadata only; verify the exact publisher edition and printing.,,,Medium,https://openlibrary.org/works/OL3649421W,BROAD
openlibrary:OL3649423W,Timm Rautert,,Timm Rautert,,2006,Steidl,,Specialist photography publisher backlist: Steidl,C,4,Work-level metadata only; verify the exact publisher edition and printing.,,,Medium,https://openlibrary.org/works/OL3649423W,BROAD
openlibrary:OL19099023W,Timm Rautert,,"Timm Rautert: Josef Sudek, Prag 1967",,2010,Steidl,,Specialist photography publisher backlist: Steidl,C,4,Work-level metadata only; verify the exact publisher edition and printing.,,,Medium,https://openlibrary.org/works/OL19099023W,BROAD
openlibrary:OL32669537W,Timm Rautert,,Vintage,,2016,Steidl,,Specialist photography publisher backlist: Steidl,C,4,Work-level metadata only; verify the exact publisher edition and printing.,,,Medium,https://openlibrary.org/works/OL32669537W,BROAD
openlibrary:OL16500686W,Timothy Druckrey,,Electronic culture,,1996,Aperture,,Specialist photography publisher backlist: Aperture,C,4,Work-level metadata only; verify the exact publisher edition and printing.,,,Medium,https://openlibrary.org/works/OL16500686W,BROAD
openlibrary:OL12585681W,Tina Barney,,The Europeans,,2005,Steidl,,Specialist photography publisher backlist: Steidl,C,4,Work-level metadata only; verify the exact publisher edition and printing.,,,Medium,https://openlibrary.org/works/OL12585681W,BROAD
openlibrary:OL4482923W,Tina Barney,,Tina Barney,,1997,Scalo,,Specialist photography publisher backlist: Scalo,B,4,Work-level metadata only; verify the exact publisher edition and printing.,,,Medium,https://openlibrary.org/works/OL4482923W,BROAD
openlibrary:OL25635537W,Tina Campt,Marianne Hirsch | Gil Z. Hochberg | Brian Wallis,Imagining Everyday Life,,2019,Steidl,,Specialist photography publisher backlist: Steidl,C,4,Work-level metadata only; verify the exact publisher edition and printing.,,,Medium,https://openlibrary.org/works/OL25635537W,BROAD
openlibrary:OL2037976W,Tina Modotti,Patricia Albers | Karen Cordero Reiman,Tina Modotti,,1953,Aperture,,Specialist photography publisher backlist: Aperture,C,4,Work-level metadata only; verify the exact publisher edition and printing.,,,Medium,https://openlibrary.org/works/OL2037976W,BROAD
openlibrary:OL18996733W,Tobia Bezzola,,Henri Cartier-Bresson and Alberto Giacometti,,2005,Scalo,,Specialist photography publisher backlist: Scalo,B,4,Work-level metadata only; verify the exact publisher edition and printing.,,,Medium,https://openlibrary.org/works/OL18996733W,BROAD
openlibrary:OL20028815W,Tod Papageorge,,Core curriculum,,2011,Aperture,,Specialist photography publisher backlist: Aperture,C,4,Work-level metadata only; verify the exact publisher edition and printing.,,,Medium,https://openlibrary.org/works/OL20028815W,BROAD
openlibrary:OL9042418W,Tod Papageorge,,Passing through Eden,,2007,Steidl,,Specialist photography publisher backlist: Steidl,C,4,Work-level metadata only; verify the exact publisher edition and printing.,,,Medium,https://openlibrary.org/works/OL9042418W,BROAD
openlibrary:OL21124685W,Tod Papageorge,David Campany,Todd Papageorge,,2017,Steidl,,Specialist photography publisher backlist: Steidl,C,4,Work-level metadata only; verify the exact publisher edition and printing.,,,Medium,https://openlibrary.org/works/OL21124685W,BROAD
openlibrary:OL23306671W,Todd Hido,,A Road Divided,,2010,Nazraeli Press,,Specialist photography publisher backlist: Nazraeli Press,B,4,Work-level metadata only; verify the exact publisher edition and printing.,,,Medium,https://openlibrary.org/works/OL23306671W,BROAD
openlibrary:OL44878877W,Todd Hido,Alexander Nemerov | Nazraeli Press,Bright black world,,2018,Nazraeli Press,,Specialist photography publisher backlist: Nazraeli Press,B,4,Work-level metadata only; verify the exact publisher edition and printing.,,,Medium,https://openlibrary.org/works/OL44878877W,BROAD
openlibrary:OL41896319W,Todd Hido,Ill.) Staff Lyon Magnet Elementary School (Waukegan | Nazraeli Press Staff,Cracked Trees,,2009,Nazraeli Press,,Specialist photography publisher backlist: Nazraeli Press,B,4,Work-level metadata only; verify the exact publisher edition and printing.,,,Medium,https://openlibrary.org/works/OL41896319W,BROAD
openlibrary:OL23119319W,Todd Hido,,Excerpts from silver meadows,,2013,Nazraeli Press,,Specialist photography publisher backlist: Nazraeli Press,B,4,Work-level metadata only; verify the exact publisher edition and printing.,,,Medium,https://openlibrary.org/works/OL23119319W,BROAD
openlibrary:OL8976565W,Todd Hido,,House Hunting,,2001,Nazraeli Press,,Specialist photography publisher backlist: Nazraeli Press,B,4,Work-level metadata only; verify the exact publisher edition and printing.,,,Medium,https://openlibrary.org/works/OL8976565W,BROAD
openlibrary:OL20041753W,Todd Hido,,Intimate distance,,2016,Aperture,,Specialist photography publisher backlist: Aperture,C,4,Work-level metadata only; verify the exact publisher edition and printing.,,,Medium,https://openlibrary.org/works/OL20041753W,BROAD
openlibrary:OL8976566W,Todd Hido,,Outskirts,,2002,Nazraeli Press,,Specialist photography publisher backlist: Nazraeli Press,B,4,Work-level metadata only; verify the exact publisher edition and printing.,,,Medium,https://openlibrary.org/works/OL8976566W,BROAD
openlibrary:OL8976567W,Todd Hido,,Roaming,,2004,Nazraeli Press,,Specialist photography publisher backlist: Nazraeli Press,B,4,Work-level metadata only; verify the exact publisher edition and printing.,,,Medium,https://openlibrary.org/works/OL8976567W,BROAD
openlibrary:OL39034128W,Todd Hido,,Todd Hido,,2004,Nazraeli Press,,Specialist photography publisher backlist: Nazraeli Press,B,4,Work-level metadata only; verify the exact publisher edition and printing.,,,Medium,https://openlibrary.org/works/OL39034128W,BROAD
openlibrary:OL26785988W,Todd Hido,Gregory Halpern,"Todd Hido on Landscapes, Interiors, and the Nude",,2014,Aperture,,Specialist photography publisher backlist: Aperture,C,4,Work-level metadata only; verify the exact publisher edition and printing.,,,Medium,https://openlibrary.org/works/OL26785988W,BROAD
openlibrary:OL18660189W,Todd Hido,,Witness number seven,,2009,Nazraeli Press,,Specialist photography publisher backlist: Nazraeli Press,B,4,Work-level metadata only; verify the exact publisher edition and printing.,,,Medium,https://openlibrary.org/works/OL18660189W,BROAD
openlibrary:OL15023118W,Todd Walker,,A book of fifteen reproductions which constitute the story of an abandoned shack in the desert,,2000,Nazraeli Press,,Specialist photography publisher backlist: Nazraeli Press,B,4,Work-level metadata only; verify the exact publisher edition and printing.,,,Medium,https://openlibrary.org/works/OL15023118W,BROAD
openlibrary:OL22953289W,Tom Paiva,,Bay Bridge,,2015,Nazraeli Press,,Specialist photography publisher backlist: Nazraeli Press,B,4,Work-level metadata only; verify the exact publisher edition and printing.,,,Medium,https://openlibrary.org/works/OL22953289W,BROAD
openlibrary:OL2254235W,Tom Wood,,All Zones Off Peak,,1999,Dewi Lewis,,Specialist photography publisher backlist: Dewi Lewis,B,4,Work-level metadata only; verify the exact publisher edition and printing.,,,Medium,https://openlibrary.org/works/OL2254235W,BROAD
openlibrary:OL21159149W,Tom Wood,,Koto Bolofo - DPA Work,,2017,Steidl,,Specialist photography publisher backlist: Steidl,C,4,Work-level metadata only; verify the exact publisher edition and printing.,,,Medium,https://openlibrary.org/works/OL21159149W,BROAD
openlibrary:OL18430138W,Tom Wood,,Tom Wood,,2005,Steidl,,Specialist photography publisher backlist: Steidl,C,4,Work-level metadata only; verify the exact publisher edition and printing.,,,Medium,https://openlibrary.org/works/OL18430138W,BROAD
openlibrary:OL21076252W,Tom Wood,,Tom Wood - Landscapes,,2016,Steidl,,Specialist photography publisher backlist: Steidl,C,4,Work-level metadata only; verify the exact publisher edition and printing.,,,Medium,https://openlibrary.org/works/OL21076252W,BROAD
openlibrary:OL19099402W,Tom Wood,,Tom Wood: Men and Women,,2013,Steidl,,Specialist photography publisher backlist: Steidl,C,4,Work-level metadata only; verify the exact publisher edition and printing.,,,Medium,https://openlibrary.org/works/OL19099402W,BROAD
openlibrary:OL25351273W,Tomá Werner,Elliot Erwitt,Handbook for Dog Walkers,,2015,GOST,,Specialist photography publisher backlist: GOST,B,4,Work-level metadata only; verify the exact publisher edition and printing.,,,Medium,https://openlibrary.org/works/OL25351273W,BROAD
openlibrary:OL32123014W,Tomasz Fall,,Le premier homme,,2021,Skinnerboox,,Specialist photography publisher backlist: Skinnerboox,B,4,Work-level metadata only; verify the exact publisher edition and printing.,,,Medium,https://openlibrary.org/works/OL32123014W,BROAD
openlibrary:OL21110907W,Tomasz Gudzowaty,Nan Goldin,Beyond the Body,,2015,Steidl,,Specialist photography publisher backlist: Steidl,C,4,Work-level metadata only; verify the exact publisher edition and printing.,,,Medium,https://openlibrary.org/works/OL21110907W,BROAD
openlibrary:OL21110919W,Tomasz Gudzowaty,Franca Sozzani | Witold Szablowski,Closer,,2015,Steidl,,Specialist photography publisher backlist: Steidl,C,4,Work-level metadata only; verify the exact publisher edition and printing.,,,Medium,https://openlibrary.org/works/OL21110919W,BROAD
openlibrary:OL21135440W,Tomasz Gudzowaty,,Proof,,2016,Steidl,,Specialist photography publisher backlist: Steidl,C,4,Work-level metadata only; verify the exact publisher edition and printing.,,,Medium,https://openlibrary.org/works/OL21135440W,BROAD
openlibrary:OL21204106W,Tomasz Gudzowaty,,Tomasz Gudzowaty : SUMO,,2019,Steidl,,Specialist photography publisher backlist: Steidl,C,4,Work-level metadata only; verify the exact publisher edition and printing.,,,Medium,https://openlibrary.org/works/OL21204106W,BROAD
openlibrary:OL21110922W,Tomasz Gudzowaty,Karl Lagerfeld,True Love Never Dies,,2015,Steidl,,Specialist photography publisher backlist: Steidl,C,4,Work-level metadata only; verify the exact publisher edition and printing.,,,Medium,https://openlibrary.org/works/OL21110922W,BROAD
openlibrary:OL32719644W,Tomoko Kikuchi,,I and I,,2015,L'Artiere,,Specialist photography publisher backlist: L'Artiere,B,4,Work-level metadata only; verify the exact publisher edition and printing.,,,Medium,https://openlibrary.org/works/OL32719644W,BROAD
openlibrary:OL2376006W,Tony Catany,,Life and still life,,1997,Dewi Lewis,,Specialist photography publisher backlist: Dewi Lewis,B,4,Work-level metadata only; verify the exact publisher edition and printing.,,,Medium,https://openlibrary.org/works/OL2376006W,BROAD
openlibrary:OL4770899W,Tony Mendoza,,Flowers,,2007,Nazraeli Press,,Specialist photography publisher backlist: Nazraeli Press,B,4,Work-level metadata only; verify the exact publisher edition and printing.,,,Medium,https://openlibrary.org/works/OL4770899W,BROAD
openlibrary:OL6686398W,Tony Ray-Jones,,Tony Ray-Jones,,1990,Aperture,,Specialist photography publisher backlist: Aperture | Specialist photography publisher backlist: Cornerhouse,C,4,Work-level metadata only; verify the exact publisher edition and printing.,,,Medium,https://openlibrary.org/works/OL6686398W,BROAD
openlibrary:OL24152417W,Torbjørn Rødland,,Vanilla Partner,,2012,MACK,,Specialist photography publisher backlist: MACK,B,4,Work-level metadata only; verify the exact publisher edition and printing.,,,Medium,https://openlibrary.org/works/OL24152417W,BROAD
openlibrary:OL25635891W,Torbjorn Rodland,,Confabulations,,2016,MACK,,Specialist photography publisher backlist: MACK,B,4,Work-level metadata only; verify the exact publisher edition and printing.,,,Medium,https://openlibrary.org/works/OL25635891W,BROAD
openlibrary:OL2093519W,Toshio Shibata,,Dam,,2004,Nazraeli Press,,Specialist photography publisher backlist: Nazraeli Press,B,4,Work-level metadata only; verify the exact publisher edition and printing.,,,Medium,https://openlibrary.org/works/OL2093519W,BROAD
openlibrary:OL2093517W,Toshio Shibata,,Landscape,,1996,Nazraeli Press,,Specialist photography publisher backlist: Nazraeli Press,B,4,Work-level metadata only; verify the exact publisher edition and printing.,,,Medium,https://openlibrary.org/works/OL2093517W,BROAD
openlibrary:OL19099397W,Trent Parke,,Trent Parke: Minutes to Midnight,,2014,Steidl,,Specialist photography publisher backlist: Steidl,C,4,Work-level metadata only; verify the exact publisher edition and printing.,,,Medium,https://openlibrary.org/works/OL19099397W,BROAD
openlibrary:OL19942627W,Trevor Paglen,,Invisible,,2010,Aperture,,Specialist photography publisher backlist: Aperture,C,4,Work-level metadata only; verify the exact publisher edition and printing.,,,Medium,https://openlibrary.org/works/OL19942627W,BROAD
openlibrary:OL10152228W,Trine Sondergaard,,Trine Sondergaard,,2003,Steidl,,Specialist photography publisher backlist: Steidl,C,4,Work-level metadata only; verify the exact publisher edition and printing.,,,Medium,https://openlibrary.org/works/OL10152228W,BROAD
openlibrary:OL32645886W,Trix Haussmann,Robert Haussmann | Gabrielle Schaad | Ben Weinberg,Haussmann für Weinberg,,2015,Edition Patrick Frey,,Specialist photography publisher backlist: Edition Patrick Frey,B,4,Work-level metadata only; verify the exact publisher edition and printing.,,,Medium,https://openlibrary.org/works/OL32645886W,BROAD
openlibrary:OL32319883W,Txema Salvans,,Perfect day,,2020,MACK,,Specialist photography publisher backlist: MACK,B,4,Work-level metadata only; verify the exact publisher edition and printing.,,,Medium,https://openlibrary.org/works/OL32319883W,BROAD
openlibrary:OL5769996W,Uelsmann. Jerry,,Referencing art,,2003,Nazraeli Press,,Specialist photography publisher backlist: Nazraeli Press,B,4,Work-level metadata only; verify the exact publisher edition and printing.,,,Medium,https://openlibrary.org/works/OL5769996W,BROAD
openlibrary:OL14906569W,Ulrich Pohlmann,,Frank Eugene,,1995,Nazraeli Press,,Specialist photography publisher backlist: Nazraeli Press,B,4,Work-level metadata only; verify the exact publisher edition and printing.,,,Medium,https://openlibrary.org/works/OL14906569W,BROAD
openlibrary:OL33047413W,Urs Marty,,Urs Marty,,2009,Steidl,,Specialist photography publisher backlist: Steidl,C,4,Work-level metadata only; verify the exact publisher edition and printing.,,,Medium,https://openlibrary.org/works/OL33047413W,BROAD
openlibrary:OL15606785W,Urs Stahel,,Darkside,,2009,Steidl,,Specialist photography publisher backlist: Steidl,C,4,Work-level metadata only; verify the exact publisher edition and printing.,,,Medium,https://openlibrary.org/works/OL15606785W,BROAD
openlibrary:OL8748564W,Urs Stahel,,Joachim Brohm,,2003,Steidl,,Specialist photography publisher backlist: Steidl,C,4,Work-level metadata only; verify the exact publisher edition and printing.,,,Medium,https://openlibrary.org/works/OL8748564W,BROAD
openlibrary:OL19099400W,Urs Stahel,,Shirana Shahbazi: Then Again,,2011,Steidl,,Specialist photography publisher backlist: Steidl,C,4,Work-level metadata only; verify the exact publisher edition and printing.,,,Medium,https://openlibrary.org/works/OL19099400W,BROAD
openlibrary:OL18457009W,Urs Stahel,Norbert Bolz | Gerda Breuer | Neil Cummings,The ecstasy of things,,2004,Steidl,,Specialist photography publisher backlist: Steidl,C,4,Work-level metadata only; verify the exact publisher edition and printing.,,,Medium,https://openlibrary.org/works/OL18457009W,BROAD
openlibrary:OL25636558W,Ursula Dornburg,,Jerevan 1996/1997,,2019,MACK,,Specialist photography publisher backlist: MACK,B,4,Work-level metadata only; verify the exact publisher edition and printing.,,,Medium,https://openlibrary.org/works/OL25636558W,BROAD
openlibrary:OL31920627W,Ursula Schulz-Dornburg,,"Huts, temples, castles",,2022,MACK,,Specialist photography publisher backlist: MACK,B,4,Work-level metadata only; verify the exact publisher edition and printing.,,,Medium,https://openlibrary.org/works/OL31920627W,BROAD
openlibrary:OL21332249W,Ursula Schulz-Dornburg,,Land in Between,,2018,MACK,,Specialist photography publisher backlist: MACK,B,4,Work-level metadata only; verify the exact publisher edition and printing.,,,Medium,https://openlibrary.org/works/OL21332249W,BROAD
openlibrary:OL16623409W,Uta Grosenick,Paolo Bianchi,Photo art,,2007,Aperture,,Specialist photography publisher backlist: Aperture,C,4,Work-level metadata only; verify the exact publisher edition and printing.,,,Medium,https://openlibrary.org/works/OL16623409W,BROAD
openlibrary:OL2804976W,Ute Behrend,,"Girls, some boys, and other cookies",,1996,Scalo,,Specialist photography publisher backlist: Scalo,B,4,Work-level metadata only; verify the exact publisher edition and printing.,,,Medium,https://openlibrary.org/works/OL2804976W,BROAD
openlibrary:OL19099028W,Ute Eskildsen,Maik Schlüter,Clare Strand,,2009,Steidl,,Specialist photography publisher backlist: Steidl,C,4,Work-level metadata only; verify the exact publisher edition and printing.,,,Medium,https://openlibrary.org/works/OL19099028W,BROAD
openlibrary:OL21016834W,Ute Eskildsen,Robert Frank,Paris,,2007,Steidl,,Specialist photography publisher backlist: Steidl,C,4,Work-level metadata only; verify the exact publisher edition and printing.,,,Medium,https://openlibrary.org/works/OL21016834W,BROAD
openlibrary:OL36446005W,Ute Eskildsen,Jo Longhurst,Refusal,,2008,Steidl,,Specialist photography publisher backlist: Steidl,C,4,Work-level metadata only; verify the exact publisher edition and printing.,,,Medium,https://openlibrary.org/works/OL36446005W,BROAD
openlibrary:OL18448206W,Ute Eskildsen,Christoph Ribbat,Robert Frank,,2001,Scalo,,Specialist photography publisher backlist: Scalo,B,4,Work-level metadata only; verify the exact publisher edition and printing.,,,Medium,https://openlibrary.org/works/OL18448206W,BROAD
openlibrary:OL19450423W,Ute Eskildsen,,"Useful, cute and collected",,2006,Steidl,,Specialist photography publisher backlist: Steidl,C,4,Work-level metadata only; verify the exact publisher edition and printing.,,,Medium,https://openlibrary.org/works/OL19450423W,BROAD
openlibrary:OL13354934W,Valerie Belin,Regis Durand | Els Barents,Valérie Belin,,2007,Steidl,,Specialist photography publisher backlist: Steidl,C,4,Work-level metadata only; verify the exact publisher edition and printing.,,,Medium,https://openlibrary.org/works/OL13354934W,BROAD
openlibrary:OL17476619W,Valerie Jouve,,Photography And Film,,2010,Steidl,,Specialist photography publisher backlist: Steidl,C,4,Work-level metadata only; verify the exact publisher edition and printing.,,,Medium,https://openlibrary.org/works/OL17476619W,BROAD
openlibrary:OL32851948W,Valerio Spada,,Gomorrah girl,,2014,Twin Palms,,Specialist photography publisher backlist: Twin Palms,B,4,Work-level metadata only; verify the exact publisher edition and printing.,,,Medium,https://openlibrary.org/works/OL32851948W,BROAD
openlibrary:OL18849100W,Vanessa Rocco,Christopher Phillips,Modernist photography,,2005,Steidl,,Specialist photography publisher backlist: Steidl,C,4,Work-level metadata only; verify the exact publisher edition and printing.,,,Medium,https://openlibrary.org/works/OL18849100W,BROAD
openlibrary:OL21354327W,Vanessa Winship,Barbican Art Gallery Staff,And Time Folds,,2018,MACK,,Specialist photography publisher backlist: MACK,B,4,Work-level metadata only; verify the exact publisher edition and printing.,,,Medium,https://openlibrary.org/works/OL21354327W,BROAD
openlibrary:OL21345867W,Vanessa Winship,,She Dances on Jackson,,2018,MACK,,Specialist photography publisher backlist: MACK,B,4,Work-level metadata only; verify the exact publisher edition and printing.,,,Medium,https://openlibrary.org/works/OL21345867W,BROAD
openlibrary:OL8102263W,Various,,Aperture 105,,1987,Aperture,,Specialist photography publisher backlist: Aperture,C,4,Work-level metadata only; verify the exact publisher edition and printing.,,,Medium,https://openlibrary.org/works/OL8102263W,BROAD
openlibrary:OL18533461W,Vicki Goldberg,,Light matters,,2005,Aperture,,Specialist photography publisher backlist: Aperture,C,4,Work-level metadata only; verify the exact publisher edition and printing.,,,Medium,https://openlibrary.org/works/OL18533461W,BROAD
openlibrary:OL8917584W,Vicky Wetherill,,Peep Show,,2002,Dewi Lewis,,Specialist photography publisher backlist: Dewi Lewis,B,4,Work-level metadata only; verify the exact publisher edition and printing.,,,Medium,https://openlibrary.org/works/OL8917584W,BROAD
openlibrary:OL9042449W,Victoire de Castellane,,Guido Mocafico & Victoire de Castellane,,2007,Steidl,,Specialist photography publisher backlist: Steidl,C,4,Work-level metadata only; verify the exact publisher edition and printing.,,,Medium,https://openlibrary.org/works/OL9042449W,BROAD
openlibrary:OL25636368W,Victor Burgin,,Camera,,2018,MACK,,Specialist photography publisher backlist: MACK,B,4,Work-level metadata only; verify the exact publisher edition and printing.,,,Medium,https://openlibrary.org/works/OL25636368W,BROAD
openlibrary:OL24167294W,Victor Cobo,Larry Fink,L'image dans le miroir,,2020,L'Artiere,,Specialist photography publisher backlist: L'Artiere,B,4,Work-level metadata only; verify the exact publisher edition and printing.,,,Medium,https://openlibrary.org/works/OL24167294W,BROAD
openlibrary:OL5768038W,Vik Muniz,,Reflex,,2005,Aperture,,Specialist photography publisher backlist: Aperture,C,4,Work-level metadata only; verify the exact publisher edition and printing.,,,Medium,https://openlibrary.org/works/OL5768038W,BROAD
openlibrary:OL11985653W,Vinca Petersen,,No system,,1999,Steidl,,Specialist photography publisher backlist: Steidl,C,4,Work-level metadata only; verify the exact publisher edition and printing.,,,Medium,https://openlibrary.org/works/OL11985653W,BROAD
openlibrary:OL8772604W,Vince Aletti,,Face of Fashion,,2007,Aperture,,Specialist photography publisher backlist: Aperture,C,4,Work-level metadata only; verify the exact publisher edition and printing.,,,Medium,https://openlibrary.org/works/OL8772604W,BROAD
openlibrary:OL36445464W,Vincent Bergerat,Marina Berio | Jenelle Covino | Sarah Darpli,Sensation,,2003,Steidl,,Specialist photography publisher backlist: Steidl,C,4,Work-level metadata only; verify the exact publisher edition and printing.,,,Medium,https://openlibrary.org/works/OL36445464W,BROAD
openlibrary:OL8625673W,Virginia Beahan,Laura McPhee,No ordinary land,,1998,Aperture,,Specialist photography publisher backlist: Aperture,C,4,Work-level metadata only; verify the exact publisher edition and printing.,,,Medium,https://openlibrary.org/works/OL8625673W,BROAD
openlibrary:OL2041437W,Virginia Dodier,,"Clementina, Lady Hawarden",,1999,Aperture,,Specialist photography publisher backlist: Aperture,C,4,Work-level metadata only; verify the exact publisher edition and printing.,,,Medium,https://openlibrary.org/works/OL2041437W,BROAD
openlibrary:OL32493755W,Vittorio Mortarotti,,Vittorio Mortarotti,,2015,Skinnerboox,,Specialist photography publisher backlist: Skinnerboox,B,4,Work-level metadata only; verify the exact publisher edition and printing.,,,Medium,https://openlibrary.org/works/OL32493755W,BROAD
openlibrary:OL23708381W,Vittorio Sella,,Summit,,1999,Aperture,,Specialist photography publisher backlist: Aperture,C,4,Work-level metadata only; verify the exact publisher edition and printing.,,,Medium,https://openlibrary.org/works/OL23708381W,BROAD
openlibrary:OL5965270W,Vittorio Storaro,,Scrivere con la luce,,2001,Aperture,,Specialist photography publisher backlist: Aperture,C,4,Work-level metadata only; verify the exact publisher edition and printing.,,,Medium,https://openlibrary.org/works/OL5965270W,BROAD
openlibrary:OL1925848W,W. Eugene Smith,,W. Eugene Smith,,1969,Aperture,,Specialist photography publisher backlist: Aperture | Specialist photography publisher backlist: Thames & Hudson,C,4,Work-level metadata only; verify the exact publisher edition and printing.,,,Medium,https://openlibrary.org/works/OL1925848W,BROAD
openlibrary:OL1925842W,W. Eugene Smith,,"W. Eugene Smith, his photographs and notes",,1969,Aperture,,Specialist photography publisher backlist: Aperture,C,4,Work-level metadata only; verify the exact publisher edition and printing.,,,Medium,https://openlibrary.org/works/OL1925842W,BROAD
openlibrary:OL18488671W,W. M. Hunt,,Delirium,,1997,Aperture,,Specialist photography publisher backlist: Aperture,C,4,Work-level metadata only; verify the exact publisher edition and printing.,,,Medium,https://openlibrary.org/works/OL18488671W,BROAD
openlibrary:OL32287620W,Walid Raad,Johan Holten | Friederike Schuler,Walid Raad,,2011,Steidl,,Specialist photography publisher backlist: Steidl,C,4,Work-level metadata only; verify the exact publisher edition and printing.,,,Medium,https://openlibrary.org/works/OL32287620W,BROAD
openlibrary:OL35160W,Walker Evans,Jeff L. Rosenheim | Maria Morris Hambourg | Douglas Eklund,Walker Evans,,1938,Aperture,,Specialist photography publisher backlist: Aperture | Specialist photography publisher backlist: Steidl,C,4,Work-level metadata only; verify the exact publisher edition and printing.,,,Medium,https://openlibrary.org/works/OL35160W,BROAD
openlibrary:OL35146W,Walker Evans,,"Walker Evans (Aperture Masters of Photography, No 10)",,1993,Aperture,,Specialist photography publisher backlist: Aperture,C,4,Work-level metadata only; verify the exact publisher edition and printing.,,,Medium,https://openlibrary.org/works/OL35146W,BROAD
openlibrary:OL35152W,Walker Evans,Jeff L. Rosenheim,Walker Evans : polaroids,,2001,Scalo,,Specialist photography publisher backlist: Scalo,B,4,Work-level metadata only; verify the exact publisher edition and printing.,,,Medium,https://openlibrary.org/works/OL35152W,BROAD
openlibrary:OL20025305W,Walter Chandoha,,Walter Chandoha,,2015,Aperture,,Specialist photography publisher backlist: Aperture,C,4,Work-level metadata only; verify the exact publisher edition and printing.,,,Medium,https://openlibrary.org/works/OL20025305W,BROAD
openlibrary:OL18326356W,Walter Hopps,Howard N. Fox | Andy Grundberg,William Christenberry,,2006,Aperture,,Specialist photography publisher backlist: Aperture,C,4,Work-level metadata only; verify the exact publisher edition and printing.,,,Medium,https://openlibrary.org/works/OL18326356W,BROAD
openlibrary:OL20871524W,Walter Keller,Jack Ritchey | Gerhard Steidl | Nan Goldin,Nan Goldin,,2010,Steidl,,Specialist photography publisher backlist: Steidl,C,4,Work-level metadata only; verify the exact publisher edition and printing.,,,Medium,https://openlibrary.org/works/OL20871524W,BROAD
openlibrary:OL5395996W,Walter Keller,,Triptych,,1990,Scalo,,Specialist photography publisher backlist: Scalo,B,4,Work-level metadata only; verify the exact publisher edition and printing.,,,Medium,https://openlibrary.org/works/OL5395996W,BROAD
openlibrary:OL14912976W,Walter Kirn,,Boxers,,1998,Twin Palms,,Specialist photography publisher backlist: Twin Palms,B,4,Work-level metadata only; verify the exact publisher edition and printing.,,,Medium,https://openlibrary.org/works/OL14912976W,BROAD
openlibrary:OL36445805W,Walter Pfeiffer,,In Love with Beauty,,2009,Steidl,,Specialist photography publisher backlist: Steidl,C,4,Work-level metadata only; verify the exact publisher edition and printing.,,,Medium,https://openlibrary.org/works/OL36445805W,BROAD
openlibrary:OL10613166W,Walter Pfeiffer,,Walter Pfeiffer,,2001,Edition Patrick Frey,,Specialist photography publisher backlist: Edition Patrick Frey,B,4,Work-level metadata only; verify the exact publisher edition and printing.,,,Medium,https://openlibrary.org/works/OL10613166W,BROAD
openlibrary:OL12029589W,Walter Rosenblum,,Walter Rosenblum,,1990,Aperture,,Specialist photography publisher backlist: Aperture,C,4,Work-level metadata only; verify the exact publisher edition and printing.,,,Medium,https://openlibrary.org/works/OL12029589W,BROAD
openlibrary:OL19728596W,Walther Collection,,Recent histories,,2017,Steidl,,Specialist photography publisher backlist: Steidl,C,4,Work-level metadata only; verify the exact publisher edition and printing.,,,Medium,https://openlibrary.org/works/OL19728596W,BROAD
openlibrary:OL3166845W,Warren Neidich,,American history reinvented,,1989,Aperture,,Specialist photography publisher backlist: Aperture,C,4,Work-level metadata only; verify the exact publisher edition and printing.,,,Medium,https://openlibrary.org/works/OL3166845W,BROAD
openlibrary:OL25290259W,Wedge Collection,Teju Cole | Mark Sealy | Liz Ikiriko,As We Rise,,2021,Aperture,,Specialist photography publisher backlist: Aperture,C,4,Work-level metadata only; verify the exact publisher edition and printing.,,,Medium,https://openlibrary.org/works/OL25290259W,BROAD
openlibrary:OL22743119W,Wendell Steavenson,,Georgian spring,,2009,Chris Boot,,Specialist photography publisher backlist: Chris Boot,B,4,Work-level metadata only; verify the exact publisher edition and printing.,,,Medium,https://openlibrary.org/works/OL22743119W,BROAD
openlibrary:OL2970005W,Wendy Ewald,,American alphabets,,2004,Scalo,,Specialist photography publisher backlist: Scalo,B,4,Work-level metadata only; verify the exact publisher edition and printing.,,,Medium,https://openlibrary.org/works/OL2970005W,BROAD
openlibrary:OL18421881W,Wendy Ewald,,Portraits and dreams,,1985,MACK,,Specialist photography publisher backlist: MACK,B,4,Work-level metadata only; verify the exact publisher edition and printing.,,,Medium,https://openlibrary.org/works/OL18421881W,BROAD
openlibrary:OL18500818W,Wendy Ewald,Adam D. Weinberg | Urs Stahel,Secret games,,2000,Scalo,,Specialist photography publisher backlist: Scalo,B,4,Work-level metadata only; verify the exact publisher edition and printing.,,,Medium,https://openlibrary.org/works/OL18500818W,BROAD
openlibrary:OL2970013W,Wendy Ewald,,Towards a promised land,,2006,Steidl,,Specialist photography publisher backlist: Steidl,C,4,Work-level metadata only; verify the exact publisher edition and printing.,,,Medium,https://openlibrary.org/works/OL2970013W,BROAD
openlibrary:OL20034972W,Werner Adalbert Bischof,,Werner Bischof,,2013,Aperture,,Specialist photography publisher backlist: Aperture,C,4,Work-level metadata only; verify the exact publisher edition and printing.,,,Medium,https://openlibrary.org/works/OL20034972W,BROAD
openlibrary:OL31805876W,Werner Bartsch,Stefan Gronert,Zeitaufnahmen,,2022,Steidl,,Specialist photography publisher backlist: Steidl,C,4,Work-level metadata only; verify the exact publisher edition and printing.,,,Medium,https://openlibrary.org/works/OL31805876W,BROAD
openlibrary:OL6684475W,"White, Clarence H.",,Clarence H. White.. --,,1979,Aperture,,Specialist photography publisher backlist: Aperture,C,4,Work-level metadata only; verify the exact publisher edition and printing.,,,Medium,https://openlibrary.org/works/OL6684475W,BROAD
openlibrary:OL31906973W,"White, James (Photographer)",,Evidence,,2022,MACK,,Specialist photography publisher backlist: MACK,B,4,Work-level metadata only; verify the exact publisher edition and printing.,,,Medium,https://openlibrary.org/works/OL31906973W,BROAD
openlibrary:OL3099615W,Will McBride,,Coming of Age,,2005,Aperture,,Specialist photography publisher backlist: Aperture,C,4,Work-level metadata only; verify the exact publisher edition and printing.,,,Medium,https://openlibrary.org/works/OL3099615W,BROAD
openlibrary:OL32363236W,Willi Ruge,,Willi Ruge,,2017,Steidl,,Specialist photography publisher backlist: Steidl,C,4,Work-level metadata only; verify the exact publisher edition and printing.,,,Medium,https://openlibrary.org/works/OL32363236W,BROAD
openlibrary:OL1097798W,William A. Ewing,,Aperture 122: The Idealizing Vision,,1991,Aperture,,Specialist photography publisher backlist: Aperture,C,4,Work-level metadata only; verify the exact publisher edition and printing.,,,Medium,https://openlibrary.org/works/OL1097798W,BROAD
openlibrary:OL1097801W,William A. Ewing,,Ray K. Metzker,,2008,Steidl,,Specialist photography publisher backlist: Steidl,C,4,Work-level metadata only; verify the exact publisher edition and printing.,,,Medium,https://openlibrary.org/works/OL1097801W,BROAD
openlibrary:OL18407397W,William A. Ewing,,reGeneration,,2005,Aperture,,Specialist photography publisher backlist: Aperture,C,4,Work-level metadata only; verify the exact publisher edition and printing.,,,Medium,https://openlibrary.org/works/OL18407397W,BROAD
openlibrary:OL19951086W,William A. Ewing,W. M. Hunt,The unseen eye,,2011,Aperture,,Specialist photography publisher backlist: Aperture,C,4,Work-level metadata only; verify the exact publisher edition and printing.,,,Medium,https://openlibrary.org/works/OL19951086W,BROAD
openlibrary:OL22631088W,William A. Ewing,Wim van Sinderen | Nathalie Herschdorfer,Worldview,,2007,Steidl,,Specialist photography publisher backlist: Steidl,C,4,Work-level metadata only; verify the exact publisher edition and printing.,,,Medium,https://openlibrary.org/works/OL22631088W,BROAD
openlibrary:OL4658336W,William Betsch,,"The Hakima, a tragedy in Fez",,1991,Aperture,,Specialist photography publisher backlist: Aperture,C,4,Work-level metadata only; verify the exact publisher edition and printing.,,,Medium,https://openlibrary.org/works/OL4658336W,BROAD
openlibrary:OL3537813W,William Christenberry,,Southern Photographs,,1983,Aperture,,Specialist photography publisher backlist: Aperture,C,4,Work-level metadata only; verify the exact publisher edition and printing.,,,Medium,https://openlibrary.org/works/OL3537813W,BROAD
openlibrary:OL538480W,William Eggleston,,2 1/4,,1999,Twin Palms,,Specialist photography publisher backlist: Twin Palms,B,4,Work-level metadata only; verify the exact publisher edition and printing.,,,Medium,https://openlibrary.org/works/OL538480W,BROAD
openlibrary:OL8294228W,William Eggleston,,5x7,,2007,Twin Palms,,Specialist photography publisher backlist: Twin Palms,B,4,Work-level metadata only; verify the exact publisher edition and printing.,,,Medium,https://openlibrary.org/works/OL8294228W,BROAD
openlibrary:OL8294230W,William Eggleston,,Aperture Ninety-Six,,1984,Aperture,,Specialist photography publisher backlist: Aperture,C,4,Work-level metadata only; verify the exact publisher edition and printing.,,,Medium,https://openlibrary.org/works/OL8294230W,BROAD
openlibrary:OL27728122W,William Eggleston,,Black and White,,2020,Steidl,,Specialist photography publisher backlist: Steidl,C,4,Work-level metadata only; verify the exact publisher edition and printing.,,,Medium,https://openlibrary.org/works/OL27728122W,BROAD
openlibrary:OL20448848W,William Eggleston,,For Now,,2010,Twin Palms,,Specialist photography publisher backlist: Twin Palms,B,4,Work-level metadata only; verify the exact publisher edition and printing.,,,Medium,https://openlibrary.org/works/OL20448848W,BROAD
openlibrary:OL22542418W,William Eggleston,Caldecott Chubb,Morals of Vision,,2019,Steidl,,Specialist photography publisher backlist: Steidl,C,4,Work-level metadata only; verify the exact publisher edition and printing.,,,Medium,https://openlibrary.org/works/OL22542418W,BROAD
openlibrary:OL538481W,William Eggleston,Mark Holborn | Eudora Welty,The democratic forest,,1989,Steidl,,Specialist photography publisher backlist: Steidl,C,4,Work-level metadata only; verify the exact publisher edition and printing.,,,Medium,https://openlibrary.org/works/OL538481W,BROAD
openlibrary:OL15682521W,William Eggleston,,"Well, What Is Photography",,2004,Scalo,,Specialist photography publisher backlist: Scalo,B,4,Work-level metadata only; verify the exact publisher edition and printing.,,,Medium,https://openlibrary.org/works/OL15682521W,BROAD
openlibrary:OL538484W,William Eggleston,,William Eggleston,,1983,Twin Palms,,Specialist photography publisher backlist: Twin Palms | Specialist photography publisher backlist: Scalo | Specialist photography publisher backlist: Thames & Hudson | Specialist photography publisher backlist: Steidl,B,4,Work-level metadata only; verify the exact publisher edition and printing.,,,Medium,https://openlibrary.org/works/OL538484W,BROAD
openlibrary:OL21035185W,William Eggleston,,William Eggleston - Chromes,,2012,Steidl,,Specialist photography publisher backlist: Steidl,C,4,Work-level metadata only; verify the exact publisher edition and printing.,,,Medium,https://openlibrary.org/works/OL21035185W,BROAD
openlibrary:OL21088405W,William Eggleston,,William Eggleston - From Black and White to Color,,2015,Steidl,,Specialist photography publisher backlist: Steidl,C,4,Work-level metadata only; verify the exact publisher edition and printing.,,,Medium,https://openlibrary.org/works/OL21088405W,BROAD
openlibrary:OL17389696W,William Eggleston,,William Eggleston Los Alamos Revisited,,2012,Steidl,,Specialist photography publisher backlist: Steidl,C,4,Work-level metadata only; verify the exact publisher edition and printing.,,,Medium,https://openlibrary.org/works/OL17389696W,BROAD
openlibrary:OL31228436W,William Eggleston,,William Eggleston's Stranded in Canton,,2008,Twin Palms,,Specialist photography publisher backlist: Twin Palms,B,4,Work-level metadata only; verify the exact publisher edition and printing.,,,Medium,https://openlibrary.org/works/OL31228436W,BROAD
openlibrary:OL20002701W,William Heick,,The golden decade,,2016,Steidl,,Specialist photography publisher backlist: Steidl,C,4,Work-level metadata only; verify the exact publisher edition and printing.,,,Medium,https://openlibrary.org/works/OL20002701W,BROAD
openlibrary:OL4300621W,William Henry Fox Talbot,,Specimens and Marvels,,2000,Aperture,,Specialist photography publisher backlist: Aperture,C,4,Work-level metadata only; verify the exact publisher edition and printing.,,,Medium,https://openlibrary.org/works/OL4300621W,BROAD
openlibrary:OL4504580W,William James Stillman,,Poetic localities,,1988,Aperture,,Specialist photography publisher backlist: Aperture,C,4,Work-level metadata only; verify the exact publisher edition and printing.,,,Medium,https://openlibrary.org/works/OL4504580W,BROAD
openlibrary:OL8890076W,William Jay,,Bill Brandt,,2002,Nazraeli Press,,Specialist photography publisher backlist: Nazraeli Press,B,4,Work-level metadata only; verify the exact publisher edition and printing.,,,Medium,https://openlibrary.org/works/OL8890076W,BROAD
openlibrary:OL10355616W,William Klein,,William Klein,,1967,Aperture,,Specialist photography publisher backlist: Aperture,C,4,Work-level metadata only; verify the exact publisher edition and printing.,,,Medium,https://openlibrary.org/works/OL10355616W,BROAD
openlibrary:OL21954750W,Wm. B. Becker,Edwin Hale Lincoln,Edwin Hale Lincoln : Ephemeral Beauty,,2020,Steidl,,Specialist photography publisher backlist: Steidl,C,4,Work-level metadata only; verify the exact publisher edition and printing.,,,Medium,https://openlibrary.org/works/OL21954750W,BROAD
openlibrary:OL23895986W,Wolfgang Müller,,Karat,,2003,Nazraeli Press,,Specialist photography publisher backlist: Nazraeli Press,B,4,Work-level metadata only; verify the exact publisher edition and printing.,,,Medium,https://openlibrary.org/works/OL23895986W,BROAD
openlibrary:OL2461811W,Wolfgang Tillmans,,Freedom from the known,,2006,Steidl,,Specialist photography publisher backlist: Steidl,C,4,Work-level metadata only; verify the exact publisher edition and printing.,,,Medium,https://openlibrary.org/works/OL2461811W,BROAD
openlibrary:OL33094089W,Wolfgang Vollmer,,"Stadt, Bild, Köln",,2007,Steidl,,Specialist photography publisher backlist: Steidl,C,4,Work-level metadata only; verify the exact publisher edition and printing.,,,Medium,https://openlibrary.org/works/OL33094089W,BROAD
openlibrary:OL10152227W,Wolfram Runkel,,Dirk Reinartz,,2001,Steidl,,Specialist photography publisher backlist: Steidl,C,4,Work-level metadata only; verify the exact publisher edition and printing.,,,Medium,https://openlibrary.org/works/OL10152227W,BROAD
openlibrary:OL28776245W,Wynn Bullock,Harry Callahan | Eikō Hosoe | Tina Modotti,Masters of Photography,,2005,Aperture,,Specialist photography publisher backlist: Aperture,C,4,Work-level metadata only; verify the exact publisher edition and printing.,,,Medium,https://openlibrary.org/works/OL28776245W,BROAD
openlibrary:OL784101W,Wynn Bullock,,The enchanted landscape,,1993,Aperture,,Specialist photography publisher backlist: Aperture,C,4,Work-level metadata only; verify the exact publisher edition and printing.,,,Medium,https://openlibrary.org/works/OL784101W,BROAD
openlibrary:OL784102W,Wynn Bullock,,Wynn Bullock,,1969,Aperture,,Specialist photography publisher backlist: Aperture,C,4,Work-level metadata only; verify the exact publisher edition and printing.,,,Medium,https://openlibrary.org/works/OL784102W,BROAD
openlibrary:OL35921775W,Yael Eban,Matthew Gamber | Clément Chéroux,Dead Ringer,,2023,TBW Books,,Specialist photography publisher backlist: TBW Books,B,4,Work-level metadata only; verify the exact publisher edition and printing.,,,Medium,https://openlibrary.org/works/OL35921775W,BROAD
openlibrary:OL17586720W,Yann Mingard,,Yann Mingard,,2014,Steidl,,Specialist photography publisher backlist: Steidl,C,4,Work-level metadata only; verify the exact publisher edition and printing.,,,Medium,https://openlibrary.org/works/OL17586720W,BROAD
openlibrary:OL5967400W,Yasumasa Morimura,,Daughter of art history : photographs,,2003,Aperture,,Specialist photography publisher backlist: Aperture,C,4,Work-level metadata only; verify the exact publisher edition and printing.,,,Medium,https://openlibrary.org/works/OL5967400W,BROAD
openlibrary:OL32691745W,Yōko Ikeda,,Monkey puzzle,,2015,Nazraeli Press,,Specialist photography publisher backlist: Nazraeli Press,B,4,Work-level metadata only; verify the exact publisher edition and printing.,,,Medium,https://openlibrary.org/works/OL32691745W,BROAD
openlibrary:OL3283796W,Yom Tov Assis,,And I Shall Dwell Among Them,,2005,Aperture,,Specialist photography publisher backlist: Aperture,C,4,Work-level metadata only; verify the exact publisher edition and printing.,,,Medium,https://openlibrary.org/works/OL3283796W,BROAD
openlibrary:OL3283801W,Yom Tov Assis,,Neil Folberg,,2005,Aperture,,Specialist photography publisher backlist: Aperture,C,4,Work-level metadata only; verify the exact publisher edition and printing.,,,Medium,https://openlibrary.org/works/OL3283801W,BROAD
openlibrary:OL11631644W,Yuichi Hibi,,imprint,,2005,Nazraeli Press,,Specialist photography publisher backlist: Nazraeli Press,B,4,Work-level metadata only; verify the exact publisher edition and printing.,,,Medium,https://openlibrary.org/works/OL11631644W,BROAD
openlibrary:OL27085968W,Yusuke Nakajima,,Japan 8,,2021,Steidl,,Specialist photography publisher backlist: Steidl,C,4,Work-level metadata only; verify the exact publisher edition and printing.,,,Medium,https://openlibrary.org/works/OL27085968W,BROAD
openlibrary:OL31923860W,Yusuke Takagi,,Spin,,2022,L'Artiere,,Specialist photography publisher backlist: L'Artiere,B,4,Work-level metadata only; verify the exact publisher edition and printing.,,,Medium,https://openlibrary.org/works/OL31923860W,BROAD
openlibrary:OL20547100W,Yves Marchand,,The ruins of Detroit,,2010,Steidl,,Specialist photography publisher backlist: Steidl,C,4,Work-level metadata only; verify the exact publisher edition and printing.,,,Medium,https://openlibrary.org/works/OL20547100W,BROAD
openlibrary:OL20574148W,Zadie Smith,Arthur Jafa,Deana Lawson,,2018,Aperture,,Specialist photography publisher backlist: Aperture,C,4,Work-level metadata only; verify the exact publisher edition and printing.,,,Medium,https://openlibrary.org/works/OL20574148W,BROAD
openlibrary:OL36448322W,Zahm Olivier,,O. Zahm?,,2013,Steidl,,Specialist photography publisher backlist: Steidl,C,4,Work-level metadata only; verify the exact publisher edition and printing.,,,Medium,https://openlibrary.org/works/OL36448322W,BROAD
openlibrary:OL5741668W,Zalmaï Ahad,,"Return, Afghanistan =",,2004,Aperture,,Specialist photography publisher backlist: Aperture,C,4,Work-level metadata only; verify the exact publisher edition and printing.,,,Medium,https://openlibrary.org/works/OL5741668W,BROAD
openlibrary:OL18642027W,Zalmaï Ahad,,Silent exodus,,2008,Aperture,,Specialist photography publisher backlist: Aperture,C,4,Work-level metadata only; verify the exact publisher edition and printing.,,,Medium,https://openlibrary.org/works/OL18642027W,BROAD
openlibrary:OL19539634W,Zanele Muholi,,Somnyama ngonyama,,2018,Aperture,,Specialist photography publisher backlist: Aperture,C,4,Work-level metadata only; verify the exact publisher edition and printing.,,,Medium,https://openlibrary.org/works/OL19539634W,BROAD
openlibrary:OL19539635W,Zanele Muholi,,Zanele Muholi,,2006,Aperture,,Specialist photography publisher backlist: Aperture | Specialist photography publisher backlist: Steidl,C,4,Work-level metadata only; verify the exact publisher edition and printing.,,,Medium,https://openlibrary.org/works/OL19539635W,BROAD
openlibrary:OL12425092W,Zheng Liu,Gu Zheng | Christopher Phillips,The Chinese,,2004,Steidl,,Specialist photography publisher backlist: Steidl,C,4,Work-level metadata only; verify the exact publisher edition and printing.,,,Medium,https://openlibrary.org/works/OL12425092W,BROAD
openlibrary:OL2146935W,Zoe Leonard,Elisabeth Lebovici | Svetlana Alpers,Zoe Leonard,,2007,Steidl,,Specialist photography publisher backlist: Steidl,C,4,Work-level metadata only; verify the exact publisher edition and printing.,,,Medium,https://openlibrary.org/works/OL2146935W,BROAD
openlibrary:OL19662619W,Zwelethu Mthethwa,,Zwelethu Mthethwa,,2010,Aperture,,Specialist photography publisher backlist: Aperture,C,4,Work-level metadata only; verify the exact publisher edition and printing.,,,Medium,https://openlibrary.org/works/OL19662619W,BROAD
openlibrary:OL32645740W,Aapo Huhta,,Block,,2015,Kehrer,,Specialist photography publisher backlist: Kehrer,C,5,Work-level metadata only; verify the exact publisher edition and printing.,,,Medium,https://openlibrary.org/works/OL32645740W,BROAD
openlibrary:OL19641295W,Aaron Rezny,Jordan Schaps,Eating Delancey: A Celebration of Jewish Food,,2014,powerHouse Books,,Specialist photography publisher backlist: powerHouse Books,C,5,Work-level metadata only; verify the exact publisher edition and printing.,,,Medium,https://openlibrary.org/works/OL19641295W,BROAD
openlibrary:OL4486843W,Aaron Siskind,,Aaron Siskind 100,,2003,powerHouse Books,,Specialist photography publisher backlist: powerHouse Books,C,5,Work-level metadata only; verify the exact publisher edition and printing.,,,Medium,https://openlibrary.org/works/OL4486843W,BROAD
openlibrary:OL1030882W,Abbas.,,Allah o Akbar,,1994,Phaidon,,Specialist photography publisher backlist: Phaidon,C,5,Work-level metadata only; verify the exact publisher edition and printing.,,,Medium,https://openlibrary.org/works/OL1030882W,BROAD
openlibrary:OL17472638W,Abe Frajndlich,,Abe Frajndlich Penelopes Hungry Eyes Portraits Of Photographers,,2011,Schirmer/Mosel,,Specialist photography publisher backlist: Schirmer/Mosel,C,5,Work-level metadata only; verify the exact publisher edition and printing.,,,Medium,https://openlibrary.org/works/OL17472638W,BROAD
openlibrary:OL16729949W,Achim Heine,Andrea Holzherr | Peter Coeln,Magnum's first,,2008,Hatje Cantz,,Specialist photography publisher backlist: Hatje Cantz,C,5,Work-level metadata only; verify the exact publisher edition and printing.,,,Medium,https://openlibrary.org/works/OL16729949W,BROAD
openlibrary:OL21068338W,Achim Heine,Ingeborg Harms,Oliver Mark,,2009,Hatje Cantz,,Specialist photography publisher backlist: Hatje Cantz,C,5,Work-level metadata only; verify the exact publisher edition and printing.,,,Medium,https://openlibrary.org/works/OL21068338W,BROAD
openlibrary:OL18564548W,Achim Lippoth,,Pictures,,2007,Kehrer,,Specialist photography publisher backlist: Kehrer,C,5,Work-level metadata only; verify the exact publisher edition and printing.,,,Medium,https://openlibrary.org/works/OL18564548W,BROAD
openlibrary:OL21651683W,Ad Van Denderen,Lebohang Tlali | Margalith Kleijwegt,Welkom Today,,2019,Kehrer,,Specialist photography publisher backlist: Kehrer,C,5,Work-level metadata only; verify the exact publisher edition and printing.,,,Medium,https://openlibrary.org/works/OL21651683W,BROAD
openlibrary:OL21022950W,Adam Raphael,Nina Duran | J. C. Suares,Room Service,,2007,powerHouse Books,,Specialist photography publisher backlist: powerHouse Books,C,5,Work-level metadata only; verify the exact publisher edition and printing.,,,Medium,https://openlibrary.org/works/OL21022950W,BROAD
openlibrary:OL21282431W,Ahndraya Parlato,Christian Hawkey,Spectacle and Nothing Strange,,2016,Kehrer,,Specialist photography publisher backlist: Kehrer,C,5,Work-level metadata only; verify the exact publisher edition and printing.,,,Medium,https://openlibrary.org/works/OL21282431W,BROAD
openlibrary:OL31918924W,Aija Svensson,,Aija Svensson,,2022,Kehrer,,Specialist photography publisher backlist: Kehrer,C,5,Work-level metadata only; verify the exact publisher edition and printing.,,,Medium,https://openlibrary.org/works/OL31918924W,BROAD
openlibrary:OL19024427W,Alain Bergala,,Magnum cinema,,1995,Phaidon,,Specialist photography publisher backlist: Phaidon,C,5,Work-level metadata only; verify the exact publisher edition and printing.,,,Medium,https://openlibrary.org/works/OL19024427W,BROAD
openlibrary:OL27972324W,Alain Bergala,Wim Wenders,Written in the West,,1996,Schirmer/Mosel,,Specialist photography publisher backlist: Schirmer/Mosel,C,5,Work-level metadata only; verify the exact publisher edition and printing.,,,Medium,https://openlibrary.org/works/OL27972324W,BROAD
openlibrary:OL21296652W,Alain Laboile,Jock Sturges | Julie Guiyot-Corteville,At the Edge of the World,,2015,Kehrer,,Specialist photography publisher backlist: Kehrer,C,5,Work-level metadata only; verify the exact publisher edition and printing.,,,Medium,https://openlibrary.org/works/OL21296652W,BROAD
openlibrary:OL20509883W,Alain Laboile,,Summer of the Fawn,,2019,Kehrer,,Specialist photography publisher backlist: Kehrer,C,5,Work-level metadata only; verify the exact publisher edition and printing.,,,Medium,https://openlibrary.org/works/OL20509883W,BROAD
openlibrary:OL21279030W,Alan Luft,Stephen Brockmann,Photographic Portraits Berlin,,2017,Kehrer,,Specialist photography publisher backlist: Kehrer,C,5,Work-level metadata only; verify the exact publisher edition and printing.,,,Medium,https://openlibrary.org/works/OL21279030W,BROAD
openlibrary:OL4306640W,Alastair Hull,Jose Luczyc-Wyhowska,Kilim,,1993,Thames & Hudson,,Specialist photography publisher backlist: Thames & Hudson,C,5,Work-level metadata only; verify the exact publisher edition and printing.,,,Medium,https://openlibrary.org/works/OL4306640W,BROAD
openlibrary:OL21676413W,Alastair Philip Wiper,Ian Chillag | Marcelo Gleiser,Alastair Philip Wiper,,2020,Hatje Cantz,,Specialist photography publisher backlist: Hatje Cantz,C,5,Work-level metadata only; verify the exact publisher edition and printing.,,,Medium,https://openlibrary.org/works/OL21676413W,BROAD
openlibrary:OL2576222W,Albert Watson,,Albert Watson,,2003,Schirmer/Mosel,,Specialist photography publisher backlist: Schirmer/Mosel | Specialist photography publisher backlist: Phaidon,C,5,Work-level metadata only; verify the exact publisher edition and printing.,,,Medium,https://openlibrary.org/works/OL2576222W,BROAD
openlibrary:OL2576217W,Albert Watson,,Mad dog,,1996,Schirmer/Mosel,,Specialist photography publisher backlist: Schirmer/Mosel,C,5,Work-level metadata only; verify the exact publisher edition and printing.,,,Medium,https://openlibrary.org/works/OL2576217W,BROAD
openlibrary:OL16568564W,Alex S. MacLean,,Las Vegas - Venedig,,2010,Schirmer/Mosel,,Specialist photography publisher backlist: Schirmer/Mosel,C,5,Work-level metadata only; verify the exact publisher edition and printing.,,,Medium,https://openlibrary.org/works/OL16568564W,BROAD
openlibrary:OL2695748W,Alex Webb,,Hot light/half-made worlds,,1986,Thames & Hudson,,Specialist photography publisher backlist: Thames & Hudson,C,5,Work-level metadata only; verify the exact publisher edition and printing.,,,Medium,https://openlibrary.org/works/OL2695748W,BROAD
openlibrary:OL2695746W,Alex Webb,,Under a grudging sun,,1989,Thames & Hudson,,Specialist photography publisher backlist: Thames & Hudson,C,5,Work-level metadata only; verify the exact publisher edition and printing.,,,Medium,https://openlibrary.org/works/OL2695746W,BROAD
openlibrary:OL20524747W,Alexandra Senfft,,Frederike Helwig : Kriegskinder,,2018,Hatje Cantz,,Specialist photography publisher backlist: Hatje Cantz,C,5,Work-level metadata only; verify the exact publisher edition and printing.,,,Medium,https://openlibrary.org/works/OL20524747W,BROAD
openlibrary:OL19971523W,Alfried Wieczorek,Claude W. Sui | Barbara N. Brown | Sheila J. Foster,Die Geburtsstunde der Fotografie,,2012,Kehrer,,Specialist photography publisher backlist: Kehrer,C,5,Work-level metadata only; verify the exact publisher edition and printing.,,,Medium,https://openlibrary.org/works/OL19971523W,BROAD
openlibrary:OL20149361W,Alice Harris,,I Only Have Eyes For You,,2019,powerHouse Books,,Specialist photography publisher backlist: powerHouse Books,C,5,Work-level metadata only; verify the exact publisher edition and printing.,,,Medium,https://openlibrary.org/works/OL20149361W,BROAD
openlibrary:OL3995274W,Alice Springs,,Portraits,,1991,Schirmer/Mosel,,Specialist photography publisher backlist: Schirmer/Mosel,C,5,Work-level metadata only; verify the exact publisher edition and printing.,,,Medium,https://openlibrary.org/works/OL3995274W,BROAD
openlibrary:OL15739093W,Alison Hrsg.: Arieff,Allison Arieff | Bryan Burkhart | Deborah Bishop,Spa,,2004,Taschen,,Specialist photography publisher backlist: Taschen,C,5,Work-level metadata only; verify the exact publisher edition and printing.,,,Medium,https://openlibrary.org/works/OL15739093W,BROAD
openlibrary:OL8369785W,Alison M. Gingeras,,Guy Bourdin,,2006,Phaidon,,Specialist photography publisher backlist: Phaidon,C,5,Work-level metadata only; verify the exact publisher edition and printing.,,,Medium,https://openlibrary.org/works/OL8369785W,BROAD
openlibrary:OL21255600W,Alison Nordstrom,Bill McKibben | Ellen Dunham-Jones | Anette Baldauf,Anonymization,,2012,Kehrer,,Specialist photography publisher backlist: Kehrer,C,5,Work-level metadata only; verify the exact publisher edition and printing.,,,Medium,https://openlibrary.org/works/OL21255600W,BROAD
openlibrary:OL5971988W,Alistair Crawford,,Mario Giacomelli,,2001,Phaidon,,Specialist photography publisher backlist: Phaidon,C,5,Work-level metadata only; verify the exact publisher edition and printing.,,,Medium,https://openlibrary.org/works/OL5971988W,BROAD
openlibrary:OL13625092W,Allen Frame,,Detour,,2001,Kehrer,,Specialist photography publisher backlist: Kehrer,C,5,Work-level metadata only; verify the exact publisher edition and printing.,,,Medium,https://openlibrary.org/works/OL13625092W,BROAD
openlibrary:OL675529W,Alois Löcherer,,Alois Löcherer,,1998,Schirmer/Mosel,,Specialist photography publisher backlist: Schirmer/Mosel,C,5,Work-level metadata only; verify the exact publisher edition and printing.,,,Medium,https://openlibrary.org/works/OL675529W,BROAD
openlibrary:OL4280145W,Amanda Hopkinson,,Martín Chambi,,2001,Phaidon,,Specialist photography publisher backlist: Phaidon,C,5,Work-level metadata only; verify the exact publisher edition and printing.,,,Medium,https://openlibrary.org/works/OL4280145W,BROAD
openlibrary:OL5732011W,André Leon Talley,,A.L.T 365+,,2004,powerHouse Books,,Specialist photography publisher backlist: powerHouse Books,C,5,Work-level metadata only; verify the exact publisher edition and printing.,,,Medium,https://openlibrary.org/works/OL5732011W,BROAD
openlibrary:OL25065824W,André Lützen,F. C. Gundlach | Nora Luttmer,Before Elvis There Was Nothing,,2009,Kehrer,,Specialist photography publisher backlist: Kehrer,C,5,Work-level metadata only; verify the exact publisher edition and printing.,,,Medium,https://openlibrary.org/works/OL25065824W,BROAD
openlibrary:OL19046988W,Andrea Brodbeck,,Brasilianische Fotografie 1946-1998,,1999,Hatje Cantz,,Specialist photography publisher backlist: Hatje Cantz,C,5,Work-level metadata only; verify the exact publisher edition and printing.,,,Medium,https://openlibrary.org/works/OL19046988W,BROAD
openlibrary:OL19099325W,Andrea Diefenbach,,Land Ohne Eltern / Country Without Parents,,2013,Kehrer,,Specialist photography publisher backlist: Kehrer,C,5,Work-level metadata only; verify the exact publisher edition and printing.,,,Medium,https://openlibrary.org/works/OL19099325W,BROAD
openlibrary:OL21268450W,Andrea Ferrari,Quentin Bajac | Laura Gasperini,Pictures Included in This Envelope,,2014,Kehrer,,Specialist photography publisher backlist: Kehrer,C,5,Work-level metadata only; verify the exact publisher edition and printing.,,,Medium,https://openlibrary.org/works/OL21268450W,BROAD
openlibrary:OL32774332W,Andrea Holzherr,Alexandra Cox | Ulrike Lowis | Angelika Franz,"Grenzgänge, Magnum",,2013,Kehrer,,Specialist photography publisher backlist: Kehrer,C,5,Work-level metadata only; verify the exact publisher edition and printing.,,,Medium,https://openlibrary.org/works/OL32774332W,BROAD
openlibrary:OL19278066W,Andrea Holzherr,,The Helsinki School: Photography by TaiK,,2005,Hatje Cantz,,Specialist photography publisher backlist: Hatje Cantz,C,5,Work-level metadata only; verify the exact publisher edition and printing.,,,Medium,https://openlibrary.org/works/OL19278066W,BROAD
openlibrary:OL1408870W,Andreas Feininger,,A manual of advanced photography,,1962,Thames & Hudson,,Specialist photography publisher backlist: Thames & Hudson,C,5,Work-level metadata only; verify the exact publisher edition and printing.,,,Medium,https://openlibrary.org/works/OL1408870W,BROAD
openlibrary:OL1408876W,Andreas Feininger,Thomas Buchsteiner | Otto Letze,Andreas Feininger,,1973,Hatje Cantz,,Specialist photography publisher backlist: Hatje Cantz,C,5,Work-level metadata only; verify the exact publisher edition and printing.,,,Medium,https://openlibrary.org/works/OL1408876W,BROAD
openlibrary:OL1408850W,Andreas Feininger,,The complete colour photographer,,1969,Thames & Hudson,,Specialist photography publisher backlist: Thames & Hudson,C,5,Work-level metadata only; verify the exact publisher edition and printing.,,,Medium,https://openlibrary.org/works/OL1408850W,BROAD
openlibrary:OL1408874W,Andreas Feininger,,The complete photographer,,1965,Thames & Hudson,,Specialist photography publisher backlist: Thames & Hudson,C,5,Work-level metadata only; verify the exact publisher edition and printing.,,,Medium,https://openlibrary.org/works/OL1408874W,BROAD
openlibrary:OL9098561W,Andreas Gefeller,,Andreas Gefeller,,2005,Hatje Cantz,,Specialist photography publisher backlist: Hatje Cantz,C,5,Work-level metadata only; verify the exact publisher edition and printing.,,,Medium,https://openlibrary.org/works/OL9098561W,BROAD
openlibrary:OL23754609W,Andreas Greulich,,Sehnsucht nach Utopie,,2000,Kehrer,,Specialist photography publisher backlist: Kehrer,C,5,Work-level metadata only; verify the exact publisher edition and printing.,,,Medium,https://openlibrary.org/works/OL23754609W,BROAD
openlibrary:OL858950W,Andreas Gursky,Marie Luise Syring | Lynne Cooke | Rupert Pfab,Andreas Gursky,,1992,Schirmer/Mosel,,Specialist photography publisher backlist: Schirmer/Mosel | Specialist photography publisher backlist: Hatje Cantz | Specialist photography publisher backlist: Steidl,C,5,Work-level metadata only; verify the exact publisher edition and printing.,,,Medium,https://openlibrary.org/works/OL858950W,BROAD
openlibrary:OL5154192W,Andreas Haus,,Raoul Hausmann,,1979,Schirmer/Mosel,,Specialist photography publisher backlist: Schirmer/Mosel,C,5,Work-level metadata only; verify the exact publisher edition and printing.,,,Medium,https://openlibrary.org/works/OL5154192W,BROAD
openlibrary:OL32327286W,Andreas Krase,,Dresden in Photographien des 19. Jahrhunderts,,2020,Schirmer/Mosel,,Specialist photography publisher backlist: Schirmer/Mosel,C,5,Work-level metadata only; verify the exact publisher edition and printing.,,,Medium,https://openlibrary.org/works/OL32327286W,BROAD
openlibrary:OL32068261W,Andreas Meichsner,,Andreas Meichsner,,2011,Kehrer,,Specialist photography publisher backlist: Kehrer,C,5,Work-level metadata only; verify the exact publisher edition and printing.,,,Medium,https://openlibrary.org/works/OL32068261W,BROAD
openlibrary:OL21329994W,Andreas Muhe,Florian Illies | Dirk Luckou | Ingo Taubhorn,Pathos As Distance,,2018,Kehrer,,Specialist photography publisher backlist: Kehrer,C,5,Work-level metadata only; verify the exact publisher edition and printing.,,,Medium,https://openlibrary.org/works/OL21329994W,BROAD
openlibrary:OL18527401W,Andreĭ Arsenʹevich Tarkovskiĭ,,Instant light,,2006,Thames & Hudson,,Specialist photography publisher backlist: Thames & Hudson,C,5,Work-level metadata only; verify the exact publisher edition and printing.,,,Medium,https://openlibrary.org/works/OL18527401W,BROAD
openlibrary:OL16538981W,Andrej Krementschouk,,Come bury me,,2010,Kehrer,,Specialist photography publisher backlist: Kehrer,C,5,Work-level metadata only; verify the exact publisher edition and printing.,,,Medium,https://openlibrary.org/works/OL16538981W,BROAD
openlibrary:OL21692622W,Andres Gallardo Albajar,,Urban Geometry,,2020,Hoxton Mini Press,,Specialist photography publisher backlist: Hoxton Mini Press,C,5,Work-level metadata only; verify the exact publisher edition and printing.,,,Medium,https://openlibrary.org/works/OL21692622W,BROAD
openlibrary:OL21606112W,Andrew Holligan,,Dalston in The 80s,,2017,Hoxton Mini Press,,Specialist photography publisher backlist: Hoxton Mini Press,C,5,Work-level metadata only; verify the exact publisher edition and printing.,,,Medium,https://openlibrary.org/works/OL21606112W,BROAD
openlibrary:OL21257840W,Andrew Phelps,Leslie LeRoux,Haboob,,2013,Kehrer,,Specialist photography publisher backlist: Kehrer,C,5,Work-level metadata only; verify the exact publisher edition and printing.,,,Medium,https://openlibrary.org/works/OL21257840W,BROAD
openlibrary:OL12437003W,Andrew Phelps,,Higley,,2007,Kehrer,,Specialist photography publisher backlist: Kehrer,C,5,Work-level metadata only; verify the exact publisher edition and printing.,,,Medium,https://openlibrary.org/works/OL12437003W,BROAD
openlibrary:OL644644W,Andy Warhol,,Andy Warhol,,1967,powerHouse Books,,Specialist photography publisher backlist: powerHouse Books | Specialist photography publisher backlist: Hatje Cantz | Specialist photography publisher backlist: Steidl,C,5,Work-level metadata only; verify the exact publisher edition and printing.,,,Medium,https://openlibrary.org/works/OL644644W,BROAD
openlibrary:OL4166007W,Andy Wiener,,Cautionary tales,,1990,Cornerhouse,,Specialist photography publisher backlist: Cornerhouse,C,5,Work-level metadata only; verify the exact publisher edition and printing.,,,Medium,https://openlibrary.org/works/OL4166007W,BROAD
openlibrary:OL33036696W,Angela Tecce,,Candida Höfer Napoli,,2009,Schirmer/Mosel,,Specialist photography publisher backlist: Schirmer/Mosel,C,5,Work-level metadata only; verify the exact publisher edition and printing.,,,Medium,https://openlibrary.org/works/OL33036696W,BROAD
openlibrary:OL36445760W,Angus Carlyle,David Chandler,Dan Holdsworth,,2005,Photoworks,,Specialist photography publisher backlist: Photoworks | Specialist photography publisher backlist: Steidl,C,5,Work-level metadata only; verify the exact publisher edition and printing.,,,Medium,https://openlibrary.org/works/OL36445760W,BROAD
openlibrary:OL21632754W,Anja Conrad,,Everything Is Always So Perfect When You Are in It,,2019,Kehrer,,Specialist photography publisher backlist: Kehrer,C,5,Work-level metadata only; verify the exact publisher edition and printing.,,,Medium,https://openlibrary.org/works/OL21632754W,BROAD
openlibrary:OL16624158W,Anke Erlenhoff,,Anke Erlenhoff,,2003,Kehrer,,Specialist photography publisher backlist: Kehrer,C,5,Work-level metadata only; verify the exact publisher edition and printing.,,,Medium,https://openlibrary.org/works/OL16624158W,BROAD
openlibrary:OL11638738W,Ann Mandelbaum,Victoria CombalIa | Annett Reckert | Beate Ermacora,Ann Mandelbaum,,1994,Hatje Cantz,,Specialist photography publisher backlist: Hatje Cantz,C,5,Work-level metadata only; verify the exact publisher edition and printing.,,,Medium,https://openlibrary.org/works/OL11638738W,BROAD
openlibrary:OL21651689W,Ann Massal,,Eye of the Cyclops,,2019,Kehrer,,Specialist photography publisher backlist: Kehrer,C,5,Work-level metadata only; verify the exact publisher edition and printing.,,,Medium,https://openlibrary.org/works/OL21651689W,BROAD
openlibrary:OL2490162W,Anna Blume,Werner Meyer | Annett Reckert | Rosemarie Pahlke,Anna & Bernhard Blume,,1992,Hatje Cantz,,Specialist photography publisher backlist: Hatje Cantz,C,5,Work-level metadata only; verify the exact publisher edition and printing.,,,Medium,https://openlibrary.org/works/OL2490162W,BROAD
openlibrary:OL18421894W,Anna Gaskell,,Caesura,,2001,powerHouse Books,,Specialist photography publisher backlist: powerHouse Books,C,5,Work-level metadata only; verify the exact publisher edition and printing.,,,Medium,https://openlibrary.org/works/OL18421894W,BROAD
openlibrary:OL32604251W,Anna Katharina Zeitler,,Anna Katharina Zeitler,,2019,Kehrer,,Specialist photography publisher backlist: Kehrer,C,5,Work-level metadata only; verify the exact publisher edition and printing.,,,Medium,https://openlibrary.org/works/OL32604251W,BROAD
openlibrary:OL20179698W,Anna Sparham,,London Nights,,2019,Hoxton Mini Press,,Specialist photography publisher backlist: Hoxton Mini Press,C,5,Work-level metadata only; verify the exact publisher edition and printing.,,,Medium,https://openlibrary.org/works/OL20179698W,BROAD
openlibrary:OL28628046W,Anne Ackermann,,This Life Is a Mix of Poison and Honey,,2022,Kehrer,,Specialist photography publisher backlist: Kehrer,C,5,Work-level metadata only; verify the exact publisher edition and printing.,,,Medium,https://openlibrary.org/works/OL28628046W,BROAD
openlibrary:OL16317501W,Anne-Celine Jaeger,,"Image makers, image takers",,2010,Thames & Hudson,,Specialist photography publisher backlist: Thames & Hudson,C,5,Work-level metadata only; verify the exact publisher edition and printing.,,,Medium,https://openlibrary.org/works/OL16317501W,BROAD
openlibrary:OL32815289W,Anne Golaz,,Metsästä,,2012,Kehrer,,Specialist photography publisher backlist: Kehrer,C,5,Work-level metadata only; verify the exact publisher edition and printing.,,,Medium,https://openlibrary.org/works/OL32815289W,BROAD
openlibrary:OL2759357W,Anne Higonnet,,Pictures of innocence,,1998,Thames & Hudson,,Specialist photography publisher backlist: Thames & Hudson,C,5,Work-level metadata only; verify the exact publisher edition and printing.,,,Medium,https://openlibrary.org/works/OL2759357W,BROAD
openlibrary:OL32692827W,Anni Hanén,,Anni Hanén,,2016,Kehrer,,Specialist photography publisher backlist: Kehrer,C,5,Work-level metadata only; verify the exact publisher edition and printing.,,,Medium,https://openlibrary.org/works/OL32692827W,BROAD
openlibrary:OL21652610W,Anni Leppala,Tuomo Rainio | Liisa Seppo,"Hyle, Curtain, Backdrop",,2019,Kehrer,,Specialist photography publisher backlist: Kehrer,C,5,Work-level metadata only; verify the exact publisher edition and printing.,,,Medium,https://openlibrary.org/works/OL21652610W,BROAD
openlibrary:OL21330489W,Annie Leibovitz,,Annie Leibovitz,,2012,Taschen,,Specialist photography publisher backlist: Taschen | Specialist photography publisher backlist: Phaidon,C,5,Work-level metadata only; verify the exact publisher edition and printing.,,,Medium,https://openlibrary.org/works/OL21330489W,BROAD
openlibrary:OL3375188W,Annie Leibovitz,,Photographs,,1983,Thames & Hudson,,Specialist photography publisher backlist: Thames & Hudson,C,5,Work-level metadata only; verify the exact publisher edition and printing.,,,Medium,https://openlibrary.org/works/OL3375188W,BROAD
openlibrary:OL79159W,Ansel Adams,,Ansel Adams,,1972,Thames & Hudson,,Specialist photography publisher backlist: Thames & Hudson,C,5,Work-level metadata only; verify the exact publisher edition and printing.,,,Medium,https://openlibrary.org/works/OL79159W,BROAD
openlibrary:OL607944W,Anselm Kiefer,,Ich Halte Alle Indien In Meiner Hand,,2000,Schirmer/Mosel,,Specialist photography publisher backlist: Schirmer/Mosel,C,5,Work-level metadata only; verify the exact publisher edition and printing.,,,Medium,https://openlibrary.org/works/OL607944W,BROAD
openlibrary:OL16609398W,Anthony Bannon,,Steve McCurry,,2011,Phaidon,,Specialist photography publisher backlist: Phaidon,C,5,Work-level metadata only; verify the exact publisher edition and printing.,,,Medium,https://openlibrary.org/works/OL16609398W,BROAD
openlibrary:OL5371461W,Anthony Bannon,,Steve McCurry (Phaidon 55's),,2005,Phaidon,,Specialist photography publisher backlist: Phaidon,C,5,Work-level metadata only; verify the exact publisher edition and printing.,,,Medium,https://openlibrary.org/works/OL5371461W,BROAD
openlibrary:OL20172542W,Anthony Tafuro,,Anonymous,,2018,powerHouse Books,,Specialist photography publisher backlist: powerHouse Books,C,5,Work-level metadata only; verify the exact publisher edition and printing.,,,Medium,https://openlibrary.org/works/OL20172542W,BROAD
openlibrary:OL19337366W,Anthony Webb,,East End Fashionistas,,2016,Thames & Hudson,,Specialist photography publisher backlist: Thames & Hudson,C,5,Work-level metadata only; verify the exact publisher edition and printing.,,,Medium,https://openlibrary.org/works/OL19337366W,BROAD
openlibrary:OL3169780W,Anton Corbijn,,Anton Corbijn,,1999,Schirmer/Mosel,,Specialist photography publisher backlist: Schirmer/Mosel,C,5,Work-level metadata only; verify the exact publisher edition and printing.,,,Medium,https://openlibrary.org/works/OL3169780W,BROAD
openlibrary:OL3169768W,Anton Corbijn,,"Anton Corbijn, a. somebody, Strijen, Holland",,2002,Schirmer/Mosel,,Specialist photography publisher backlist: Schirmer/Mosel,C,5,Work-level metadata only; verify the exact publisher edition and printing.,,,Medium,https://openlibrary.org/works/OL3169768W,BROAD
openlibrary:OL32870459W,Anton Corbijn,,Hollands Deep,,2015,Schirmer/Mosel,,Specialist photography publisher backlist: Schirmer/Mosel,C,5,Work-level metadata only; verify the exact publisher edition and printing.,,,Medium,https://openlibrary.org/works/OL32870459W,BROAD
openlibrary:OL3169779W,Anton Corbijn,,Star trak,,1996,Schirmer/Mosel,,Specialist photography publisher backlist: Schirmer/Mosel,C,5,Work-level metadata only; verify the exact publisher edition and printing.,,,Medium,https://openlibrary.org/works/OL3169779W,BROAD
openlibrary:OL3169777W,Anton Corbijn,,U2 & I,,2005,Schirmer/Mosel,,Specialist photography publisher backlist: Schirmer/Mosel,C,5,Work-level metadata only; verify the exact publisher edition and printing.,,,Medium,https://openlibrary.org/works/OL3169777W,BROAD
openlibrary:OL32129767W,Anton Holzer,Frauke Kreutler | Susanne Breuss,Augenblick!,,2021,Kehrer,,Specialist photography publisher backlist: Kehrer,C,5,Work-level metadata only; verify the exact publisher edition and printing.,,,Medium,https://openlibrary.org/works/OL32129767W,BROAD
openlibrary:OL25274807W,Anton Roland Laub,,Anton Roland Laub,,2020,Kehrer,,Specialist photography publisher backlist: Kehrer,C,5,Work-level metadata only; verify the exact publisher edition and printing.,,,Medium,https://openlibrary.org/works/OL25274807W,BROAD
openlibrary:OL25324888W,Antonio Cataldo,Hans Gremmen,Conversations on Photography,,2021,Kehrer,,Specialist photography publisher backlist: Kehrer,C,5,Work-level metadata only; verify the exact publisher edition and printing.,,,Medium,https://openlibrary.org/works/OL25324888W,BROAD
openlibrary:OL20030056W,Ari Seth Cohen,,Advanced style,,2012,powerHouse Books,,Specialist photography publisher backlist: powerHouse Books,C,5,Work-level metadata only; verify the exact publisher edition and printing.,,,Medium,https://openlibrary.org/works/OL20030056W,BROAD
openlibrary:OL8917594W,Arlene Gottfried,,Midnight,,2003,powerHouse Books,,Specialist photography publisher backlist: powerHouse Books,C,5,Work-level metadata only; verify the exact publisher edition and printing.,,,Medium,https://openlibrary.org/works/OL8917594W,BROAD
openlibrary:OL8917595W,Arlene Gottfried,,Sometimes Overwhelming,,2007,powerHouse Books,,Specialist photography publisher backlist: powerHouse Books,C,5,Work-level metadata only; verify the exact publisher edition and printing.,,,Medium,https://openlibrary.org/works/OL8917595W,BROAD
openlibrary:OL16174729W,Arno Fischer,,Arno Fischer,,2009,Hatje Cantz,,Specialist photography publisher backlist: Hatje Cantz,C,5,Work-level metadata only; verify the exact publisher edition and printing.,,,Medium,https://openlibrary.org/works/OL16174729W,BROAD
openlibrary:OL21338322W,Arno Rafael Minkkinen,Keith F. Davis | Vicki Goldberg,Minkkinen,,2019,Kehrer,,Specialist photography publisher backlist: Kehrer,C,5,Work-level metadata only; verify the exact publisher edition and printing.,,,Medium,https://openlibrary.org/works/OL21338322W,BROAD
openlibrary:OL25048621W,Arnold Bartetzky,Stefan Koppelkamm | Bernadette Dufrêne,Stefan Koppelkamm,,2016,Hatje Cantz,,Specialist photography publisher backlist: Hatje Cantz,C,5,Work-level metadata only; verify the exact publisher edition and printing.,,,Medium,https://openlibrary.org/works/OL25048621W,BROAD
openlibrary:OL7135447W,Arthur Frank,,Cowboy Up,,2005,powerHouse Books,,Specialist photography publisher backlist: powerHouse Books,C,5,Work-level metadata only; verify the exact publisher edition and printing.,,,Medium,https://openlibrary.org/works/OL7135447W,BROAD
openlibrary:OL20003221W,Ash Thayer,,Kill city,,2015,powerHouse Books,,Specialist photography publisher backlist: powerHouse Books,C,5,Work-level metadata only; verify the exact publisher edition and printing.,,,Medium,https://openlibrary.org/works/OL20003221W,BROAD
openlibrary:OL21680923W,Ashok Sinha,,Gas and Glamour,,2020,Kehrer,,Specialist photography publisher backlist: Kehrer,C,5,Work-level metadata only; verify the exact publisher edition and printing.,,,Medium,https://openlibrary.org/works/OL21680923W,BROAD
openlibrary:OL17384375W,Aslon Arfa,,Black Crack In Iran,,2011,powerHouse Books,,Specialist photography publisher backlist: powerHouse Books,C,5,Work-level metadata only; verify the exact publisher edition and printing.,,,Medium,https://openlibrary.org/works/OL17384375W,BROAD
openlibrary:OL21559736W,Astrid Kruse Jensen,,Beauty Will Always Be Disturbed,,2015,Kehrer,,Specialist photography publisher backlist: Kehrer,C,5,Work-level metadata only; verify the exact publisher edition and printing.,,,Medium,https://openlibrary.org/works/OL21559736W,BROAD
openlibrary:OL863253W,August Sander,,Antlitz der Zeit,,1976,Schirmer/Mosel,,Specialist photography publisher backlist: Schirmer/Mosel,C,5,Work-level metadata only; verify the exact publisher edition and printing.,,,Medium,https://openlibrary.org/works/OL863253W,BROAD
openlibrary:OL863255W,August Sander,,August Sander,,1977,Schirmer/Mosel,,Specialist photography publisher backlist: Schirmer/Mosel | Specialist photography publisher backlist: Aperture,C,5,Work-level metadata only; verify the exact publisher edition and printing.,,,Medium,https://openlibrary.org/works/OL863255W,BROAD
openlibrary:OL863254W,August Sander,Susanne Lange | Gabriele Conrath-Scholl,Menschen des 20. Jahrhunderts,,1980,Schirmer/Mosel,,Specialist photography publisher backlist: Schirmer/Mosel,C,5,Work-level metadata only; verify the exact publisher edition and printing.,,,Medium,https://openlibrary.org/works/OL863254W,BROAD
openlibrary:OL23318938W,August Sander,,Menschen vor Flusslandschaft,,2014,Schirmer/Mosel,,Specialist photography publisher backlist: Schirmer/Mosel,C,5,Work-level metadata only; verify the exact publisher edition and printing.,,,Medium,https://openlibrary.org/works/OL23318938W,BROAD
openlibrary:OL22325836W,August Sander,,People of the 20th century,,2013,Schirmer/Mosel,,Specialist photography publisher backlist: Schirmer/Mosel,C,5,Work-level metadata only; verify the exact publisher edition and printing.,,,Medium,https://openlibrary.org/works/OL22325836W,BROAD
openlibrary:OL534145W,Auguste Rodin,,Auguste Rodin,,1945,Hatje Cantz,,Specialist photography publisher backlist: Hatje Cantz,C,5,Work-level metadata only; verify the exact publisher edition and printing.,,,Medium,https://openlibrary.org/works/OL534145W,BROAD
openlibrary:OL10152380W,Axel Huette,,Continents,,2000,Schirmer/Mosel,,Specialist photography publisher backlist: Schirmer/Mosel,C,5,Work-level metadata only; verify the exact publisher edition and printing.,,,Medium,https://openlibrary.org/works/OL10152380W,BROAD
openlibrary:OL13078340W,Axel Hutte,,After midnight,,2006,Schirmer/Mosel,,Specialist photography publisher backlist: Schirmer/Mosel,C,5,Work-level metadata only; verify the exact publisher edition and printing.,,,Medium,https://openlibrary.org/works/OL13078340W,BROAD
openlibrary:OL3384127W,Axel Hütte,,Axel Hütte,,1989,Schirmer/Mosel,,Specialist photography publisher backlist: Schirmer/Mosel,C,5,Work-level metadata only; verify the exact publisher edition and printing.,,,Medium,https://openlibrary.org/works/OL3384127W,BROAD
openlibrary:OL3384124W,Axel Hütte,,"Axel Hütte, Landschaft",,1995,Schirmer/Mosel,,Specialist photography publisher backlist: Schirmer/Mosel,C,5,Work-level metadata only; verify the exact publisher edition and printing.,,,Medium,https://openlibrary.org/works/OL3384124W,BROAD
openlibrary:OL3384126W,Axel Hütte,,Italien,,1993,Schirmer/Mosel,,Specialist photography publisher backlist: Schirmer/Mosel,C,5,Work-level metadata only; verify the exact publisher edition and printing.,,,Medium,https://openlibrary.org/works/OL3384126W,BROAD
openlibrary:OL16554304W,Axel Hütte,,Towards the wood,,2010,Schirmer/Mosel,,Specialist photography publisher backlist: Schirmer/Mosel,C,5,Work-level metadata only; verify the exact publisher edition and printing.,,,Medium,https://openlibrary.org/works/OL16554304W,BROAD
openlibrary:OL2014774W,"Bailey, David",Brian Clarke | Jacques-Henri Lartigue,David Bailey's Trouble and strife,,1980,Thames & Hudson,,Specialist photography publisher backlist: Thames & Hudson,C,5,Work-level metadata only; verify the exact publisher edition and printing.,,,Medium,https://openlibrary.org/works/OL2014774W,BROAD
openlibrary:OL17517992W,Barbara Auer,,Turn Round Simone Demandt,,2010,Hatje Cantz,,Specialist photography publisher backlist: Hatje Cantz,C,5,Work-level metadata only; verify the exact publisher edition and printing.,,,Medium,https://openlibrary.org/works/OL17517992W,BROAD
openlibrary:OL4112582W,Barbara Head Millstein,,Helluva Town,,2008,powerHouse Books,,Specialist photography publisher backlist: powerHouse Books,C,5,Work-level metadata only; verify the exact publisher edition and printing.,,,Medium,https://openlibrary.org/works/OL4112582W,BROAD
openlibrary:OL4922361W,Barbara Klemm,,Barbara Klemm,,1986,Schirmer/Mosel,,Specialist photography publisher backlist: Schirmer/Mosel,C,5,Work-level metadata only; verify the exact publisher edition and printing.,,,Medium,https://openlibrary.org/works/OL4922361W,BROAD
openlibrary:OL19279927W,Barbara Lauterbach,Rolf F. Nohr,Polaroid als Geste,,2005,Hatje Cantz,,Specialist photography publisher backlist: Hatje Cantz,C,5,Work-level metadata only; verify the exact publisher edition and printing.,,,Medium,https://openlibrary.org/works/OL19279927W,BROAD
openlibrary:OL9060655W,Barbara Nitke,,Kiss of Fire,,2003,Kehrer,,Specialist photography publisher backlist: Kehrer,C,5,Work-level metadata only; verify the exact publisher edition and printing.,,,Medium,https://openlibrary.org/works/OL9060655W,BROAD
openlibrary:OL32230436W,Barbara Vinken,Annie Goodner,Catrine Val,,2012,Kehrer,,Specialist photography publisher backlist: Kehrer,C,5,Work-level metadata only; verify the exact publisher edition and printing.,,,Medium,https://openlibrary.org/works/OL32230436W,BROAD
openlibrary:OL20162762W,Barry Lewis,,Miami Beach 1988-1995,,2019,Hoxton Mini Press,,Specialist photography publisher backlist: Hoxton Mini Press,C,5,Work-level metadata only; verify the exact publisher edition and printing.,,,Medium,https://openlibrary.org/works/OL20162762W,BROAD
openlibrary:OL22149800W,Bas Losekoot,Kasper van Beek | Paul Halliday,Out of Place,,2020,Kehrer,,Specialist photography publisher backlist: Kehrer,C,5,Work-level metadata only; verify the exact publisher edition and printing.,,,Medium,https://openlibrary.org/works/OL22149800W,BROAD
openlibrary:OL32339100W,Bayerische Staatsbibliothek,,München. Schau her!,,2020,Schirmer/Mosel,,Specialist photography publisher backlist: Schirmer/Mosel,C,5,Work-level metadata only; verify the exact publisher edition and printing.,,,Medium,https://openlibrary.org/works/OL32339100W,BROAD
openlibrary:OL19281083W,Beate Ermacora,Robert Lucander,"Cocktail International: Robert Lucander. Ausstellung, Kunstmuseum M ulheim an der Ruhr in der Alten Post, 14.05. - 23.07.2006",,2006,Hatje Cantz,,Specialist photography publisher backlist: Hatje Cantz,C,5,Work-level metadata only; verify the exact publisher edition and printing.,,,Medium,https://openlibrary.org/works/OL19281083W,BROAD
openlibrary:OL25203365W,Beate Gutschow,Anne-Catharina Gebbers | Florian Ebner,Z/i/s/ls,,2016,Kehrer,,Specialist photography publisher backlist: Kehrer,C,5,Work-level metadata only; verify the exact publisher edition and printing.,,,Medium,https://openlibrary.org/works/OL25203365W,BROAD
openlibrary:OL12898161W,Beate Passow,,Lotuslillies,,2003,Kehrer,,Specialist photography publisher backlist: Kehrer,C,5,Work-level metadata only; verify the exact publisher edition and printing.,,,Medium,https://openlibrary.org/works/OL12898161W,BROAD
openlibrary:OL21654610W,Benita Suchodrev,,Of Lions and Lambs,,2019,Kehrer,,Specialist photography publisher backlist: Kehrer,C,5,Work-level metadata only; verify the exact publisher edition and printing.,,,Medium,https://openlibrary.org/works/OL21654610W,BROAD
openlibrary:OL39672982W,Benoit B. Mandelbrot,Bill Hirst,Fractal Landscapes from the Real World,,1995,Cornerhouse,,Specialist photography publisher backlist: Cornerhouse,C,5,Work-level metadata only; verify the exact publisher edition and printing.,,,Medium,https://openlibrary.org/works/OL39672982W,BROAD
openlibrary:OL23967969W,Bernd Becher,Hilla Becher,Basic forms of industrial buildings,,2005,Schirmer/Mosel,,Specialist photography publisher backlist: Schirmer/Mosel,C,5,Work-level metadata only; verify the exact publisher edition and printing.,,,Medium,https://openlibrary.org/works/OL23967969W,BROAD
openlibrary:OL644055W,Bernd Becher,,Bernd and Hilla Becher,,1974,Schirmer/Mosel,,Specialist photography publisher backlist: Schirmer/Mosel,C,5,Work-level metadata only; verify the exact publisher edition and printing.,,,Medium,https://openlibrary.org/works/OL644055W,BROAD
openlibrary:OL33265793W,Bernd Becher,,Bernd & Hilla Becher at Museo Morandi,,2009,Schirmer/Mosel,,Specialist photography publisher backlist: Schirmer/Mosel,C,5,Work-level metadata only; verify the exact publisher edition and printing.,,,Medium,https://openlibrary.org/works/OL33265793W,BROAD
openlibrary:OL644037W,Bernd Becher,,Fabrikhallen,,1994,Schirmer/Mosel,,Specialist photography publisher backlist: Schirmer/Mosel,C,5,Work-level metadata only; verify the exact publisher edition and printing.,,,Medium,https://openlibrary.org/works/OL644037W,BROAD
openlibrary:OL44924798W,Bernd Becher,Hilla Becher,Gas tanks,,1993,Schirmer/Mosel,,Specialist photography publisher backlist: Schirmer/Mosel,C,5,Work-level metadata only; verify the exact publisher edition and printing.,,,Medium,https://openlibrary.org/works/OL44924798W,BROAD
openlibrary:OL644042W,Bernd Becher,,Getreidesilos,,2006,Schirmer/Mosel,,Specialist photography publisher backlist: Schirmer/Mosel,C,5,Work-level metadata only; verify the exact publisher edition and printing.,,,Medium,https://openlibrary.org/works/OL644042W,BROAD
openlibrary:OL10488799W,Bernd Becher,,Grundformen,,1993,Schirmer/Mosel,,Specialist photography publisher backlist: Schirmer/Mosel,C,5,Work-level metadata only; verify the exact publisher edition and printing.,,,Medium,https://openlibrary.org/works/OL10488799W,BROAD
openlibrary:OL32841317W,Bernd Becher,,Steinwerke und Kalköfen,,2013,Schirmer/Mosel,,Specialist photography publisher backlist: Schirmer/Mosel,C,5,Work-level metadata only; verify the exact publisher edition and printing.,,,Medium,https://openlibrary.org/works/OL32841317W,BROAD
openlibrary:OL644047W,Bernd Becher,,Typologien industrieller Bauten,,2003,Schirmer/Mosel,,Specialist photography publisher backlist: Schirmer/Mosel,C,5,Work-level metadata only; verify the exact publisher edition and printing.,,,Medium,https://openlibrary.org/works/OL644047W,BROAD
openlibrary:OL10488804W,Bernd Becher,,Wassertürme châteaux d'eau,,1988,Schirmer/Mosel,,Specialist photography publisher backlist: Schirmer/Mosel,C,5,Work-level metadata only; verify the exact publisher edition and printing.,,,Medium,https://openlibrary.org/works/OL10488804W,BROAD
openlibrary:OL644051W,Bernd Becher,,Zeche Hannibal,,2000,Schirmer/Mosel,,Specialist photography publisher backlist: Schirmer/Mosel,C,5,Work-level metadata only; verify the exact publisher edition and printing.,,,Medium,https://openlibrary.org/works/OL644051W,BROAD
openlibrary:OL13673430W,Bernd Heise,Thomas Martin | Arno Fischer,"Arno Fischer: der Garten. Ausstellung, Leonhardi-Museum Dresden, 30. M arz - 17. Juni 2007",,2007,Hatje Cantz,,Specialist photography publisher backlist: Hatje Cantz,C,5,Work-level metadata only; verify the exact publisher edition and printing.,,,Medium,https://openlibrary.org/works/OL13673430W,BROAD
openlibrary:OL32700864W,Bernhard Mayr,,Erinnerungen an Sarajevo,,2016,Kehrer,,Specialist photography publisher backlist: Kehrer,C,5,Work-level metadata only; verify the exact publisher edition and printing.,,,Medium,https://openlibrary.org/works/OL32700864W,BROAD
openlibrary:OL5900024W,Bert Stern,,Marilyn Monroe,,1982,Schirmer/Mosel,,Specialist photography publisher backlist: Schirmer/Mosel,C,5,Work-level metadata only; verify the exact publisher edition and printing.,,,Medium,https://openlibrary.org/works/OL5900024W,BROAD
openlibrary:OL5900017W,Bert Stern,,The Last Sitting,,1982,Schirmer/Mosel,,Specialist photography publisher backlist: Schirmer/Mosel,C,5,Work-level metadata only; verify the exact publisher edition and printing.,,,Medium,https://openlibrary.org/works/OL5900017W,BROAD
openlibrary:OL12685772W,Bettina Pousttchi,,Bettina Pousttchi,,2003,Hatje Cantz,,Specialist photography publisher backlist: Hatje Cantz,C,5,Work-level metadata only; verify the exact publisher edition and printing.,,,Medium,https://openlibrary.org/works/OL12685772W,BROAD
openlibrary:OL4166859W,Bettina Rheims,,Bettina Rheims,,1987,Schirmer/Mosel,,Specialist photography publisher backlist: Schirmer/Mosel,C,5,Work-level metadata only; verify the exact publisher edition and printing.,,,Medium,https://openlibrary.org/works/OL4166859W,BROAD
openlibrary:OL4166852W,Bettina Rheims,,Female trouble,,1989,Schirmer/Mosel,,Specialist photography publisher backlist: Schirmer/Mosel,C,5,Work-level metadata only; verify the exact publisher edition and printing.,,,Medium,https://openlibrary.org/works/OL4166852W,BROAD
openlibrary:OL18818484W,Bettina Rheims,Catherine Millet,Heroines,,2007,Schirmer/Mosel,,Specialist photography publisher backlist: Schirmer/Mosel,C,5,Work-level metadata only; verify the exact publisher edition and printing.,,,Medium,https://openlibrary.org/works/OL18818484W,BROAD
openlibrary:OL21226692W,Bettina Rheims,Serge Bramly,Shanghai,,2004,powerHouse Books,,Specialist photography publisher backlist: powerHouse Books,C,5,Work-level metadata only; verify the exact publisher edition and printing.,,,Medium,https://openlibrary.org/works/OL21226692W,BROAD
openlibrary:OL32639163W,Bianca Pedrina,,Bianca Pedrina / Larissa Kikol,,2016,Kehrer,,Specialist photography publisher backlist: Kehrer,C,5,Work-level metadata only; verify the exact publisher edition and printing.,,,Medium,https://openlibrary.org/works/OL32639163W,BROAD
openlibrary:OL17402280W,Bianca Welzing-Brautigam,,Leo Rosenthal Ein Chronist In Der Weimarer Republik Fotografien 192633,,2011,Schirmer/Mosel,,Specialist photography publisher backlist: Schirmer/Mosel,C,5,Work-level metadata only; verify the exact publisher edition and printing.,,,Medium,https://openlibrary.org/works/OL17402280W,BROAD
openlibrary:OL16161296W,"Bielefelder Symposium über Fotografie und Medien (27th 2006 Bielefeld, Germany)",,Fotografie im Diskurs performativer Kulturen,,2009,Kehrer,,Specialist photography publisher backlist: Kehrer,C,5,Work-level metadata only; verify the exact publisher edition and printing.,,,Medium,https://openlibrary.org/works/OL16161296W,BROAD
openlibrary:OL32225646W,Bielefelder Symposium über Fotografie und Medien (31 2011 Bielefeld),,The other side,,2012,Kehrer,,Specialist photography publisher backlist: Kehrer,C,5,Work-level metadata only; verify the exact publisher edition and printing.,,,Medium,https://openlibrary.org/works/OL32225646W,BROAD
openlibrary:OL536802W,Bill Brandt,,Bill Brandt,,1976,Thames & Hudson,,Specialist photography publisher backlist: Thames & Hudson,C,5,Work-level metadata only; verify the exact publisher edition and printing.,,,Medium,https://openlibrary.org/works/OL536802W,BROAD
openlibrary:OL4504978W,Bill Burke,Bernard Fall | Prince Sirik Matak,"Autrefois, maison privée",,2004,powerHouse Books,,Specialist photography publisher backlist: powerHouse Books,C,5,Work-level metadata only; verify the exact publisher edition and printing.,,,Medium,https://openlibrary.org/works/OL4504978W,BROAD
openlibrary:OL16149590W,Birgitta Thaysen,,Inner ocean,,2009,Kehrer,,Specialist photography publisher backlist: Kehrer,C,5,Work-level metadata only; verify the exact publisher edition and printing.,,,Medium,https://openlibrary.org/works/OL16149590W,BROAD
openlibrary:OL20509871W,Bonnie Yochelson,Bill Kouwenhoven | Geun-Jun Lim | Young June Lee,JeongMee Yoon,,2019,Hatje Cantz,,Specialist photography publisher backlist: Hatje Cantz,C,5,Work-level metadata only; verify the exact publisher edition and printing.,,,Medium,https://openlibrary.org/works/OL20509871W,BROAD
openlibrary:OL8925981W,Boogie,,Boogie,,2007,powerHouse Books,,Specialist photography publisher backlist: powerHouse Books,C,5,Work-level metadata only; verify the exact publisher edition and printing.,,,Medium,https://openlibrary.org/works/OL8925981W,BROAD
openlibrary:OL25776289W,Boogie,Tracy Quan,Persona Non Grata,,2021,powerHouse Books,,Specialist photography publisher backlist: powerHouse Books,C,5,Work-level metadata only; verify the exact publisher edition and printing.,,,Medium,https://openlibrary.org/works/OL25776289W,BROAD
openlibrary:OL21562328W,Boris Bennett,,Vintage Glamour in London's East End,,2014,Hoxton Mini Press,,Specialist photography publisher backlist: Hoxton Mini Press,C,5,Work-level metadata only; verify the exact publisher edition and printing.,,,Medium,https://openlibrary.org/works/OL21562328W,BROAD
openlibrary:OL8369910W,Boris Mikhailov,,Yesterday's Sandwich,,2007,Phaidon,,Specialist photography publisher backlist: Phaidon,C,5,Work-level metadata only; verify the exact publisher edition and printing.,,,Medium,https://openlibrary.org/works/OL8369910W,BROAD
openlibrary:OL32692795W,Boris von Brauchitsch,,Boris von Brauchitsch 9,,2016,Kehrer,,Specialist photography publisher backlist: Kehrer,C,5,Work-level metadata only; verify the exact publisher edition and printing.,,,Medium,https://openlibrary.org/works/OL32692795W,BROAD
openlibrary:OL32701886W,Boris von Brauchitsch,Saeid Edalatnejad,Einsicht,,2017,Kehrer,,Specialist photography publisher backlist: Kehrer,C,5,Work-level metadata only; verify the exact publisher edition and printing.,,,Medium,https://openlibrary.org/works/OL32701886W,BROAD
openlibrary:OL21678383W,Brant Slomovitch,,There Is a Crack in Everything,,2020,Kehrer,,Specialist photography publisher backlist: Kehrer,C,5,Work-level metadata only; verify the exact publisher edition and printing.,,,Medium,https://openlibrary.org/works/OL21678383W,BROAD
openlibrary:OL1645602W,Brassaï,Roger Grenier | Stuart Alexander | Annick Lionel-Marie,Brassaï,,1968,Thames & Hudson,,Specialist photography publisher backlist: Thames & Hudson,C,5,Work-level metadata only; verify the exact publisher edition and printing.,,,Medium,https://openlibrary.org/works/OL1645602W,BROAD
openlibrary:OL1645599W,Brassaï,,Paris secret des années 30,,1976,Thames & Hudson,,Specialist photography publisher backlist: Thames & Hudson,C,5,Work-level metadata only; verify the exact publisher edition and printing.,,,Medium,https://openlibrary.org/works/OL1645599W,BROAD
openlibrary:OL19923684W,Brett Ratner,,Hilhaven Lodge,,2003,powerHouse Books,,Specialist photography publisher backlist: powerHouse Books,C,5,Work-level metadata only; verify the exact publisher edition and printing.,,,Medium,https://openlibrary.org/works/OL19923684W,BROAD
openlibrary:OL13747615W,Brian Finke,,Flight attendants,,2008,powerHouse Books,,Specialist photography publisher backlist: powerHouse Books,C,5,Work-level metadata only; verify the exact publisher edition and printing.,,,Medium,https://openlibrary.org/works/OL13747615W,BROAD
openlibrary:OL20171296W,Brian Finke,,Hip Hop Honeys,,2018,powerHouse Books,,Specialist photography publisher backlist: powerHouse Books,C,5,Work-level metadata only; verify the exact publisher edition and printing.,,,Medium,https://openlibrary.org/works/OL20171296W,BROAD
openlibrary:OL27677039W,Brighton Photo Biennial (2nd 2006),,Brighton Photo Biennial,,2006,Photoworks,,Specialist photography publisher backlist: Photoworks,C,5,Work-level metadata only; verify the exact publisher edition and printing.,,,Medium,https://openlibrary.org/works/OL27677039W,BROAD
openlibrary:OL12022120W,Brigitte Lacombe,,Lacombe,,2001,Schirmer/Mosel,,Specialist photography publisher backlist: Schirmer/Mosel | Specialist photography publisher backlist: Steidl,C,5,Work-level metadata only; verify the exact publisher edition and printing.,,,Medium,https://openlibrary.org/works/OL12022120W,BROAD
openlibrary:OL931596W,Bruce Bernard,,Century,,1999,Phaidon,,Specialist photography publisher backlist: Phaidon,C,5,Work-level metadata only; verify the exact publisher edition and printing.,,,Medium,https://openlibrary.org/works/OL931596W,BROAD
openlibrary:OL20026132W,Bruce Gilden,,Bruce Gilden,,2011,Kehrer,,Specialist photography publisher backlist: Kehrer,C,5,Work-level metadata only; verify the exact publisher edition and printing.,,,Medium,https://openlibrary.org/works/OL20026132W,BROAD
openlibrary:OL11958517W,Bruce of Los Angeles.,,Bruce of Los Angeles,,2008,powerHouse Books,,Specialist photography publisher backlist: powerHouse Books,C,5,Work-level metadata only; verify the exact publisher edition and printing.,,,Medium,https://openlibrary.org/works/OL11958517W,BROAD
openlibrary:OL3181297W,Bruno Bernard,Susan Bernard,Bernard of Hollywood,,2002,Taschen,,Specialist photography publisher backlist: Taschen,C,5,Work-level metadata only; verify the exact publisher edition and printing.,,,Medium,https://openlibrary.org/works/OL3181297W,BROAD
openlibrary:OL3181307W,Bruno Bernard,,Bernard of Hollywood pin-ups,,1995,Taschen,,Specialist photography publisher backlist: Taschen,C,5,Work-level metadata only; verify the exact publisher edition and printing.,,,Medium,https://openlibrary.org/works/OL3181307W,BROAD
openlibrary:OL5736159W,Bryan Adams,,American women,,2005,powerHouse Books,,Specialist photography publisher backlist: powerHouse Books,C,5,Work-level metadata only; verify the exact publisher edition and printing.,,,Medium,https://openlibrary.org/works/OL5736159W,BROAD
openlibrary:OL827509W,Calixthe Beyala,,Uwe Ommer,,2004,Taschen,,Specialist photography publisher backlist: Taschen,C,5,Work-level metadata only; verify the exact publisher edition and printing.,,,Medium,https://openlibrary.org/works/OL827509W,BROAD
openlibrary:OL32238896W,Candida Höfer,,Affinities = Affinitäten = Affiniteter,,2012,Schirmer/Mosel,,Specialist photography publisher backlist: Schirmer/Mosel,C,5,Work-level metadata only; verify the exact publisher edition and printing.,,,Medium,https://openlibrary.org/works/OL32238896W,BROAD
openlibrary:OL9019075W,Candida Hofer,,Candida Hofer,,1998,Schirmer/Mosel,,Specialist photography publisher backlist: Schirmer/Mosel,C,5,Work-level metadata only; verify the exact publisher edition and printing.,,,Medium,https://openlibrary.org/works/OL9019075W,BROAD
openlibrary:OL3613876W,Candida Höfer,,"Candida Höfer, Photographie",,1998,Schirmer/Mosel,,Specialist photography publisher backlist: Schirmer/Mosel,C,5,Work-level metadata only; verify the exact publisher edition and printing.,,,Medium,https://openlibrary.org/works/OL3613876W,BROAD
openlibrary:OL19453353W,Carl Aigner,Vince Aletti | Peter Noever,Snapshots,,2004,Hatje Cantz,,Specialist photography publisher backlist: Hatje Cantz,C,5,Work-level metadata only; verify the exact publisher edition and printing.,,,Medium,https://openlibrary.org/works/OL19453353W,BROAD
openlibrary:OL39030592W,Carl Friedrich Mylius,,Das alte Frankfurt am Main 1855-1890,,2014,Schirmer/Mosel,,Specialist photography publisher backlist: Schirmer/Mosel,C,5,Work-level metadata only; verify the exact publisher edition and printing.,,,Medium,https://openlibrary.org/works/OL39030592W,BROAD
openlibrary:OL20990044W,Carlo McCormick,Paul D. Miller,Pass the Mic,,2001,powerHouse Books,,Specialist photography publisher backlist: powerHouse Books,C,5,Work-level metadata only; verify the exact publisher edition and printing.,,,Medium,https://openlibrary.org/works/OL20990044W,BROAD
openlibrary:OL4619012W,Caroline Smith,,It's Wrong to Wish on Space Hardware,,2003,Photoworks,,Specialist photography publisher backlist: Photoworks | Specialist photography publisher backlist: Cornerhouse,C,5,Work-level metadata only; verify the exact publisher edition and printing.,,,Medium,https://openlibrary.org/works/OL4619012W,BROAD
openlibrary:OL15595349W,Carolyn Russo,,In plane view,,2007,powerHouse Books,,Specialist photography publisher backlist: powerHouse Books,C,5,Work-level metadata only; verify the exact publisher edition and printing.,,,Medium,https://openlibrary.org/works/OL15595349W,BROAD
openlibrary:OL20200961W,Carrie Boretz,,Street,,2017,powerHouse Books,,Specialist photography publisher backlist: powerHouse Books,C,5,Work-level metadata only; verify the exact publisher edition and printing.,,,Medium,https://openlibrary.org/works/OL20200961W,BROAD
openlibrary:OL21548825W,Cathrin Nielsen,,Unter der Haut des Wassers / under Water's Skin,,2018,Kehrer,,Specialist photography publisher backlist: Kehrer,C,5,Work-level metadata only; verify the exact publisher edition and printing.,,,Medium,https://openlibrary.org/works/OL21548825W,BROAD
openlibrary:OL32920049W,Celina Lunsford,Christiane Stahl,Frontiers of another nature,,2011,Kehrer,,Specialist photography publisher backlist: Kehrer,C,5,Work-level metadata only; verify the exact publisher edition and printing.,,,Medium,https://openlibrary.org/works/OL32920049W,BROAD
openlibrary:OL32784277W,Celina Lunsford,,Kachalka,,2012,Kehrer,,Specialist photography publisher backlist: Kehrer,C,5,Work-level metadata only; verify the exact publisher edition and printing.,,,Medium,https://openlibrary.org/works/OL32784277W,BROAD
openlibrary:OL24117768W,Celina Lunsford,Ronnie Margulies | Necmi Sönmez | Merih Akoğul,Turkish realities,,2008,Kehrer,,Specialist photography publisher backlist: Kehrer,C,5,Work-level metadata only; verify the exact publisher edition and printing.,,,Medium,https://openlibrary.org/works/OL24117768W,BROAD
openlibrary:OL16606853W,Chad States,,Cruising,,2011,powerHouse Books,,Specialist photography publisher backlist: powerHouse Books,C,5,Work-level metadata only; verify the exact publisher edition and printing.,,,Medium,https://openlibrary.org/works/OL16606853W,BROAD
openlibrary:OL35296821W,"Chandler, David",,26 Different Endings,,2007,Photoworks,,Specialist photography publisher backlist: Photoworks,C,5,Work-level metadata only; verify the exact publisher edition and printing.,,,Medium,https://openlibrary.org/works/OL35296821W,BROAD
openlibrary:OL31391067W,"Chandler, David, Burbridge, Benedict",,Picture Book of Britain,,2006,Photoworks,,Specialist photography publisher backlist: Photoworks,C,5,Work-level metadata only; verify the exact publisher edition and printing.,,,Medium,https://openlibrary.org/works/OL31391067W,BROAD
openlibrary:OL5970736W,Charles Hagen,,Mary Ellen Mark,,2001,Phaidon,,Specialist photography publisher backlist: Phaidon,C,5,Work-level metadata only; verify the exact publisher edition and printing.,,,Medium,https://openlibrary.org/works/OL5970736W,BROAD
openlibrary:OL8423197W,Charles Peterson,,Touch Me I'm Sick,,2003,powerHouse Books,,Specialist photography publisher backlist: powerHouse Books,C,5,Work-level metadata only; verify the exact publisher edition and printing.,,,Medium,https://openlibrary.org/works/OL8423197W,BROAD
openlibrary:OL8605132W,Charlie White,,Monsters,,2007,powerHouse Books,,Specialist photography publisher backlist: powerHouse Books,C,5,Work-level metadata only; verify the exact publisher edition and printing.,,,Medium,https://openlibrary.org/works/OL8605132W,BROAD
openlibrary:OL20184150W,Charlotte Cotton,,Mert Alas and Marcus Piggott,,2017,Taschen,,Specialist photography publisher backlist: Taschen,C,5,Work-level metadata only; verify the exact publisher edition and printing.,,,Medium,https://openlibrary.org/works/OL20184150W,BROAD
openlibrary:OL26589103W,Charlotte Cotton,,Photograph As Contemporary Art,,2020,Thames & Hudson,,Specialist photography publisher backlist: Thames & Hudson,C,5,Work-level metadata only; verify the exact publisher edition and printing.,,,Medium,https://openlibrary.org/works/OL26589103W,BROAD
openlibrary:OL6251514W,Charlotte Cotton,,The photograph as contemporary art,,2004,Thames & Hudson,,Specialist photography publisher backlist: Thames & Hudson,C,5,Work-level metadata only; verify the exact publisher edition and printing.,,,Medium,https://openlibrary.org/works/OL6251514W,BROAD
openlibrary:OL17527681W,Charlotte Cotton,,The Photograph as Contemporary Art World of Art,,2014,Thames & Hudson,,Specialist photography publisher backlist: Thames & Hudson,C,5,Work-level metadata only; verify the exact publisher edition and printing.,,,Medium,https://openlibrary.org/works/OL17527681W,BROAD
openlibrary:OL4615675W,Charlotte Fiell,Peter Fiell,"1000 lights, Bd. 2: 1960 to present",,2004,Taschen,,Specialist photography publisher backlist: Taschen,C,5,Work-level metadata only; verify the exact publisher edition and printing.,,,Medium,https://openlibrary.org/works/OL4615675W,BROAD
openlibrary:OL9024541W,Chas Ray Krider,,Motel fetish,,1996,Taschen,,Specialist photography publisher backlist: Taschen,C,5,Work-level metadata only; verify the exact publisher edition and printing.,,,Medium,https://openlibrary.org/works/OL9024541W,BROAD
openlibrary:OL21657546W,Chip Somodevilla,Quil Lawrence | Alyda Gilkey | David Gilkey,Pictures on the Radio,,2020,powerHouse Books,,Specialist photography publisher backlist: powerHouse Books,C,5,Work-level metadata only; verify the exact publisher edition and printing.,,,Medium,https://openlibrary.org/works/OL21657546W,BROAD
openlibrary:OL8369781W,Chris Boot,,Magnum Stories,,2004,Phaidon,,Specialist photography publisher backlist: Phaidon,C,5,Work-level metadata only; verify the exact publisher edition and printing.,,,Medium,https://openlibrary.org/works/OL8369781W,BROAD
openlibrary:OL21257393W,Chris Buck,Rodney Rothman,Presence,,2012,Kehrer,,Specialist photography publisher backlist: Kehrer,C,5,Work-level metadata only; verify the exact publisher edition and printing.,,,Medium,https://openlibrary.org/works/OL21257393W,BROAD
openlibrary:OL21335379W,Chris Dorley-Brown,,Corners,,2018,Hoxton Mini Press,,Specialist photography publisher backlist: Hoxton Mini Press,C,5,Work-level metadata only; verify the exact publisher edition and printing.,,,Medium,https://openlibrary.org/works/OL21335379W,BROAD
openlibrary:OL21063767W,Chris Hondros,Christina Piaia | Francisco P. Bernasconi | Alexandra Ciric,Testament,,2014,powerHouse Books,,Specialist photography publisher backlist: powerHouse Books,C,5,Work-level metadata only; verify the exact publisher edition and printing.,,,Medium,https://openlibrary.org/works/OL21063767W,BROAD
openlibrary:OL938041W,Chris Johnson,,Wynn Bullock,,2001,Phaidon,,Specialist photography publisher backlist: Phaidon,C,5,Work-level metadata only; verify the exact publisher edition and printing.,,,Medium,https://openlibrary.org/works/OL938041W,BROAD
openlibrary:OL11811362W,Chris Kitze,,The electric image,,2008,powerHouse Books,,Specialist photography publisher backlist: powerHouse Books,C,5,Work-level metadata only; verify the exact publisher edition and printing.,,,Medium,https://openlibrary.org/works/OL11811362W,BROAD
openlibrary:OL2228950W,Chris Townsend,,Francesca Woodman,,2006,Phaidon,,Specialist photography publisher backlist: Phaidon,C,5,Work-level metadata only; verify the exact publisher edition and printing.,,,Medium,https://openlibrary.org/works/OL2228950W,BROAD
openlibrary:OL2792508W,Christa Schneider,,Cindy Sherman History portraits,,1995,Schirmer/Mosel,,Specialist photography publisher backlist: Schirmer/Mosel,C,5,Work-level metadata only; verify the exact publisher edition and printing.,,,Medium,https://openlibrary.org/works/OL2792508W,BROAD
openlibrary:OL17475756W,Christian Caujolle,,Gisle Freund Photographs,,2008,Schirmer/Mosel,,Specialist photography publisher backlist: Schirmer/Mosel,C,5,Work-level metadata only; verify the exact publisher edition and printing.,,,Medium,https://openlibrary.org/works/OL17475756W,BROAD
openlibrary:OL6226069W,Christian Caujolle,,Joan Fontcuberta,,2001,Phaidon,,Specialist photography publisher backlist: Phaidon,C,5,Work-level metadata only; verify the exact publisher edition and printing.,,,Medium,https://openlibrary.org/works/OL6226069W,BROAD
openlibrary:OL21135024W,Christian Helmle,,Christian Helmle,,2016,Kehrer,,Specialist photography publisher backlist: Kehrer,C,5,Work-level metadata only; verify the exact publisher edition and printing.,,,Medium,https://openlibrary.org/works/OL21135024W,BROAD
openlibrary:OL2089720W,Christian Ludwig Attersee,Heike Eipeldauer | Georg Hollander | Michaela Pappernigg,Attersee,,1975,Hatje Cantz,,Specialist photography publisher backlist: Hatje Cantz,C,5,Work-level metadata only; verify the exact publisher edition and printing.,,,Medium,https://openlibrary.org/works/OL2089720W,BROAD
openlibrary:OL20524740W,Christian Maillard,Freddy Langer | Thomas Zander,Christian Maillard,,2018,Hatje Cantz,,Specialist photography publisher backlist: Hatje Cantz,C,5,Work-level metadata only; verify the exact publisher edition and printing.,,,Medium,https://openlibrary.org/works/OL20524740W,BROAD
openlibrary:OL20162811W,Christian Reister,,Berlin Nights,,2019,Hoxton Mini Press,,Specialist photography publisher backlist: Hoxton Mini Press,C,5,Work-level metadata only; verify the exact publisher edition and printing.,,,Medium,https://openlibrary.org/works/OL20162811W,BROAD
openlibrary:OL18503726W,Christiane Fricke,Michael Konze,Jan Saudek,,1998,Taschen,,Specialist photography publisher backlist: Taschen,C,5,Work-level metadata only; verify the exact publisher edition and printing.,,,Medium,https://openlibrary.org/works/OL18503726W,BROAD
openlibrary:OL5253308W,Christiane Paul,,Digital art,,2003,Thames & Hudson,,Specialist photography publisher backlist: Thames & Hudson,C,5,Work-level metadata only; verify the exact publisher edition and printing.,,,Medium,https://openlibrary.org/works/OL5253308W,BROAD
openlibrary:OL21295357W,Christoph Bangert,,Hello Camel,,2016,Kehrer,,Specialist photography publisher backlist: Kehrer,C,5,Work-level metadata only; verify the exact publisher edition and printing.,,,Medium,https://openlibrary.org/works/OL21295357W,BROAD
openlibrary:OL13778042W,Christoph Bangert,,Iraq,,2007,powerHouse Books,,Specialist photography publisher backlist: powerHouse Books,C,5,Work-level metadata only; verify the exact publisher edition and printing.,,,Medium,https://openlibrary.org/works/OL13778042W,BROAD
openlibrary:OL21271778W,Christoph Bangert,,War Porn,,2014,Kehrer,,Specialist photography publisher backlist: Kehrer,C,5,Work-level metadata only; verify the exact publisher edition and printing.,,,Medium,https://openlibrary.org/works/OL21271778W,BROAD
openlibrary:OL32866264W,Christoph Kniel,,Love peace hope,,2013,Kehrer,,Specialist photography publisher backlist: Kehrer,C,5,Work-level metadata only; verify the exact publisher edition and printing.,,,Medium,https://openlibrary.org/works/OL32866264W,BROAD
openlibrary:OL21254762W,Christopher Anderson,,Son,,2013,Kehrer,,Specialist photography publisher backlist: Kehrer,C,5,Work-level metadata only; verify the exact publisher edition and printing.,,,Medium,https://openlibrary.org/works/OL21254762W,BROAD
openlibrary:OL9501707M,Christopher Bucklow,Maria Morris Hambourg | David Alan Mellor,Guest,,2004,powerHouse Books,,Specialist photography publisher backlist: powerHouse Books,C,5,Work-level metadata only; verify the exact publisher edition and printing.,,,Medium,https://openlibrary.org/works/OL9501707M,BROAD
openlibrary:OL10191253W,Christopher Griffith,,States,,2000,powerHouse Books,,Specialist photography publisher backlist: powerHouse Books,C,5,Work-level metadata only; verify the exact publisher edition and printing.,,,Medium,https://openlibrary.org/works/OL10191253W,BROAD
openlibrary:OL31700273W,Christopher Pinney,,"Our faces, our spaces",,2014,Cornerhouse,,Specialist photography publisher backlist: Cornerhouse,C,5,Work-level metadata only; verify the exact publisher edition and printing.,,,Medium,https://openlibrary.org/works/OL31700273W,BROAD
openlibrary:OL22156300W,Christopher Sims,Wells Tower,Pretend Villages,,2020,Kehrer,,Specialist photography publisher backlist: Kehrer,C,5,Work-level metadata only; verify the exact publisher edition and printing.,,,Medium,https://openlibrary.org/works/OL22156300W,BROAD
openlibrary:OL11676126W,Cindy Sherman,,A play of selves,,2007,Hatje Cantz,,Specialist photography publisher backlist: Hatje Cantz,C,5,Work-level metadata only; verify the exact publisher edition and printing.,,,Medium,https://openlibrary.org/works/OL11676126W,BROAD
openlibrary:OL2504088W,Cindy Sherman,Cindy Sherman | Thomas Kellein | Carla Schulz-Hoffmann,Cindy Sherman,,1982,Schirmer/Mosel,,Specialist photography publisher backlist: Schirmer/Mosel | Specialist photography publisher backlist: Hatje Cantz | Specialist photography publisher backlist: Thames & Hudson,C,5,Work-level metadata only; verify the exact publisher edition and printing.,,,Medium,https://openlibrary.org/works/OL2504088W,BROAD
openlibrary:OL11676123W,Cindy Sherman,,Cindy Sherman clowns,,2004,Schirmer/Mosel,,Specialist photography publisher backlist: Schirmer/Mosel,C,5,Work-level metadata only; verify the exact publisher edition and printing.,,,Medium,https://openlibrary.org/works/OL11676123W,BROAD
openlibrary:OL2504084W,Cindy Sherman,Zdenek Felix | Martin Schwander,"Cindy Sherman, Photoarbeiten 1975-1995",,1995,Schirmer/Mosel,,Specialist photography publisher backlist: Schirmer/Mosel,C,5,Work-level metadata only; verify the exact publisher edition and printing.,,,Medium,https://openlibrary.org/works/OL2504084W,BROAD
openlibrary:OL17560079W,Cindy Sherman,,Cindy Sherman The Early Works 19751977 Catalogue Raisonn,,2012,Hatje Cantz,,Specialist photography publisher backlist: Hatje Cantz,C,5,Work-level metadata only; verify the exact publisher edition and printing.,,,Medium,https://openlibrary.org/works/OL17560079W,BROAD
openlibrary:OL2504086W,Cindy Sherman,,History portraits,,1991,Schirmer/Mosel,,Specialist photography publisher backlist: Schirmer/Mosel,C,5,Work-level metadata only; verify the exact publisher edition and printing.,,,Medium,https://openlibrary.org/works/OL2504086W,BROAD
openlibrary:OL2504087W,Cindy Sherman,,Untitled film stills,,1990,Schirmer/Mosel,,Specialist photography publisher backlist: Schirmer/Mosel,C,5,Work-level metadata only; verify the exact publisher edition and printing.,,,Medium,https://openlibrary.org/works/OL2504087W,BROAD
openlibrary:OL25267380W,Cl©ment Chapillon,,Promise Me a Land,,2018,Kehrer,,Specialist photography publisher backlist: Kehrer,C,5,Work-level metadata only; verify the exact publisher edition and printing.,,,Medium,https://openlibrary.org/works/OL25267380W,BROAD
openlibrary:OL2242721W,Claude Cahun,,Claude Cahun,,1995,Schirmer/Mosel,,Specialist photography publisher backlist: Schirmer/Mosel,C,5,Work-level metadata only; verify the exact publisher edition and printing.,,,Medium,https://openlibrary.org/works/OL2242721W,BROAD
openlibrary:OL4708990W,Claude Nori,,French photography from its origins to the present,,1979,Thames & Hudson,,Specialist photography publisher backlist: Thames & Hudson,C,5,Work-level metadata only; verify the exact publisher edition and printing.,,,Medium,https://openlibrary.org/works/OL4708990W,BROAD
openlibrary:OL23839066W,Claudia Delank,Phillip March,Abenteuer japanische Fotografie 1860-1890,,2002,Kehrer,,Specialist photography publisher backlist: Kehrer,C,5,Work-level metadata only; verify the exact publisher edition and printing.,,,Medium,https://openlibrary.org/works/OL23839066W,BROAD
openlibrary:OL871384W,Claudio Hils,Anna M. Eifert-K nig | Rolf Schonlau | Anna M. Eifert-Konig,Red land blue land,,2000,Hatje Cantz,,Specialist photography publisher backlist: Hatje Cantz,C,5,Work-level metadata only; verify the exact publisher edition and printing.,,,Medium,https://openlibrary.org/works/OL871384W,BROAD
openlibrary:OL42308205W,Claudio Moser,,Voyages liquides,,2005,Cornerhouse,,Specialist photography publisher backlist: Cornerhouse,C,5,Work-level metadata only; verify the exact publisher edition and printing.,,,Medium,https://openlibrary.org/works/OL42308205W,BROAD
openlibrary:OL31798246W,Claus Philipp,Sibylle Berg | Felix Hoffmann | Markus Keuschnigg,Ulrich Seidl,,2022,Kehrer,,Specialist photography publisher backlist: Kehrer,C,5,Work-level metadata only; verify the exact publisher edition and printing.,,,Medium,https://openlibrary.org/works/OL31798246W,BROAD
openlibrary:OL32650554W,Claus Rottenbacher,,Westort / Ostort,,2015,Kehrer,,Specialist photography publisher backlist: Kehrer,C,5,Work-level metadata only; verify the exact publisher edition and printing.,,,Medium,https://openlibrary.org/works/OL32650554W,BROAD
openlibrary:OL13644923W,Clayton Burkhart,,Orpheus descending,,2006,Kehrer,,Specialist photography publisher backlist: Kehrer,C,5,Work-level metadata only; verify the exact publisher edition and printing.,,,Medium,https://openlibrary.org/works/OL13644923W,BROAD
openlibrary:OL19337574W,Cle´ment Che´roux,,Henri Cartier-Bresson: Here and Now,,2014,Thames & Hudson,,Specialist photography publisher backlist: Thames & Hudson,C,5,Work-level metadata only; verify the exact publisher edition and printing.,,,Medium,https://openlibrary.org/works/OL19337574W,BROAD
openlibrary:OL16182068W,Clément Chéroux,,Henri Cartier-Bresson,,2008,Thames & Hudson,,Specialist photography publisher backlist: Thames & Hudson,C,5,Work-level metadata only; verify the exact publisher edition and printing.,,,Medium,https://openlibrary.org/works/OL16182068W,BROAD
openlibrary:OL15962670W,Clément Chéroux,,Man Ray : portraits,,2011,Schirmer/Mosel,,Specialist photography publisher backlist: Schirmer/Mosel,C,5,Work-level metadata only; verify the exact publisher edition and printing.,,,Medium,https://openlibrary.org/works/OL15962670W,BROAD
openlibrary:OL9676976W,Clement Cooper,,Presence,,1988,Cornerhouse,,Specialist photography publisher backlist: Cornerhouse,C,5,Work-level metadata only; verify the exact publisher edition and printing.,,,Medium,https://openlibrary.org/works/OL9676976W,BROAD
openlibrary:OL2484567W,Colin McDowell,,Fashion Today,,2000,Phaidon,,Specialist photography publisher backlist: Phaidon,C,5,Work-level metadata only; verify the exact publisher edition and printing.,,,Medium,https://openlibrary.org/works/OL2484567W,BROAD
openlibrary:OL3918735W,Colin Westerbeck,,Bystander,,1994,Thames & Hudson,,Specialist photography publisher backlist: Thames & Hudson,C,5,Work-level metadata only; verify the exact publisher edition and printing.,,,Medium,https://openlibrary.org/works/OL3918735W,BROAD
openlibrary:OL3918734W,Colin Westerbeck,,Joel Meyerowitz,,2001,Phaidon,,Specialist photography publisher backlist: Phaidon,C,5,Work-level metadata only; verify the exact publisher edition and printing.,,,Medium,https://openlibrary.org/works/OL3918734W,BROAD
openlibrary:OL28024763W,Cristina Dias de Magalhaes,,Instincts. Same but Different,,2022,Kehrer,,Specialist photography publisher backlist: Kehrer,C,5,Work-level metadata only; verify the exact publisher edition and printing.,,,Medium,https://openlibrary.org/works/OL28024763W,BROAD
openlibrary:OL2150271W,Cy Twombly,Giorgio Agamben | Edward Albee | Reinhold Baumstark,Cy Twombly,,1966,Schirmer/Mosel,,Specialist photography publisher backlist: Schirmer/Mosel,C,5,Work-level metadata only; verify the exact publisher edition and printing.,,,Medium,https://openlibrary.org/works/OL2150271W,BROAD
openlibrary:OL13629713W,Cy Twombly,Vincent Katz | Cy Twombly,Cy Twombly. Photographien 1951 - 1999,,2004,Schirmer/Mosel,,Specialist photography publisher backlist: Schirmer/Mosel,C,5,Work-level metadata only; verify the exact publisher edition and printing.,,,Medium,https://openlibrary.org/works/OL13629713W,BROAD
openlibrary:OL2150260W,Cy Twombly,,"Cy Twombly photographs, 1951-1999",,2002,Schirmer/Mosel,,Specialist photography publisher backlist: Schirmer/Mosel,C,5,Work-level metadata only; verify the exact publisher edition and printing.,,,Medium,https://openlibrary.org/works/OL2150260W,BROAD
openlibrary:OL17432561W,Cy Twombly,,Cy Twombly Tulips Fifteen Photographs,,2010,Schirmer/Mosel,,Specialist photography publisher backlist: Schirmer/Mosel,C,5,Work-level metadata only; verify the exact publisher edition and printing.,,,Medium,https://openlibrary.org/works/OL17432561W,BROAD
openlibrary:OL37480053W,D. M. Thomas,Frank Turk | Jan Ruhrmund | Jem Southam,The Red River,,1989,Cornerhouse,,Specialist photography publisher backlist: Cornerhouse,C,5,Work-level metadata only; verify the exact publisher edition and printing.,,,Medium,https://openlibrary.org/works/OL37480053W,BROAD
openlibrary:OL32765647W,Daniel Rohner,,Dialog mit Mi Fu,,2016,Kehrer,,Specialist photography publisher backlist: Kehrer,C,5,Work-level metadata only; verify the exact publisher edition and printing.,,,Medium,https://openlibrary.org/works/OL32765647W,BROAD
openlibrary:OL20524741W,Daniel Sannwald,,Daniel Sannwald,,2018,Hatje Cantz,,Specialist photography publisher backlist: Hatje Cantz,C,5,Work-level metadata only; verify the exact publisher edition and printing.,,,Medium,https://openlibrary.org/works/OL20524741W,BROAD
openlibrary:OL22615489W,Daniel Schumann,,Prinzessinnen und Fussballhelden,,2010,Kehrer,,Specialist photography publisher backlist: Kehrer,C,5,Work-level metadata only; verify the exact publisher edition and printing.,,,Medium,https://openlibrary.org/works/OL22615489W,BROAD
openlibrary:OL13078100W,Daniela Mrázková,,Jan Saudek,,2006,Taschen,,Specialist photography publisher backlist: Taschen,C,5,Work-level metadata only; verify the exact publisher edition and printing.,,,Medium,https://openlibrary.org/works/OL13078100W,BROAD
openlibrary:OL16316222W,Danièle Bott,,Thierry Mugler,,2009,Thames & Hudson,,Specialist photography publisher backlist: Thames & Hudson,C,5,Work-level metadata only; verify the exact publisher edition and printing.,,,Medium,https://openlibrary.org/works/OL16316222W,BROAD
openlibrary:OL32584785W,Daria Dittmeyer,Franz-W Kaiser | Marie-Noël Rio | Anton Corbijn,Anton Corbijn,,2012,Schirmer/Mosel,,Specialist photography publisher backlist: Schirmer/Mosel | Specialist photography publisher backlist: Cornerhouse,C,5,Work-level metadata only; verify the exact publisher edition and printing.,,,Medium,https://openlibrary.org/works/OL32584785W,BROAD
openlibrary:OL14976218W,Darian Leader,,Bettina von Zwehl,,2006,Photoworks,,Specialist photography publisher backlist: Photoworks | Specialist photography publisher backlist: Steidl,C,5,Work-level metadata only; verify the exact publisher edition and printing.,,,Medium,https://openlibrary.org/works/OL14976218W,BROAD
openlibrary:OL9676980W,Darren Umney,,On Dog Hair and Sand,,1995,Cornerhouse,,Specialist photography publisher backlist: Cornerhouse,C,5,Work-level metadata only; verify the exact publisher edition and printing.,,,Medium,https://openlibrary.org/works/OL9676980W,BROAD
openlibrary:OL20171108W,Dave Jordano,Karen Irvine,A Detroit Nocturne,,2018,powerHouse Books,,Specialist photography publisher backlist: powerHouse Books,C,5,Work-level metadata only; verify the exact publisher edition and printing.,,,Medium,https://openlibrary.org/works/OL20171108W,BROAD
openlibrary:OL456198W,David Alan Harvey,,Living Proof,,2007,powerHouse Books,,Specialist photography publisher backlist: powerHouse Books,C,5,Work-level metadata only; verify the exact publisher edition and printing.,,,Medium,https://openlibrary.org/works/OL456198W,BROAD
openlibrary:OL17516137W,David Alan Mellor,,The Essential Cecil Beaton,,2012,Schirmer/Mosel,,Specialist photography publisher backlist: Schirmer/Mosel,C,5,Work-level metadata only; verify the exact publisher edition and printing.,,,Medium,https://openlibrary.org/works/OL17516137W,BROAD
openlibrary:OL25757443W,David Bate,,Photography,,2009,Thames & Hudson,,Specialist photography publisher backlist: Thames & Hudson,C,5,Work-level metadata only; verify the exact publisher edition and printing.,,,Medium,https://openlibrary.org/works/OL25757443W,BROAD
openlibrary:OL18348869W,David Campany,,Art and photography,,2003,Phaidon,,Specialist photography publisher backlist: Phaidon,C,5,Work-level metadata only; verify the exact publisher edition and printing.,,,Medium,https://openlibrary.org/works/OL18348869W,BROAD
openlibrary:OL19714974W,David Campany,Hans-Michael Koetzle | Jeff Wall,Fred Herzog,,2017,Hatje Cantz,,Specialist photography publisher backlist: Hatje Cantz,C,5,Work-level metadata only; verify the exact publisher edition and printing.,,,Medium,https://openlibrary.org/works/OL19714974W,BROAD
openlibrary:OL21678378W,David Campany,,Lives and Loves of Images,,2020,Kehrer,,Specialist photography publisher backlist: Kehrer,C,5,Work-level metadata only; verify the exact publisher edition and printing.,,,Medium,https://openlibrary.org/works/OL21678378W,BROAD
openlibrary:OL25330648W,David Doubilet,Kathleen F. Moran | Kathryn D. Sullivan,Two Worlds,,2021,Phaidon,,Specialist photography publisher backlist: Phaidon,C,5,Work-level metadata only; verify the exact publisher edition and printing.,,,Medium,https://openlibrary.org/works/OL25330648W,BROAD
openlibrary:OL32754869W,David Favrod,,Hikari,,2015,Kehrer,,Specialist photography publisher backlist: Kehrer,C,5,Work-level metadata only; verify the exact publisher edition and printing.,,,Medium,https://openlibrary.org/works/OL32754869W,BROAD
openlibrary:OL20296822W,David George,,Hackney by Night,,2015,Hoxton Mini Press,,Specialist photography publisher backlist: Hoxton Mini Press,C,5,Work-level metadata only; verify the exact publisher edition and printing.,,,Medium,https://openlibrary.org/works/OL20296822W,BROAD
openlibrary:OL20161885W,David Granick,,The East End In Colour 1960-1980,,2018,Hoxton Mini Press,,Specialist photography publisher backlist: Hoxton Mini Press,C,5,Work-level metadata only; verify the exact publisher edition and printing.,,,Medium,https://openlibrary.org/works/OL20161885W,BROAD
openlibrary:OL16987282W,David Green,Joanna Lowry,Stillness and time,,2006,Photoworks,,Specialist photography publisher backlist: Photoworks,C,5,Work-level metadata only; verify the exact publisher edition and printing.,,,Medium,https://openlibrary.org/works/OL16987282W,BROAD
openlibrary:OL19038050W,David Green,Joanna Lowry | Gregory Currie,VISIBLE TIME: THE WORK OF DAVID CLAERBOUT; ED. BY DAVID GREEN,,2004,Photoworks,,Specialist photography publisher backlist: Photoworks,C,5,Work-level metadata only; verify the exact publisher edition and printing.,,,Medium,https://openlibrary.org/works/OL19038050W,BROAD
openlibrary:OL7977675W,David Green,,Where Is the Photograph?,,2003,Photoworks,,Specialist photography publisher backlist: Photoworks,C,5,Work-level metadata only; verify the exact publisher edition and printing.,,,Medium,https://openlibrary.org/works/OL7977675W,BROAD
openlibrary:OL10414320W,David Hockney,,David Hockney,,1970,Thames & Hudson,,Specialist photography publisher backlist: Thames & Hudson,C,5,Work-level metadata only; verify the exact publisher edition and printing.,,,Medium,https://openlibrary.org/works/OL10414320W,BROAD
openlibrary:OL21298370W,David Julian Leonard,W. M. Hunt,Tender Is the Light,,2016,Kehrer,,Specialist photography publisher backlist: Kehrer,C,5,Work-level metadata only; verify the exact publisher edition and printing.,,,Medium,https://openlibrary.org/works/OL21298370W,BROAD
openlibrary:OL8845174W,David Lachapelle,,Lachapelle Heaven to Hell (Photo Books),,2006,Taschen,,Specialist photography publisher backlist: Taschen,C,5,Work-level metadata only; verify the exact publisher edition and printing.,,,Medium,https://openlibrary.org/works/OL8845174W,BROAD
openlibrary:OL467126W,David Leddick,,The male nude,,1998,Taschen,,Specialist photography publisher backlist: Taschen,C,5,Work-level metadata only; verify the exact publisher edition and printing.,,,Medium,https://openlibrary.org/works/OL467126W,BROAD
openlibrary:OL1823413W,David Levinthal,,I.E.D,,2009,powerHouse Books,,Specialist photography publisher backlist: powerHouse Books,C,5,Work-level metadata only; verify the exact publisher edition and printing.,,,Medium,https://openlibrary.org/works/OL1823413W,BROAD
openlibrary:OL20530809W,David Lynch,,"David Lynch, Nudes",,2018,Thames & Hudson,,Specialist photography publisher backlist: Thames & Hudson,C,5,Work-level metadata only; verify the exact publisher edition and printing.,,,Medium,https://openlibrary.org/works/OL20530809W,BROAD
openlibrary:OL16698580W,David Nightingale,,Extreme exposure,,2010,Thames & Hudson,,Specialist photography publisher backlist: Thames & Hudson,C,5,Work-level metadata only; verify the exact publisher edition and printing.,,,Medium,https://openlibrary.org/works/OL16698580W,BROAD
openlibrary:OL21289888W,David Parker,"Ibrahim al-Koni | Marina Warner | Parker, David, Jr.",Myth and Landscape,,2015,Kehrer,,Specialist photography publisher backlist: Kehrer,C,5,Work-level metadata only; verify the exact publisher edition and printing.,,,Medium,https://openlibrary.org/works/OL21289888W,BROAD
openlibrary:OL9024756W,David W. Leddick,,Male Nude,,2001,Taschen,,Specialist photography publisher backlist: Taschen,C,5,Work-level metadata only; verify the exact publisher edition and printing.,,,Medium,https://openlibrary.org/works/OL9024756W,BROAD
openlibrary:OL17550237W,David Wooters,,A History of Photography From 1839 to the Present,,2012,Taschen,,Specialist photography publisher backlist: Taschen,C,5,Work-level metadata only; verify the exact publisher edition and printing.,,,Medium,https://openlibrary.org/works/OL17550237W,BROAD
openlibrary:OL2014616W,Dawn Ades,,Photomontage,,1976,Thames & Hudson,,Specialist photography publisher backlist: Thames & Hudson,C,5,Work-level metadata only; verify the exact publisher edition and printing.,,,Medium,https://openlibrary.org/works/OL2014616W,BROAD
openlibrary:OL19946789W,Dayanita Singh,,Dayanita Singh,,2009,Hatje Cantz,,Specialist photography publisher backlist: Hatje Cantz | Specialist photography publisher backlist: Steidl,C,5,Work-level metadata only; verify the exact publisher edition and printing.,,,Medium,https://openlibrary.org/works/OL19946789W,BROAD
openlibrary:OL19123508W,Denis Brudna,Kelly Wise,Clemens Kalischer,,2002,Hatje Cantz,,Specialist photography publisher backlist: Hatje Cantz,C,5,Work-level metadata only; verify the exact publisher edition and printing.,,,Medium,https://openlibrary.org/works/OL19123508W,BROAD
openlibrary:OL5847116W,Dennis Balk,,Particles + waves with plausibility,,2006,powerHouse Books,,Specialist photography publisher backlist: powerHouse Books,C,5,Work-level metadata only; verify the exact publisher edition and printing.,,,Medium,https://openlibrary.org/works/OL5847116W,BROAD
openlibrary:OL22149823W,Dian Hanson,,Big Book of Breasts,,2020,Taschen,,Specialist photography publisher backlist: Taschen,C,5,Work-level metadata only; verify the exact publisher edition and printing.,,,Medium,https://openlibrary.org/works/OL22149823W,BROAD
openlibrary:OL21077263W,Dian Hanson,,Big Book of Pussy 3D,,2015,Taschen,,Specialist photography publisher backlist: Taschen,C,5,Work-level metadata only; verify the exact publisher edition and printing.,,,Medium,https://openlibrary.org/works/OL21077263W,BROAD
openlibrary:OL21705974W,Dian Hanson,,Big Penis Book,,2020,Taschen,,Specialist photography publisher backlist: Taschen,C,5,Work-level metadata only; verify the exact publisher edition and printing.,,,Medium,https://openlibrary.org/works/OL21705974W,BROAD
openlibrary:OL36652154W,Dian Hanson,,Bigger Book of Breasts,,2023,Taschen,,Specialist photography publisher backlist: Taschen,C,5,Work-level metadata only; verify the exact publisher edition and printing.,,,Medium,https://openlibrary.org/works/OL36652154W,BROAD
openlibrary:OL20464195W,Dian Hanson,,Ed Fox,,2010,Taschen,,Specialist photography publisher backlist: Taschen,C,5,Work-level metadata only; verify the exact publisher edition and printing.,,,Medium,https://openlibrary.org/works/OL20464195W,BROAD
openlibrary:OL22543734W,Dian Hanson,,"Ed Fox, Vol. 2",,2011,Taschen,,Specialist photography publisher backlist: Taschen,C,5,Work-level metadata only; verify the exact publisher edition and printing.,,,Medium,https://openlibrary.org/works/OL22543734W,BROAD
openlibrary:OL20478734W,Dian Hanson,,Lesbians for Men,,2017,Taschen,,Specialist photography publisher backlist: Taschen,C,5,Work-level metadata only; verify the exact publisher edition and printing.,,,Medium,https://openlibrary.org/works/OL20478734W,BROAD
openlibrary:OL21099095W,Dian Hanson,,Little Big Book of Breasts,,2016,Taschen,,Specialist photography publisher backlist: Taschen,C,5,Work-level metadata only; verify the exact publisher edition and printing.,,,Medium,https://openlibrary.org/works/OL21099095W,BROAD
openlibrary:OL17568777W,Dian Hanson,,Little Book of Big Penises,,2012,Taschen,,Specialist photography publisher backlist: Taschen,C,5,Work-level metadata only; verify the exact publisher edition and printing.,,,Medium,https://openlibrary.org/works/OL17568777W,BROAD
openlibrary:OL21053922W,Dian Hanson,,LITTLE BOOK OF PUSSY,,2015,Taschen,,Specialist photography publisher backlist: Taschen,C,5,Work-level metadata only; verify the exact publisher edition and printing.,,,Medium,https://openlibrary.org/works/OL21053922W,BROAD
openlibrary:OL20438350W,Dian Hanson,,Liz Earls,,2011,Taschen,,Specialist photography publisher backlist: Taschen,C,5,Work-level metadata only; verify the exact publisher edition and printing.,,,Medium,https://openlibrary.org/works/OL20438350W,BROAD
openlibrary:OL17477808W,Dian Hanson,,My Buddy World War Ii Laid Bare,,2014,Taschen,,Specialist photography publisher backlist: Taschen,C,5,Work-level metadata only; verify the exact publisher edition and printing.,,,Medium,https://openlibrary.org/works/OL17477808W,BROAD
openlibrary:OL5895594W,Dian Hanson,,Naked as a Jaybird (Photobook),,2002,Taschen,,Specialist photography publisher backlist: Taschen,C,5,Work-level metadata only; verify the exact publisher edition and printing.,,,Medium,https://openlibrary.org/works/OL5895594W,BROAD
openlibrary:OL27783930W,Dian Hanson,Eric Kroll,New Erotic Photography,,2007,Taschen,,Specialist photography publisher backlist: Taschen,C,5,Work-level metadata only; verify the exact publisher edition and printing.,,,Medium,https://openlibrary.org/works/OL27783930W,BROAD
openlibrary:OL21229225W,Dian Hanson,Richard Kern | Richard Prince,"Richard Kern, Action",,2007,Taschen,,Specialist photography publisher backlist: Taschen,C,5,Work-level metadata only; verify the exact publisher edition and printing.,,,Medium,https://openlibrary.org/works/OL21229225W,BROAD
openlibrary:OL20155300W,Dian Hanson,,Roy Stuart. The Leg Show Photos,,2019,Taschen,,Specialist photography publisher backlist: Taschen,C,5,Work-level metadata only; verify the exact publisher edition and printing.,,,Medium,https://openlibrary.org/works/OL20155300W,BROAD
openlibrary:OL17460276W,Dian Hanson,,Simply Sexy Richard Kerns Gloriously Natural Girls,,2011,Taschen,,Specialist photography publisher backlist: Taschen,C,5,Work-level metadata only; verify the exact publisher edition and printing.,,,Medium,https://openlibrary.org/works/OL17460276W,BROAD
openlibrary:OL25649732W,Dian Hanson,Terry Richardson,Terryworld,,2004,Taschen,,Specialist photography publisher backlist: Taschen,C,5,Work-level metadata only; verify the exact publisher edition and printing.,,,Medium,https://openlibrary.org/works/OL25649732W,BROAD
openlibrary:OL5895587W,Dian Hanson,,The Big Book of Breasts,,2006,Taschen,,Specialist photography publisher backlist: Taschen,C,5,Work-level metadata only; verify the exact publisher edition and printing.,,,Medium,https://openlibrary.org/works/OL5895587W,BROAD
openlibrary:OL17415625W,Dian Hanson,,The Big Book Of Legs,,2009,Taschen,,Specialist photography publisher backlist: Taschen,C,5,Work-level metadata only; verify the exact publisher edition and printing.,,,Medium,https://openlibrary.org/works/OL17415625W,BROAD
openlibrary:OL17403397W,Dian Hanson,,The Big Penis Book 3d The Iron Age Of Touchable Tools,,2011,Taschen,,Specialist photography publisher backlist: Taschen,C,5,Work-level metadata only; verify the exact publisher edition and printing.,,,Medium,https://openlibrary.org/works/OL17403397W,BROAD
openlibrary:OL17462155W,Dian Hanson,,The Big Penis Book The Fascinating Phallus,,2008,Taschen,,Specialist photography publisher backlist: Taschen,C,5,Work-level metadata only; verify the exact publisher edition and printing.,,,Medium,https://openlibrary.org/works/OL17462155W,BROAD
openlibrary:OL17487302W,Dian Hanson,,The Little Book Of Big Breasts The Compact Age Of Natural Curves,,2012,Taschen,,Specialist photography publisher backlist: Taschen,C,5,Work-level metadata only; verify the exact publisher edition and printing.,,,Medium,https://openlibrary.org/works/OL17487302W,BROAD
openlibrary:OL17549274W,Dian Hanson,,The New Erotic Photography,,2012,Taschen,,Specialist photography publisher backlist: Taschen,C,5,Work-level metadata only; verify the exact publisher edition and printing.,,,Medium,https://openlibrary.org/works/OL17549274W,BROAD
openlibrary:OL5895595W,Dian Hanson,,The Roy Stuart Collection,,2008,Taschen,,Specialist photography publisher backlist: Taschen,C,5,Work-level metadata only; verify the exact publisher edition and printing.,,,Medium,https://openlibrary.org/works/OL5895595W,BROAD
openlibrary:OL22354927W,Dierk Maass,,Dierk Maass,,2010,Kehrer,,Specialist photography publisher backlist: Kehrer,C,5,Work-level metadata only; verify the exact publisher edition and printing.,,,Medium,https://openlibrary.org/works/OL22354927W,BROAD
openlibrary:OL21583500W,Dierk Maass,,Highway to Heaven,,2015,Kehrer,,Specialist photography publisher backlist: Kehrer,C,5,Work-level metadata only; verify the exact publisher edition and printing.,,,Medium,https://openlibrary.org/works/OL21583500W,BROAD
openlibrary:OL32900822W,Dierk Maass,,"Tension° of' seclusion""",,2013,Kehrer,,Specialist photography publisher backlist: Kehrer,C,5,Work-level metadata only; verify the exact publisher edition and printing.,,,Medium,https://openlibrary.org/works/OL32900822W,BROAD
openlibrary:OL25267386W,Dierk Maass,,Traces° of Urbanity',,2017,Kehrer,,Specialist photography publisher backlist: Kehrer,C,5,Work-level metadata only; verify the exact publisher edition and printing.,,,Medium,https://openlibrary.org/works/OL25267386W,BROAD
openlibrary:OL19146082W,Dieter Bartetzko,,Wie Frankfurt photographiert wurde,,1977,Schirmer/Mosel,,Specialist photography publisher backlist: Schirmer/Mosel,C,5,Work-level metadata only; verify the exact publisher edition and printing.,,,Medium,https://openlibrary.org/works/OL19146082W,BROAD
openlibrary:OL32763553W,Dimitris Ch Divanis,,Pindus,,2015,Kehrer,,Specialist photography publisher backlist: Kehrer,C,5,Work-level metadata only; verify the exact publisher edition and printing.,,,Medium,https://openlibrary.org/works/OL32763553W,BROAD
openlibrary:OL21333674W,Djamila Grossman,Tom Licht,Be Hers Be Mine,,2019,Kehrer,,Specialist photography publisher backlist: Kehrer,C,5,Work-level metadata only; verify the exact publisher edition and printing.,,,Medium,https://openlibrary.org/works/OL21333674W,BROAD
openlibrary:OL16112611W,Dona Schwartz,,Dona Schwartz,,2009,Kehrer,,Specialist photography publisher backlist: Kehrer,C,5,Work-level metadata only; verify the exact publisher edition and printing.,,,Medium,https://openlibrary.org/works/OL16112611W,BROAD
openlibrary:OL21287333W,Dona Schwartz,William A. Ewing,On the Nest,,2015,Kehrer,,Specialist photography publisher backlist: Kehrer,C,5,Work-level metadata only; verify the exact publisher edition and printing.,,,Medium,https://openlibrary.org/works/OL21287333W,BROAD
openlibrary:OL18422290W,Doug Starn,Mike Starn | A Blind Spot Book,Attracted to light,,2004,powerHouse Books,,Specialist photography publisher backlist: powerHouse Books,C,5,Work-level metadata only; verify the exact publisher edition and printing.,,,Medium,https://openlibrary.org/works/OL18422290W,BROAD
openlibrary:OL21562327W,Dougie Wallace,,Shoreditch Wild Life,,2014,Hoxton Mini Press,,Specialist photography publisher backlist: Hoxton Mini Press,C,5,Work-level metadata only; verify the exact publisher edition and printing.,,,Medium,https://openlibrary.org/works/OL21562327W,BROAD
openlibrary:OL11649166W,Dryden Goodwin,,Dryden Goodwin,,1999,Photoworks,,Specialist photography publisher backlist: Photoworks | Specialist photography publisher backlist: Steidl,C,5,Work-level metadata only; verify the exact publisher edition and printing.,,,Medium,https://openlibrary.org/works/OL11649166W,BROAD
openlibrary:OL15842508W,Duane Michals,,Duane Michals,,1980,Thames & Hudson,,Specialist photography publisher backlist: Thames & Hudson | Specialist photography publisher backlist: Steidl,C,5,Work-level metadata only; verify the exact publisher edition and printing.,,,Medium,https://openlibrary.org/works/OL15842508W,BROAD
openlibrary:OL17522944W,Duncan Forbes,,Splinter,,2013,Hatje Cantz,,Specialist photography publisher backlist: Hatje Cantz,C,5,Work-level metadata only; verify the exact publisher edition and printing.,,,Medium,https://openlibrary.org/works/OL17522944W,BROAD
openlibrary:OL5313908W,Eberhard Mayer-Wegelin,,Frühe Photographie in Frankfurt am Main 1839-1870,,1982,Schirmer/Mosel,,Specialist photography publisher backlist: Schirmer/Mosel,C,5,Work-level metadata only; verify the exact publisher edition and printing.,,,Medium,https://openlibrary.org/works/OL5313908W,BROAD
openlibrary:OL25915936W,Ed Kashi,Jennifer Larsen,Abandoned Moments,,2021,Kehrer,,Specialist photography publisher backlist: Kehrer,C,5,Work-level metadata only; verify the exact publisher edition and printing.,,,Medium,https://openlibrary.org/works/OL25915936W,BROAD
openlibrary:OL3962197W,Ed Kashi,,Curse of the black gold,,2008,powerHouse Books,,Specialist photography publisher backlist: powerHouse Books,C,5,Work-level metadata only; verify the exact publisher edition and printing.,,,Medium,https://openlibrary.org/works/OL3962197W,BROAD
openlibrary:OL18304620W,Editors of Phaidon Press,,Blink,,2002,Phaidon,,Specialist photography publisher backlist: Phaidon,C,5,Work-level metadata only; verify the exact publisher edition and printing.,,,Medium,https://openlibrary.org/works/OL18304620W,BROAD
openlibrary:OL21282061W,Edson Chagas,Ana Balona de Oliveira,Found Not Taken,,2016,Kehrer,,Specialist photography publisher backlist: Kehrer,C,5,Work-level metadata only; verify the exact publisher edition and printing.,,,Medium,https://openlibrary.org/works/OL21282061W,BROAD
openlibrary:OL25776284W,Edward Grazda,,Asia Calling,,2021,powerHouse Books,,Specialist photography publisher backlist: powerHouse Books,C,5,Work-level metadata only; verify the exact publisher edition and printing.,,,Medium,https://openlibrary.org/works/OL25776284W,BROAD
openlibrary:OL20030177W,Edward Mapplethorpe,,One,,2016,powerHouse Books,,Specialist photography publisher backlist: powerHouse Books,C,5,Work-level metadata only; verify the exact publisher edition and printing.,,,Medium,https://openlibrary.org/works/OL20030177W,BROAD
openlibrary:OL4524207W,Edwin Smith,,Edwin Smith,,1984,Thames & Hudson,,Specialist photography publisher backlist: Thames & Hudson,C,5,Work-level metadata only; verify the exact publisher edition and printing.,,,Medium,https://openlibrary.org/works/OL4524207W,BROAD
openlibrary:OL9024808W,Ehret,,Exquisite Mayhem,,2001,Taschen,,Specialist photography publisher backlist: Taschen,C,5,Work-level metadata only; verify the exact publisher edition and printing.,,,Medium,https://openlibrary.org/works/OL9024808W,BROAD
openlibrary:OL21657591W,Ekow Eshun,Reuel Golden | Linda McCartney,Linda Mccartney. the Polaroid Diaries,,2019,Taschen,,Specialist photography publisher backlist: Taschen,C,5,Work-level metadata only; verify the exact publisher edition and printing.,,,Medium,https://openlibrary.org/works/OL21657591W,BROAD
openlibrary:OL21294682W,Elaine Ling,Edward Burtynsky | Wade Davis | William L. Fox,Talking Stones,,2016,Kehrer,,Specialist photography publisher backlist: Kehrer,C,5,Work-level metadata only; verify the exact publisher edition and printing.,,,Medium,https://openlibrary.org/works/OL21294682W,BROAD
openlibrary:OL18763236W,Elger Esser,,Elger Esser,,2008,Schirmer/Mosel,,Specialist photography publisher backlist: Schirmer/Mosel,C,5,Work-level metadata only; verify the exact publisher edition and printing.,,,Medium,https://openlibrary.org/works/OL18763236W,BROAD
openlibrary:OL12328422W,Elger Esser,,Veduten und Landschaften 1996-2000 =,,2000,Schirmer/Mosel,,Specialist photography publisher backlist: Schirmer/Mosel,C,5,Work-level metadata only; verify the exact publisher edition and printing.,,,Medium,https://openlibrary.org/works/OL12328422W,BROAD
openlibrary:OL17434037W,Elif Şafak,,Istanbul,,2010,Hatje Cantz,,Specialist photography publisher backlist: Hatje Cantz,C,5,Work-level metadata only; verify the exact publisher edition and printing.,,,Medium,https://openlibrary.org/works/OL17434037W,BROAD
openlibrary:OL21584487W,Elina Brotherus,,Carpe Fucking Diem,,2015,Kehrer,,Specialist photography publisher backlist: Kehrer,C,5,Work-level metadata only; verify the exact publisher edition and printing.,,,Medium,https://openlibrary.org/works/OL21584487W,BROAD
openlibrary:OL25813685W,Elina Brotherus,,Seabound,,2021,Kehrer,,Specialist photography publisher backlist: Kehrer,C,5,Work-level metadata only; verify the exact publisher edition and printing.,,,Medium,https://openlibrary.org/works/OL25813685W,BROAD
openlibrary:OL17377946W,Eliot L. Siegel,,The Fashion Photography Course First Principles To Successful Shoot The Essential Guide,,2008,Thames & Hudson,,Specialist photography publisher backlist: Thames & Hudson,C,5,Work-level metadata only; verify the exact publisher edition and printing.,,,Medium,https://openlibrary.org/works/OL17377946W,BROAD
openlibrary:OL21546010W,Elisabeth Biondi,Esa Epstein | Angelika Sher,"Angelika Sher - Series, 2005-2012",,2014,Kehrer,,Specialist photography publisher backlist: Kehrer,C,5,Work-level metadata only; verify the exact publisher edition and printing.,,,Medium,https://openlibrary.org/works/OL21546010W,BROAD
openlibrary:OL2914955W,Elisabeth Sussman,,Lisette Model,,2001,Phaidon,,Specialist photography publisher backlist: Phaidon,C,5,Work-level metadata only; verify the exact publisher edition and printing.,,,Medium,https://openlibrary.org/works/OL2914955W,BROAD
openlibrary:OL10109887W,Elke Adolf Dorner,,In Szene Gesetzt: Architektur in Der Fotografie Der Gegenwart,,2002,Hatje Cantz,,Specialist photography publisher backlist: Hatje Cantz,C,5,Work-level metadata only; verify the exact publisher edition and printing.,,,Medium,https://openlibrary.org/works/OL10109887W,BROAD
openlibrary:OL12794871W,Ellen Jong,,Pees on earth,,2006,powerHouse Books,,Specialist photography publisher backlist: powerHouse Books,C,5,Work-level metadata only; verify the exact publisher edition and printing.,,,Medium,https://openlibrary.org/works/OL12794871W,BROAD
openlibrary:OL5754273W,Ellen Von Unwerth,,Couples,,1998,Schirmer/Mosel,,Specialist photography publisher backlist: Schirmer/Mosel,C,5,Work-level metadata only; verify the exact publisher edition and printing.,,,Medium,https://openlibrary.org/works/OL5754273W,BROAD
openlibrary:OL700333W,Elliott Erwitt,,Elliot Erwitt Snaps,,2001,Phaidon,,Specialist photography publisher backlist: Phaidon,C,5,Work-level metadata only; verify the exact publisher edition and printing.,,,Medium,https://openlibrary.org/works/OL700333W,BROAD
openlibrary:OL700364W,Elliott Erwitt,,Elliott Erwitt,,1989,Phaidon,,Specialist photography publisher backlist: Phaidon,C,5,Work-level metadata only; verify the exact publisher edition and printing.,,,Medium,https://openlibrary.org/works/OL700364W,BROAD
openlibrary:OL700344W,Elliott Erwitt,,Museum watching,,1999,Phaidon,,Specialist photography publisher backlist: Phaidon,C,5,Work-level metadata only; verify the exact publisher edition and printing.,,,Medium,https://openlibrary.org/works/OL700344W,BROAD
openlibrary:OL700357W,Elliott Erwitt,,Vida de Perros / Dog Dogs,,1998,Phaidon,,Specialist photography publisher backlist: Phaidon,C,5,Work-level metadata only; verify the exact publisher edition and printing.,,,Medium,https://openlibrary.org/works/OL700357W,BROAD
openlibrary:OL224753W,Elmer Batters,,Elmer Batters,,1995,Taschen,,Specialist photography publisher backlist: Taschen,C,5,Work-level metadata only; verify the exact publisher edition and printing.,,,Medium,https://openlibrary.org/works/OL224753W,BROAD
openlibrary:OL18994447W,Elmer Batters,,Legs that dance to Elmer's tune,,1997,Taschen,,Specialist photography publisher backlist: Taschen,C,5,Work-level metadata only; verify the exact publisher edition and printing.,,,Medium,https://openlibrary.org/works/OL18994447W,BROAD
openlibrary:OL5629589W,Els Barents,,Hellen Van Meene,,2007,Schirmer/Mosel,,Specialist photography publisher backlist: Schirmer/Mosel,C,5,Work-level metadata only; verify the exact publisher edition and printing.,,,Medium,https://openlibrary.org/works/OL5629589W,BROAD
openlibrary:OL32887956W,Emanuel Mathias,,"Kunst, Freiheit und Lebensfreude",,2014,Kehrer,,Specialist photography publisher backlist: Kehrer,C,5,Work-level metadata only; verify the exact publisher edition and printing.,,,Medium,https://openlibrary.org/works/OL32887956W,BROAD
openlibrary:OL32829721W,Emanuel Raab,,Emanuel Raab,,2011,Kehrer,,Specialist photography publisher backlist: Kehrer,C,5,Work-level metadata only; verify the exact publisher edition and printing.,,,Medium,https://openlibrary.org/works/OL32829721W,BROAD
openlibrary:OL15245246W,Émile Zola,,"Emile Zola, Photograph",,1979,Schirmer/Mosel,,Specialist photography publisher backlist: Schirmer/Mosel,C,5,Work-level metadata only; verify the exact publisher edition and printing.,,,Medium,https://openlibrary.org/works/OL15245246W,BROAD
openlibrary:OL21285675W,Emily Stein,,Bubblegum,,2017,Hoxton Mini Press,,Specialist photography publisher backlist: Hoxton Mini Press,C,5,Work-level metadata only; verify the exact publisher edition and printing.,,,Medium,https://openlibrary.org/works/OL21285675W,BROAD
openlibrary:OL874168W,Enno Kaufhold,,Heinrich Zille,,1995,Schirmer/Mosel,,Specialist photography publisher backlist: Schirmer/Mosel,C,5,Work-level metadata only; verify the exact publisher edition and printing.,,,Medium,https://openlibrary.org/works/OL874168W,BROAD
openlibrary:OL32223975W,Enrico Stefanelli,Catarina Santos Botelho,EPEA,,2012,Cornerhouse,,Specialist photography publisher backlist: Cornerhouse,C,5,Work-level metadata only; verify the exact publisher edition and printing.,,,Medium,https://openlibrary.org/works/OL32223975W,BROAD
openlibrary:OL20406530W,Eric Fischl,,Ralph Gibson,,2012,Taschen,,Specialist photography publisher backlist: Taschen,C,5,Work-level metadata only; verify the exact publisher edition and printing.,,,Medium,https://openlibrary.org/works/OL20406530W,BROAD
openlibrary:OL17562876W,Eric Kroll,,Elmer Batters 25,,2012,Taschen,,Specialist photography publisher backlist: Taschen,C,5,Work-level metadata only; verify the exact publisher edition and printing.,,,Medium,https://openlibrary.org/works/OL17562876W,BROAD
openlibrary:OL7829855W,Eric Kroll,,Eric Kroll's fetish girls,,1994,Taschen,,Specialist photography publisher backlist: Taschen,C,5,Work-level metadata only; verify the exact publisher edition and printing.,,,Medium,https://openlibrary.org/works/OL7829855W,BROAD
openlibrary:OL17489483W,Eric Kroll,,The New Erotic Photography,,2009,Taschen,,Specialist photography publisher backlist: Taschen,C,5,Work-level metadata only; verify the exact publisher edition and printing.,,,Medium,https://openlibrary.org/works/OL17489483W,BROAD
openlibrary:OL20992660W,Eric Payson,Robert A. Sobieszek | Mark Holborn,Bobcats,,2002,powerHouse Books,,Specialist photography publisher backlist: powerHouse Books,C,5,Work-level metadata only; verify the exact publisher edition and printing.,,,Medium,https://openlibrary.org/works/OL20992660W,BROAD
openlibrary:OL8925924W,Eric Payson,,You can't spell America without Eric,,2006,powerHouse Books,,Specialist photography publisher backlist: powerHouse Books,C,5,Work-level metadata only; verify the exact publisher edition and printing.,,,Medium,https://openlibrary.org/works/OL8925924W,BROAD
openlibrary:OL32886617W,Eric Tchéou,,The cicada's song,,2014,Kehrer,,Specialist photography publisher backlist: Kehrer,C,5,Work-level metadata only; verify the exact publisher edition and printing.,,,Medium,https://openlibrary.org/works/OL32886617W,BROAD
openlibrary:OL21270355W,Erich Hartmann,Yves Kugelmann | Ruth Bains Hartmann,Our Daily Bread,,2014,Kehrer,,Specialist photography publisher backlist: Kehrer,C,5,Work-level metadata only; verify the exact publisher edition and printing.,,,Medium,https://openlibrary.org/works/OL21270355W,BROAD
openlibrary:OL17440045W,Erik Niedling,,Erik Niedling Formation,,2009,Hatje Cantz,,Specialist photography publisher backlist: Hatje Cantz,C,5,Work-level metadata only; verify the exact publisher edition and printing.,,,Medium,https://openlibrary.org/works/OL17440045W,BROAD
openlibrary:OL25218382W,Erik Öestensson,Patrick Leo,Erik Ostensson,,2019,Kehrer,,Specialist photography publisher backlist: Kehrer,C,5,Work-level metadata only; verify the exact publisher edition and printing.,,,Medium,https://openlibrary.org/works/OL25218382W,BROAD
openlibrary:OL4182400W,Ernst Schwitters,Olav L0kke | Robert Meyer,Ernst Schwitters in Norwegen,,2005,Hatje Cantz,,Specialist photography publisher backlist: Hatje Cantz,C,5,Work-level metadata only; verify the exact publisher edition and printing.,,,Medium,https://openlibrary.org/works/OL4182400W,BROAD
openlibrary:OL21283271W,Eros Hoagland,Jasmine Defoore | Miles Estey,Reckoning at the Frontier,,2015,Kehrer,,Specialist photography publisher backlist: Kehrer,C,5,Work-level metadata only; verify the exact publisher edition and printing.,,,Medium,https://openlibrary.org/works/OL21283271W,BROAD
openlibrary:OL2030395W,Erwin Blumenfeld,Michael Mitchell | Brian O. Murdoch,Eye to I,,1999,Thames & Hudson,,Specialist photography publisher backlist: Thames & Hudson,C,5,Work-level metadata only; verify the exact publisher edition and printing.,,,Medium,https://openlibrary.org/works/OL2030395W,BROAD
openlibrary:OL22370607W,Esther Haase,,Amazonen,,2011,Kehrer,,Specialist photography publisher backlist: Kehrer,C,5,Work-level metadata only; verify the exact publisher edition and printing.,,,Medium,https://openlibrary.org/works/OL22370607W,BROAD
openlibrary:OL32703881W,Esther Ruelfs,Ekaterina Lazareva | Wolf Iro,Die Zukunft fotografieren,,2015,Kehrer,,Specialist photography publisher backlist: Kehrer,C,5,Work-level metadata only; verify the exact publisher edition and printing.,,,Medium,https://openlibrary.org/works/OL32703881W,BROAD
openlibrary:OL16238569W,Esther Ruelfs,,Images recalled,,2009,Kehrer,,Specialist photography publisher backlist: Kehrer,C,5,Work-level metadata only; verify the exact publisher edition and printing.,,,Medium,https://openlibrary.org/works/OL16238569W,BROAD
openlibrary:OL14947171W,et al,,"Sharp Voices, Still Lives",,1990,Cornerhouse,,Specialist photography publisher backlist: Cornerhouse,C,5,Work-level metadata only; verify the exact publisher edition and printing.,,,Medium,https://openlibrary.org/works/OL14947171W,BROAD
openlibrary:OL11273504W,Eugène Atget,,"Eugene Atget, Paris",,1998,Schirmer/Mosel,,Specialist photography publisher backlist: Schirmer/Mosel,C,5,Work-level metadata only; verify the exact publisher edition and printing.,,,Medium,https://openlibrary.org/works/OL11273504W,BROAD
openlibrary:OL3537345W,Eugene Richards,,The Fat Baby,,2004,Phaidon,,Specialist photography publisher backlist: Phaidon,C,5,Work-level metadata only; verify the exact publisher edition and printing.,,,Medium,https://openlibrary.org/works/OL3537345W,BROAD
openlibrary:OL4635940W,Eugenia Parry,,Joel-Peter Witkin,,2007,Phaidon,,Specialist photography publisher backlist: Phaidon,C,5,Work-level metadata only; verify the exact publisher edition and printing.,,,Medium,https://openlibrary.org/works/OL4635940W,BROAD
openlibrary:OL32595866W,Eugenio Grosso,,Kurdistan memories,,2018,Kehrer,,Specialist photography publisher backlist: Kehrer,C,5,Work-level metadata only; verify the exact publisher edition and printing.,,,Medium,https://openlibrary.org/works/OL32595866W,BROAD
openlibrary:OL32772606W,Eva Beuys,Joseph Beuys | Friedolin Reske | Dieter Hülsmanns,"Beuys, Düsseldorf-Oberkassel, Drakeplatz 4",,2016,Schirmer/Mosel,,Specialist photography publisher backlist: Schirmer/Mosel,C,5,Work-level metadata only; verify the exact publisher edition and printing.,,,Medium,https://openlibrary.org/works/OL32772606W,BROAD
openlibrary:OL21511449W,Eva Leitolf,,Postcards from Europe 03/13,,2013,Kehrer,,Specialist photography publisher backlist: Kehrer,C,5,Work-level metadata only; verify the exact publisher edition and printing.,,,Medium,https://openlibrary.org/works/OL21511449W,BROAD
openlibrary:OL27072227W,Eve Arnold,Dario Cimorelli | Alessandra Olivari | Simonetta Hornby,Eve Arnold,,2012,Schirmer/Mosel,,Specialist photography publisher backlist: Schirmer/Mosel,C,5,Work-level metadata only; verify the exact publisher edition and printing.,,,Medium,https://openlibrary.org/works/OL27072227W,BROAD
openlibrary:OL4321496W,Eve Sonneman,Lawrence Weiner,How to touch what,,2000,powerHouse Books,,Specialist photography publisher backlist: powerHouse Books,C,5,Work-level metadata only; verify the exact publisher edition and printing.,,,Medium,https://openlibrary.org/works/OL4321496W,BROAD
openlibrary:OL19283557W,Eveline Bernasconi,,Isaac Julien,,2006,Hatje Cantz,,Specialist photography publisher backlist: Hatje Cantz,C,5,Work-level metadata only; verify the exact publisher edition and printing.,,,Medium,https://openlibrary.org/works/OL19283557W,BROAD
openlibrary:OL21594791W,Evi Lemberger,,Between Then and Now,,2016,Kehrer,,Specialist photography publisher backlist: Kehrer,C,5,Work-level metadata only; verify the exact publisher edition and printing.,,,Medium,https://openlibrary.org/works/OL21594791W,BROAD
openlibrary:OL22354836W,Evžen Sobek,,Life in blue,,2011,Kehrer,,Specialist photography publisher backlist: Kehrer,C,5,Work-level metadata only; verify the exact publisher edition and printing.,,,Medium,https://openlibrary.org/works/OL22354836W,BROAD
openlibrary:OL13545045W,Federico Peliti,,Federico Peliti,,1994,Cornerhouse,,Specialist photography publisher backlist: Cornerhouse,C,5,Work-level metadata only; verify the exact publisher edition and printing.,,,Medium,https://openlibrary.org/works/OL13545045W,BROAD
openlibrary:OL27691109W,Felix H. Man,,Photographien aus 70 Jahren,,1983,Schirmer/Mosel,,Specialist photography publisher backlist: Schirmer/Mosel,C,5,Work-level metadata only; verify the exact publisher edition and printing.,,,Medium,https://openlibrary.org/works/OL27691109W,BROAD
openlibrary:OL5877807W,Fiona Tan,,Fiona Tan,,2002,Kehrer,,Specialist photography publisher backlist: Kehrer,C,5,Work-level metadata only; verify the exact publisher edition and printing.,,,Medium,https://openlibrary.org/works/OL5877807W,BROAD
openlibrary:OL18469156W,Florian Bohm,Luca Pizzaroni | Wolfgang Scheppe | Scheppe Böhm Associates,Endcommercial,,2002,Hatje Cantz,,Specialist photography publisher backlist: Hatje Cantz,C,5,Work-level metadata only; verify the exact publisher edition and printing.,,,Medium,https://openlibrary.org/works/OL18469156W,BROAD
openlibrary:OL20524739W,Florian Ebner,Uta Grundman,Arwed Messmer : RAF,,2018,Hatje Cantz,,Specialist photography publisher backlist: Hatje Cantz,C,5,Work-level metadata only; verify the exact publisher edition and printing.,,,Medium,https://openlibrary.org/works/OL20524739W,BROAD
openlibrary:OL1968119W,Francesco Bonami,,Gabriele Basilico,,2001,Phaidon,,Specialist photography publisher backlist: Phaidon,C,5,Work-level metadata only; verify the exact publisher edition and printing.,,,Medium,https://openlibrary.org/works/OL1968119W,BROAD
openlibrary:OL21249259W,Francois Halard,,Casa Ghirri,,2013,Kehrer,,Specialist photography publisher backlist: Kehrer,C,5,Work-level metadata only; verify the exact publisher edition and printing.,,,Medium,https://openlibrary.org/works/OL21249259W,BROAD
openlibrary:OL8925908W,Francois Nars,,X-Ray,,1999,powerHouse Books,,Specialist photography publisher backlist: powerHouse Books,C,5,Work-level metadata only; verify the exact publisher edition and printing.,,,Medium,https://openlibrary.org/works/OL8925908W,BROAD
openlibrary:OL32779779W,Françoise Cohen,,Vera Lutter,,2012,Hatje Cantz,,Specialist photography publisher backlist: Hatje Cantz,C,5,Work-level metadata only; verify the exact publisher edition and printing.,,,Medium,https://openlibrary.org/works/OL32779779W,BROAD
openlibrary:OL20026126W,Frank Horvat,,Please don't smile,,2015,Hatje Cantz,,Specialist photography publisher backlist: Hatje Cantz,C,5,Work-level metadata only; verify the exact publisher edition and printing.,,,Medium,https://openlibrary.org/works/OL20026126W,BROAD
openlibrary:OL13751850W,Frank Rothe,,China naked,,2007,Kehrer,,Specialist photography publisher backlist: Kehrer,C,5,Work-level metadata only; verify the exact publisher edition and printing.,,,Medium,https://openlibrary.org/works/OL13751850W,BROAD
openlibrary:OL9098673W,Frank Thiel,,Frank Thiel,,2007,Hatje Cantz,,Specialist photography publisher backlist: Hatje Cantz,C,5,Work-level metadata only; verify the exact publisher edition and printing.,,,Medium,https://openlibrary.org/works/OL9098673W,BROAD
openlibrary:OL2033326W,Frans Lanting,,Eye to eye,,1997,Taschen,,Specialist photography publisher backlist: Taschen,C,5,Work-level metadata only; verify the exact publisher edition and printing.,,,Medium,https://openlibrary.org/works/OL2033326W,BROAD
openlibrary:OL32873020W,Franziska Hauser,,Franziska Hauser,,2015,Kehrer,,Specialist photography publisher backlist: Kehrer,C,5,Work-level metadata only; verify the exact publisher edition and printing.,,,Medium,https://openlibrary.org/works/OL32873020W,BROAD
openlibrary:OL12911682W,Fred Herzog,,Fred Herzog,,2007,Hatje Cantz,,Specialist photography publisher backlist: Hatje Cantz,C,5,Work-level metadata only; verify the exact publisher edition and printing.,,,Medium,https://openlibrary.org/works/OL12911682W,BROAD
openlibrary:OL21258706W,Fred Stein,Dawn Freer | Cilly Kugelmann | Gilles Mora,Paris New York,,2014,Kehrer,,Specialist photography publisher backlist: Kehrer,C,5,Work-level metadata only; verify the exact publisher edition and printing.,,,Medium,https://openlibrary.org/works/OL21258706W,BROAD
openlibrary:OL16653424W,Frédéric Chaubin,,CCCP,,2011,Taschen,,Specialist photography publisher backlist: Taschen,C,5,Work-level metadata only; verify the exact publisher edition and printing.,,,Medium,https://openlibrary.org/works/OL16653424W,BROAD
openlibrary:OL25774599W,Frédéric Chaubin,,Frédéric Chaubin. Stone Age. Ancient Castles of Europe,,2021,Taschen,,Specialist photography publisher backlist: Taschen,C,5,Work-level metadata only; verify the exact publisher edition and printing.,,,Medium,https://openlibrary.org/works/OL25774599W,BROAD
openlibrary:OL22575355W,Frederik Stjernfelt,Poul Erik Tøjner | Andreas Gursky,Andreas Gursky,,2011,Hatje Cantz,,Specialist photography publisher backlist: Hatje Cantz,C,5,Work-level metadata only; verify the exact publisher edition and printing.,,,Medium,https://openlibrary.org/works/OL22575355W,BROAD
openlibrary:OL20254095W,Freya-Najade,,Along the Hackney Canal,,2016,Hoxton Mini Press,,Specialist photography publisher backlist: Hoxton Mini Press,C,5,Work-level metadata only; verify the exact publisher edition and printing.,,,Medium,https://openlibrary.org/works/OL20254095W,BROAD
openlibrary:OL28800080W,Friso Keuris,,Tito,,2022,Kehrer,,Specialist photography publisher backlist: Kehrer,C,5,Work-level metadata only; verify the exact publisher edition and printing.,,,Medium,https://openlibrary.org/works/OL28800080W,BROAD
openlibrary:OL17586446W,Fritz Tiedemann,,Berlin Fruchtstrasse Am 27 Mrz 1952 On March 27 1952,,2013,Hatje Cantz,,Specialist photography publisher backlist: Hatje Cantz,C,5,Work-level metadata only; verify the exact publisher edition and printing.,,,Medium,https://openlibrary.org/works/OL17586446W,BROAD
openlibrary:OL22776838W,Fritz Winter,,Licht Bilder,,2012,Kehrer,,Specialist photography publisher backlist: Kehrer,C,5,Work-level metadata only; verify the exact publisher edition and printing.,,,Medium,https://openlibrary.org/works/OL22776838W,BROAD
openlibrary:OL32917344W,Gabriele König,,Eros und Stasi,,2011,Kehrer,,Specialist photography publisher backlist: Kehrer,C,5,Work-level metadata only; verify the exact publisher edition and printing.,,,Medium,https://openlibrary.org/works/OL32917344W,BROAD
openlibrary:OL11638334W,Gabriele Münter,,Gabriele Münter,,1972,Schirmer/Mosel,,Specialist photography publisher backlist: Schirmer/Mosel,C,5,Work-level metadata only; verify the exact publisher edition and printing.,,,Medium,https://openlibrary.org/works/OL11638334W,BROAD
openlibrary:OL19090691W,Gabriele Schor,,Cindy Sherman,,2012,Hatje Cantz,,Specialist photography publisher backlist: Hatje Cantz,C,5,Work-level metadata only; verify the exact publisher edition and printing.,,,Medium,https://openlibrary.org/works/OL19090691W,BROAD
openlibrary:OL20886935W,Gabriele Tinti,Roger Ballen,The Earth Will come To Laugh and To Feast,,2020,powerHouse Books,,Specialist photography publisher backlist: powerHouse Books,C,5,Work-level metadata only; verify the exact publisher edition and printing.,,,Medium,https://openlibrary.org/works/OL20886935W,BROAD
openlibrary:OL21678384W,Gabrielle Strijewski,,Pictures Follow Me,,2020,Kehrer,,Specialist photography publisher backlist: Kehrer,C,5,Work-level metadata only; verify the exact publisher edition and printing.,,,Medium,https://openlibrary.org/works/OL21678384W,BROAD
openlibrary:OL3072070W,Gaby Franger,,Fridas Vater,,2005,Schirmer/Mosel,,Specialist photography publisher backlist: Schirmer/Mosel,C,5,Work-level metadata only; verify the exact publisher edition and printing.,,,Medium,https://openlibrary.org/works/OL3072070W,BROAD
openlibrary:OL23839172W,Galerie Kunstadapter,,"Geschwindigkeit, Terrain der Zeit",,2002,Kehrer,,Specialist photography publisher backlist: Kehrer,C,5,Work-level metadata only; verify the exact publisher edition and printing.,,,Medium,https://openlibrary.org/works/OL23839172W,BROAD
openlibrary:OL16359955W,Galia Gur Zeev,,Family files,,2010,Kehrer,,Specialist photography publisher backlist: Kehrer,C,5,Work-level metadata only; verify the exact publisher edition and printing.,,,Medium,https://openlibrary.org/works/OL16359955W,BROAD
openlibrary:OL2629304W,Geoffrey Batchen,,William Henry Fox Talbot,,2008,Phaidon,,Specialist photography publisher backlist: Phaidon,C,5,Work-level metadata only; verify the exact publisher edition and printing.,,,Medium,https://openlibrary.org/works/OL2629304W,BROAD
openlibrary:OL4442986W,Georg Gerster,,Flug in die Vergangenheit,,2003,Schirmer/Mosel,,Specialist photography publisher backlist: Schirmer/Mosel,C,5,Work-level metadata only; verify the exact publisher edition and printing.,,,Medium,https://openlibrary.org/works/OL4442986W,BROAD
openlibrary:OL4442992W,Georg Gerster,,Swissair posters,,2006,Schirmer/Mosel,,Specialist photography publisher backlist: Schirmer/Mosel,C,5,Work-level metadata only; verify the exact publisher edition and printing.,,,Medium,https://openlibrary.org/works/OL4442992W,BROAD
openlibrary:OL4442993W,Georg Gerster,,Weltbilder,,2004,Schirmer/Mosel,,Specialist photography publisher backlist: Schirmer/Mosel,C,5,Work-level metadata only; verify the exact publisher edition and printing.,,,Medium,https://openlibrary.org/works/OL4442993W,BROAD
openlibrary:OL20003225W,George Carrano,Chelsea Davis | Jonathan Fisher,Project lives,,2015,powerHouse Books,,Specialist photography publisher backlist: powerHouse Books,C,5,Work-level metadata only; verify the exact publisher edition and printing.,,,Medium,https://openlibrary.org/works/OL20003225W,BROAD
openlibrary:OL2979111W,George Lois,,$ellebrity,,2003,Phaidon,,Specialist photography publisher backlist: Phaidon,C,5,Work-level metadata only; verify the exact publisher edition and printing.,,,Medium,https://openlibrary.org/works/OL2979111W,BROAD
openlibrary:OL4619355W,George Mott,,Foro Italico,,2003,powerHouse Books,,Specialist photography publisher backlist: powerHouse Books,C,5,Work-level metadata only; verify the exact publisher edition and printing.,,,Medium,https://openlibrary.org/works/OL4619355W,BROAD
openlibrary:OL23817433W,George Pusenkoff,Hans Gercke,Mona Lisa goes Russia,,2003,Kehrer,,Specialist photography publisher backlist: Kehrer,C,5,Work-level metadata only; verify the exact publisher edition and printing.,,,Medium,https://openlibrary.org/works/OL23817433W,BROAD
openlibrary:OL705221W,George Rodger,,Humanity and inhumanity,,1994,Phaidon,,Specialist photography publisher backlist: Phaidon,C,5,Work-level metadata only; verify the exact publisher edition and printing.,,,Medium,https://openlibrary.org/works/OL705221W,BROAD
openlibrary:OL2911231W,Gerald Zugmann,Christian Reder | COOP HIMMELB(L)AU,Gerald Zugmann,,2002,Hatje Cantz,,Specialist photography publisher backlist: Hatje Cantz,C,5,Work-level metadata only; verify the exact publisher edition and printing.,,,Medium,https://openlibrary.org/works/OL2911231W,BROAD
openlibrary:OL32701908W,Gerda Schütte,,Gerda Schütte,,2017,Kehrer,,Specialist photography publisher backlist: Kehrer,C,5,Work-level metadata only; verify the exact publisher edition and printing.,,,Medium,https://openlibrary.org/works/OL32701908W,BROAD
openlibrary:OL32783641W,Germany) Europäischer Monat der Fotografie (6th 2014 Berlin,,"6. Europäischer Monat der Fotografie Berlin, 16. Okt-16. Nov 2014",,2014,Kehrer,,Specialist photography publisher backlist: Kehrer,C,5,Work-level metadata only; verify the exact publisher edition and printing.,,,Medium,https://openlibrary.org/works/OL32783641W,BROAD
openlibrary:OL7814146W,Gerrit Engel,Jordan Mejias | Terence Riley,Manhattan New York,,2006,Schirmer/Mosel,,Specialist photography publisher backlist: Schirmer/Mosel,C,5,Work-level metadata only; verify the exact publisher edition and printing.,,,Medium,https://openlibrary.org/works/OL7814146W,BROAD
openlibrary:OL5305032W,Gerry Badger,,Eugène Atget,,1985,Phaidon,,Specialist photography publisher backlist: Phaidon,C,5,Work-level metadata only; verify the exact publisher edition and printing.,,,Medium,https://openlibrary.org/works/OL5305032W,BROAD
openlibrary:OL21464212W,Giovanni Castell,,Boxen & Blumen - Giovanni Castell,,2011,Kehrer,,Specialist photography publisher backlist: Kehrer,C,5,Work-level metadata only; verify the exact publisher edition and printing.,,,Medium,https://openlibrary.org/works/OL21464212W,BROAD
openlibrary:OL2203090W,Gisèle Freund,,"Gisèle Freund, die Frau mit der Kamera",,1992,Schirmer/Mosel,,Specialist photography publisher backlist: Schirmer/Mosel,C,5,Work-level metadata only; verify the exact publisher edition and printing.,,,Medium,https://openlibrary.org/works/OL2203090W,BROAD
openlibrary:OL2203093W,Gisèle Freund,,"Gisèle Freund, Photographien",,1985,Schirmer/Mosel,,Specialist photography publisher backlist: Schirmer/Mosel,C,5,Work-level metadata only; verify the exact publisher edition and printing.,,,Medium,https://openlibrary.org/works/OL2203093W,BROAD
openlibrary:OL42698906W,Gisèle Freund,,Portraits von Schriftstellern und Künstlern,,1989,Schirmer/Mosel,,Specialist photography publisher backlist: Schirmer/Mosel,C,5,Work-level metadata only; verify the exact publisher edition and printing.,,,Medium,https://openlibrary.org/works/OL42698906W,BROAD
openlibrary:OL32704313W,Gitta Seiler,,Die Frau im gelben Gewand,,2016,Kehrer,,Specialist photography publisher backlist: Kehrer,C,5,Work-level metadata only; verify the exact publisher edition and printing.,,,Medium,https://openlibrary.org/works/OL32704313W,BROAD
openlibrary:OL33005875W,Gitta Seiler,,Über Mädchen,,2010,Kehrer,,Specialist photography publisher backlist: Kehrer,C,5,Work-level metadata only; verify the exact publisher edition and printing.,,,Medium,https://openlibrary.org/works/OL33005875W,BROAD
openlibrary:OL21263829W,Glen Erler,Enda Walsh,Family Tree,,2016,Kehrer,,Specialist photography publisher backlist: Kehrer,C,5,Work-level metadata only; verify the exact publisher edition and printing.,,,Medium,https://openlibrary.org/works/OL21263829W,BROAD
openlibrary:OL32750471W,Gosbert Gottmann,,Gosbert Gottmann,,2004,Kehrer,,Specialist photography publisher backlist: Kehrer,C,5,Work-level metadata only; verify the exact publisher edition and printing.,,,Medium,https://openlibrary.org/works/OL32750471W,BROAD
openlibrary:OL12338311W,Gosbert Gottmann,,Modern sufferings,,2001,Kehrer,,Specialist photography publisher backlist: Kehrer,C,5,Work-level metadata only; verify the exact publisher edition and printing.,,,Medium,https://openlibrary.org/works/OL12338311W,BROAD
openlibrary:OL32925424W,Gottfried Jäger,Enno Kaufhold | Thomas Abel | Michael Pätzold,Die Bielefelder Schule,,2014,Kehrer,,Specialist photography publisher backlist: Kehrer,C,5,Work-level metadata only; verify the exact publisher edition and printing.,,,Medium,https://openlibrary.org/works/OL32925424W,BROAD
openlibrary:OL20190088W,Grace Coddington,,Grace,,2012,Phaidon,,Specialist photography publisher backlist: Phaidon,C,5,Work-level metadata only; verify the exact publisher edition and printing.,,,Medium,https://openlibrary.org/works/OL20190088W,BROAD
openlibrary:OL5742771W,Graydon Carter,Tom Ford | Bridget Foley,Tom Ford,,2004,Thames & Hudson,,Specialist photography publisher backlist: Thames & Hudson,C,5,Work-level metadata only; verify the exact publisher edition and printing.,,,Medium,https://openlibrary.org/works/OL5742771W,BROAD
openlibrary:OL15528377W,Greg Gorman,,As I see it,,2000,powerHouse Books,,Specialist photography publisher backlist: powerHouse Books,C,5,Work-level metadata only; verify the exact publisher edition and printing.,,,Medium,https://openlibrary.org/works/OL15528377W,BROAD
openlibrary:OL17512857W,Greger Ulf Nilson,,Twirl Run Photographs By Jeff Mermelstein,,2009,powerHouse Books,,Specialist photography publisher backlist: powerHouse Books,C,5,Work-level metadata only; verify the exact publisher edition and printing.,,,Medium,https://openlibrary.org/works/OL17512857W,BROAD
openlibrary:OL782348W,Gregor Schneider,Elisabeth Bronfen | Daniel Birnbaum | Hannelore Reuen,Gregor Schneider,,1996,Cornerhouse,,Specialist photography publisher backlist: Cornerhouse,C,5,Work-level metadata only; verify the exact publisher edition and printing.,,,Medium,https://openlibrary.org/works/OL782348W,BROAD
openlibrary:OL886718W,Gregory Crewdson,Martin Hochleitner | Urs Stahel,"Gregory Crewdson, 1985-2005",,2005,Hatje Cantz,,Specialist photography publisher backlist: Hatje Cantz,C,5,Work-level metadata only; verify the exact publisher edition and printing.,,,Medium,https://openlibrary.org/works/OL886718W,BROAD
openlibrary:OL19950241W,Gregory Crewdson,,In a lonely place,,2011,Hatje Cantz,,Specialist photography publisher backlist: Hatje Cantz,C,5,Work-level metadata only; verify the exact publisher edition and printing.,,,Medium,https://openlibrary.org/works/OL19950241W,BROAD
openlibrary:OL16506285W,Gregory Crewdson,,Sanctuary,,2010,Hatje Cantz,,Specialist photography publisher backlist: Hatje Cantz,C,5,Work-level metadata only; verify the exact publisher edition and printing.,,,Medium,https://openlibrary.org/works/OL16506285W,BROAD
openlibrary:OL1922688W,Gretchen Edgren,,The Playmate Book,,1996,Taschen,,Specialist photography publisher backlist: Taschen,C,5,Work-level metadata only; verify the exact publisher edition and printing.,,,Medium,https://openlibrary.org/works/OL1922688W,BROAD
openlibrary:OL21300874W,Grey Crawford,Timothy Persons,Finding Bones,,2017,Kehrer,,Specialist photography publisher backlist: Kehrer,C,5,Work-level metadata only; verify the exact publisher edition and printing.,,,Medium,https://openlibrary.org/works/OL21300874W,BROAD
openlibrary:OL9060963W,Gudrun Kemsa,,Gudrun Kemsa,,2007,Kehrer,,Specialist photography publisher backlist: Kehrer,C,5,Work-level metadata only; verify the exact publisher edition and printing.,,,Medium,https://openlibrary.org/works/OL9060963W,BROAD
openlibrary:OL33056111W,Gudrun Kemsa,,Urban stage,,2010,Kehrer,,Specialist photography publisher backlist: Kehrer,C,5,Work-level metadata only; verify the exact publisher edition and printing.,,,Medium,https://openlibrary.org/works/OL33056111W,BROAD
openlibrary:OL33207448W,Guido Baselgia,,Guido Baselgia Silberschicht,,2008,Hatje Cantz,,Specialist photography publisher backlist: Hatje Cantz,C,5,Work-level metadata only; verify the exact publisher edition and printing.,,,Medium,https://openlibrary.org/works/OL33207448W,BROAD
openlibrary:OL13538843W,Guido Baselgia,,Weltraum,,2004,Hatje Cantz,,Specialist photography publisher backlist: Hatje Cantz,C,5,Work-level metadata only; verify the exact publisher edition and printing.,,,Medium,https://openlibrary.org/works/OL13538843W,BROAD
openlibrary:OL5970741W,Guido Costa,,Nan Goldin,,2001,Phaidon,,Specialist photography publisher backlist: Phaidon,C,5,Work-level metadata only; verify the exact publisher edition and printing.,,,Medium,https://openlibrary.org/works/OL5970741W,BROAD
openlibrary:OL19369442W,Guido Costa,,Nan Goldin (55s),,2010,Phaidon,,Specialist photography publisher backlist: Phaidon,C,5,Work-level metadata only; verify the exact publisher edition and printing.,,,Medium,https://openlibrary.org/works/OL19369442W,BROAD
openlibrary:OL3182913W,Günter Metken,,Herbert List,,1980,Schirmer/Mosel,,Specialist photography publisher backlist: Schirmer/Mosel,C,5,Work-level metadata only; verify the exact publisher edition and printing.,,,Medium,https://openlibrary.org/works/OL3182913W,BROAD
openlibrary:OL32634891W,Günther Kebeck,,Die eine Ansicht,,2017,Kehrer,,Specialist photography publisher backlist: Kehrer,C,5,Work-level metadata only; verify the exact publisher edition and printing.,,,Medium,https://openlibrary.org/works/OL32634891W,BROAD
openlibrary:OL32735042W,Gustave Le Gray,,Gustave Le Gray,,2015,Schirmer/Mosel,,Specialist photography publisher backlist: Schirmer/Mosel,C,5,Work-level metadata only; verify the exact publisher edition and printing.,,,Medium,https://openlibrary.org/works/OL32735042W,BROAD
openlibrary:OL19090648W,H.J.A. Hofland,,Martin Roemers: Relics of the Cold War,,2010,Hatje Cantz,,Specialist photography publisher backlist: Hatje Cantz,C,5,Work-level metadata only; verify the exact publisher edition and printing.,,,Medium,https://openlibrary.org/works/OL19090648W,BROAD
openlibrary:OL21637269W,Hakan Strand,Olivier Delhoume | Anders Schmidt,Silent Moments,,2018,Kehrer,,Specialist photography publisher backlist: Kehrer,C,5,Work-level metadata only; verify the exact publisher edition and printing.,,,Medium,https://openlibrary.org/works/OL21637269W,BROAD
openlibrary:OL2562522W,Hamish Fulton,,Roads and paths,,1978,Schirmer/Mosel,,Specialist photography publisher backlist: Schirmer/Mosel,C,5,Work-level metadata only; verify the exact publisher edition and printing.,,,Medium,https://openlibrary.org/works/OL2562522W,BROAD
openlibrary:OL25340204W,Hanayo,,Keep an Eye Shut,,2021,Kehrer,,Specialist photography publisher backlist: Kehrer,C,5,Work-level metadata only; verify the exact publisher edition and printing.,,,Medium,https://openlibrary.org/works/OL25340204W,BROAD
openlibrary:OL21148794W,Hannah Collins,,Hannah Collins,,2015,Kehrer,,Specialist photography publisher backlist: Kehrer | Specialist photography publisher backlist: Steidl,C,5,Work-level metadata only; verify the exact publisher edition and printing.,,,Medium,https://openlibrary.org/works/OL21148794W,BROAD
openlibrary:OL32854803W,Hanns Zischler,,Hanns Zischler,,2013,Kehrer,,Specialist photography publisher backlist: Kehrer,C,5,Work-level metadata only; verify the exact publisher edition and printing.,,,Medium,https://openlibrary.org/works/OL32854803W,BROAD
openlibrary:OL580353W,Hans Belting,,Thomas Struth,,1993,Schirmer/Mosel,,Specialist photography publisher backlist: Schirmer/Mosel,C,5,Work-level metadata only; verify the exact publisher edition and printing.,,,Medium,https://openlibrary.org/works/OL580353W,BROAD
openlibrary:OL32750332W,Hans-Christian Schink,Museo d'arte contemporanea Roma,Hans-Christian Schink,,2015,Kehrer,,Specialist photography publisher backlist: Kehrer,C,5,Work-level metadata only; verify the exact publisher edition and printing.,,,Medium,https://openlibrary.org/works/OL32750332W,BROAD
openlibrary:OL18962864W,Hans J. Scheurer,,"Heimatkunde, Deutsches nach 1945",,1981,Schirmer/Mosel,,Specialist photography publisher backlist: Schirmer/Mosel,C,5,Work-level metadata only; verify the exact publisher edition and printing.,,,Medium,https://openlibrary.org/works/OL18962864W,BROAD
openlibrary:OL22581939W,Hans-Jürgen Syberberg,,Fotografie der 30er Jahre,,1977,Schirmer/Mosel,,Specialist photography publisher backlist: Schirmer/Mosel,C,5,Work-level metadata only; verify the exact publisher edition and printing.,,,Medium,https://openlibrary.org/works/OL22581939W,BROAD
openlibrary:OL32782558W,Hans Malm,,Sleeping with the lights on,,2013,Kehrer,,Specialist photography publisher backlist: Kehrer,C,5,Work-level metadata only; verify the exact publisher edition and printing.,,,Medium,https://openlibrary.org/works/OL32782558W,BROAD
openlibrary:OL2114841W,Hans-Michael Koetzle,Taschen Publishing,1000 Nudes,,1994,Taschen,,Specialist photography publisher backlist: Taschen,C,5,Work-level metadata only; verify the exact publisher edition and printing.,,,Medium,https://openlibrary.org/works/OL2114841W,BROAD
openlibrary:OL21257841W,Hans-Michael Koetzle,,LILLIAN BASSMAN / PAUL HIMMEL,,2013,Kehrer,,Specialist photography publisher backlist: Kehrer,C,5,Work-level metadata only; verify the exact publisher edition and printing.,,,Medium,https://openlibrary.org/works/OL21257841W,BROAD
openlibrary:OL2114838W,Hans-Michael Koetzle,,Photo icons,,2002,Taschen,,Specialist photography publisher backlist: Taschen,C,5,Work-level metadata only; verify the exact publisher edition and printing.,,,Medium,https://openlibrary.org/works/OL2114838W,BROAD
openlibrary:OL4536074W,Hans-Peter Feldmann,,100 Jahre,,2001,Schirmer/Mosel,,Specialist photography publisher backlist: Schirmer/Mosel,C,5,Work-level metadata only; verify the exact publisher edition and printing.,,,Medium,https://openlibrary.org/works/OL4536074W,BROAD
openlibrary:OL32101898W,Hans-Rudolf Reust,James Lingwood,Texte zum Werk von Thomas Struth,,2009,Schirmer/Mosel,,Specialist photography publisher backlist: Schirmer/Mosel,C,5,Work-level metadata only; verify the exact publisher edition and printing.,,,Medium,https://openlibrary.org/works/OL32101898W,BROAD
openlibrary:OL32669536W,Hans-Rudolf Reust,Nigel Pitman | Jana Maria Hartmann,Thomas Struth,,2017,Schirmer/Mosel,,Specialist photography publisher backlist: Schirmer/Mosel,C,5,Work-level metadata only; verify the exact publisher edition and printing.,,,Medium,https://openlibrary.org/works/OL32669536W,BROAD
openlibrary:OL19410317W,Harald Hellmann,,1000 Pin-up-Girls,,,Taschen,,Specialist photography publisher backlist: Taschen,C,5,Work-level metadata only; verify the exact publisher edition and printing.,,,Medium,https://openlibrary.org/works/OL19410317W,BROAD
openlibrary:OL19730739W,Harry Benson,,Harry Benson,,2017,powerHouse Books,,Specialist photography publisher backlist: powerHouse Books,C,5,Work-level metadata only; verify the exact publisher edition and printing.,,,Medium,https://openlibrary.org/works/OL19730739W,BROAD
openlibrary:OL19641279W,Harry Benson,,Harry Benson: Photographs,,2009,powerHouse Books,,Specialist photography publisher backlist: powerHouse Books,C,5,Work-level metadata only; verify the exact publisher edition and printing.,,,Medium,https://openlibrary.org/works/OL19641279W,BROAD
openlibrary:OL25765442W,Harry Borden,,Single Dad,,2021,Hoxton Mini Press,,Specialist photography publisher backlist: Hoxton Mini Press,C,5,Work-level metadata only; verify the exact publisher edition and printing.,,,Medium,https://openlibrary.org/works/OL25765442W,BROAD
openlibrary:OL20153571W,Harry Gruyaert,,Harry Gruyaert,,2006,Thames & Hudson,,Specialist photography publisher backlist: Thames & Hudson,C,5,Work-level metadata only; verify the exact publisher edition and printing.,,,Medium,https://openlibrary.org/works/OL20153571W,BROAD
openlibrary:OL16656086W,Harvey Benge,,All the places I've ever known,,2010,Kehrer,,Specialist photography publisher backlist: Kehrer,C,5,Work-level metadata only; verify the exact publisher edition and printing.,,,Medium,https://openlibrary.org/works/OL16656086W,BROAD
openlibrary:OL21239597W,Harvey Benge,Jessica Backhaus | Gerry Badger | Martin Parr,One Day - Ten Photographers,,2011,Kehrer,,Specialist photography publisher backlist: Kehrer,C,5,Work-level metadata only; verify the exact publisher edition and printing.,,,Medium,https://openlibrary.org/works/OL21239597W,BROAD
openlibrary:OL21011799W,Hatje Cantz Staff,Hiroshi Sugimoto,Hiroshi Sugimoto,,2010,Hatje Cantz,,Specialist photography publisher backlist: Hatje Cantz,C,5,Work-level metadata only; verify the exact publisher edition and printing.,,,Medium,https://openlibrary.org/works/OL21011799W,BROAD
openlibrary:OL37000696W,Haus Hall <Gescher>,,Mia Unverzagt,,2007,Kehrer,,Specialist photography publisher backlist: Kehrer,C,5,Work-level metadata only; verify the exact publisher edition and printing.,,,Medium,https://openlibrary.org/works/OL37000696W,BROAD
openlibrary:OL21232832W,Heidelberg,,"Adventure of Japanese Photography, 1860-1890",,2003,Kehrer,,Specialist photography publisher backlist: Kehrer,C,5,Work-level metadata only; verify the exact publisher edition and printing.,,,Medium,https://openlibrary.org/works/OL21232832W,BROAD
openlibrary:OL12830990W,Heidi Ziegler,,"Nam June Paik, global groove 2004. Ausstellung , Deutsche Guggenheim, 17. April - 9. Juli 2004",,2005,Hatje Cantz,,Specialist photography publisher backlist: Hatje Cantz,C,5,Work-level metadata only; verify the exact publisher edition and printing.,,,Medium,https://openlibrary.org/works/OL12830990W,BROAD
openlibrary:OL19090679W,Heike Herrberg,,Trude Fleischmann,,2011,Hatje Cantz,,Specialist photography publisher backlist: Hatje Cantz,C,5,Work-level metadata only; verify the exact publisher edition and printing.,,,Medium,https://openlibrary.org/works/OL19090679W,BROAD
openlibrary:OL18405586W,Heiner Bastian,,Fragmente zur Melancholie,,2007,Hatje Cantz,,Specialist photography publisher backlist: Hatje Cantz,C,5,Work-level metadata only; verify the exact publisher edition and printing.,,,Medium,https://openlibrary.org/works/OL18405586W,BROAD
openlibrary:OL13059140W,Heinrich Zille,,Heinrich Zille,,1975,Schirmer/Mosel,,Specialist photography publisher backlist: Schirmer/Mosel,C,5,Work-level metadata only; verify the exact publisher edition and printing.,,,Medium,https://openlibrary.org/works/OL13059140W,BROAD
openlibrary:OL1381612W,Heinrich Zille,,"Photographien Berlin, 1890-1910",,1975,Schirmer/Mosel,,Specialist photography publisher backlist: Schirmer/Mosel,C,5,Work-level metadata only; verify the exact publisher edition and printing.,,,Medium,https://openlibrary.org/works/OL1381612W,BROAD
openlibrary:OL17531409W,Heinz Liesbrock,,Natur Der Menschen Nature Manmade,,2012,Schirmer/Mosel,,Specialist photography publisher backlist: Schirmer/Mosel,C,5,Work-level metadata only; verify the exact publisher edition and printing.,,,Medium,https://openlibrary.org/works/OL17531409W,BROAD
openlibrary:OL2625155W,Helen Levitt,,Crosstown,,2001,powerHouse Books,,Specialist photography publisher backlist: powerHouse Books,C,5,Work-level metadata only; verify the exact publisher edition and printing.,,,Medium,https://openlibrary.org/works/OL2625155W,BROAD
openlibrary:OL2625158W,Helen Levitt,,Helen Levitt,,1997,powerHouse Books,,Specialist photography publisher backlist: powerHouse Books,C,5,Work-level metadata only; verify the exact publisher edition and printing.,,,Medium,https://openlibrary.org/works/OL2625158W,BROAD
openlibrary:OL18434480W,Helen Levitt,,Here and there,,2004,powerHouse Books,,Specialist photography publisher backlist: powerHouse Books,C,5,Work-level metadata only; verify the exact publisher edition and printing.,,,Medium,https://openlibrary.org/works/OL18434480W,BROAD
openlibrary:OL20202451W,Helen Levitt,,"One, Two, Three, More",,2017,powerHouse Books,,Specialist photography publisher backlist: powerHouse Books,C,5,Work-level metadata only; verify the exact publisher edition and printing.,,,Medium,https://openlibrary.org/works/OL20202451W,BROAD
openlibrary:OL2625157W,Helen Levitt,,Slide show,,2005,powerHouse Books,,Specialist photography publisher backlist: powerHouse Books,C,5,Work-level metadata only; verify the exact publisher edition and printing.,,,Medium,https://openlibrary.org/works/OL2625157W,BROAD
openlibrary:OL4083013W,Helmut Gernsheim,,A concise history of photography,,1965,Thames & Hudson,,Specialist photography publisher backlist: Thames & Hudson,C,5,Work-level metadata only; verify the exact publisher edition and printing.,,,Medium,https://openlibrary.org/works/OL4083013W,BROAD
openlibrary:OL11839035W,Helmut Gernsheim,Lewis Carroll,Lewis Carroll,,1969,Thames & Hudson,,Specialist photography publisher backlist: Thames & Hudson,C,5,Work-level metadata only; verify the exact publisher edition and printing.,,,Medium,https://openlibrary.org/works/OL11839035W,BROAD
openlibrary:OL4083000W,Helmut Gernsheim,,Masterpieces of Victorian photography,,1951,Phaidon,,Specialist photography publisher backlist: Phaidon,C,5,Work-level metadata only; verify the exact publisher edition and printing.,,,Medium,https://openlibrary.org/works/OL4083000W,BROAD
openlibrary:OL4083006W,Helmut Gernsheim,,The history of photography,,1969,Thames & Hudson,,Specialist photography publisher backlist: Thames & Hudson,C,5,Work-level metadata only; verify the exact publisher edition and printing.,,,Medium,https://openlibrary.org/works/OL4083006W,BROAD
openlibrary:OL4083003W,Helmut Gernsheim,,The origins of photography,,1982,Thames & Hudson,,Specialist photography publisher backlist: Thames & Hudson,C,5,Work-level metadata only; verify the exact publisher edition and printing.,,,Medium,https://openlibrary.org/works/OL4083003W,BROAD
openlibrary:OL749213W,Helmut Newton,,Big nudes,,1982,Schirmer/Mosel,,Specialist photography publisher backlist: Schirmer/Mosel,C,5,Work-level metadata only; verify the exact publisher edition and printing.,,,Medium,https://openlibrary.org/works/OL749213W,BROAD
openlibrary:OL749217W,Helmut Newton,,Helmut Newton,,1982,Schirmer/Mosel,,Specialist photography publisher backlist: Schirmer/Mosel | Specialist photography publisher backlist: Taschen | Specialist photography publisher backlist: Thames & Hudson,C,5,Work-level metadata only; verify the exact publisher edition and printing.,,,Medium,https://openlibrary.org/works/OL749217W,BROAD
openlibrary:OL749211W,Helmut Newton,,Helmut Newton's illustrated,,1987,Schirmer/Mosel,,Specialist photography publisher backlist: Schirmer/Mosel,C,5,Work-level metadata only; verify the exact publisher edition and printing.,,,Medium,https://openlibrary.org/works/OL749211W,BROAD
openlibrary:OL749210W,Helmut Newton,,Pola woman,,1992,Schirmer/Mosel,,Specialist photography publisher backlist: Schirmer/Mosel,C,5,Work-level metadata only; verify the exact publisher edition and printing.,,,Medium,https://openlibrary.org/works/OL749210W,BROAD
openlibrary:OL749202W,Helmut Newton,,Pola women,,1992,Schirmer/Mosel,,Specialist photography publisher backlist: Schirmer/Mosel,C,5,Work-level metadata only; verify the exact publisher edition and printing.,,,Medium,https://openlibrary.org/works/OL749202W,BROAD
openlibrary:OL749214W,Helmut Newton,Klaus Honnef,Portraits,,1987,Schirmer/Mosel,,Specialist photography publisher backlist: Schirmer/Mosel,C,5,Work-level metadata only; verify the exact publisher edition and printing.,,,Medium,https://openlibrary.org/works/OL749214W,BROAD
openlibrary:OL749215W,Helmut Newton,,Sleepless nights,,1978,Schirmer/Mosel,,Specialist photography publisher backlist: Schirmer/Mosel,C,5,Work-level metadata only; verify the exact publisher edition and printing.,,,Medium,https://openlibrary.org/works/OL749215W,BROAD
openlibrary:OL749216W,Helmut Newton,,White Women,,1976,Schirmer/Mosel,,Specialist photography publisher backlist: Schirmer/Mosel,C,5,Work-level metadata only; verify the exact publisher edition and printing.,,,Medium,https://openlibrary.org/works/OL749216W,BROAD
openlibrary:OL513991W,Henri Cartier-Bresson,,Amérique furtivement,,1991,Thames & Hudson,,Specialist photography publisher backlist: Thames & Hudson,C,5,Work-level metadata only; verify the exact publisher edition and printing.,,,Medium,https://openlibrary.org/works/OL513991W,BROAD
openlibrary:OL513995W,Henri Cartier-Bresson,,Henri Cartier-Bresson en Inde,,1985,Thames & Hudson,,Specialist photography publisher backlist: Thames & Hudson,C,5,Work-level metadata only; verify the exact publisher edition and printing.,,,Medium,https://openlibrary.org/works/OL513995W,BROAD
openlibrary:OL513988W,Henri Cartier-Bresson,,Photoportraits,,1985,Thames & Hudson,,Specialist photography publisher backlist: Thames & Hudson,C,5,Work-level metadata only; verify the exact publisher edition and printing.,,,Medium,https://openlibrary.org/works/OL513988W,BROAD
openlibrary:OL513965W,Henri Cartier-Bresson,,"The man, the image and the world",,2003,Thames & Hudson,,Specialist photography publisher backlist: Thames & Hudson,C,5,Work-level metadata only; verify the exact publisher edition and printing.,,,Medium,https://openlibrary.org/works/OL513965W,BROAD
openlibrary:OL513994W,Henri Cartier-Bresson,,Vive la France,,1970,Thames & Hudson,,Specialist photography publisher backlist: Thames & Hudson,C,5,Work-level metadata only; verify the exact publisher edition and printing.,,,Medium,https://openlibrary.org/works/OL513994W,BROAD
openlibrary:OL21559745W,Henrik Isaksson Garnell,,Dissonance,,2014,Kehrer,,Specialist photography publisher backlist: Kehrer,C,5,Work-level metadata only; verify the exact publisher edition and printing.,,,Medium,https://openlibrary.org/works/OL21559745W,BROAD
openlibrary:OL17586466W,Henrik Spohler,,Henrik Spohler The Third Day,,2013,Hatje Cantz,,Specialist photography publisher backlist: Hatje Cantz,C,5,Work-level metadata only; verify the exact publisher edition and printing.,,,Medium,https://openlibrary.org/works/OL17586466W,BROAD
openlibrary:OL32870480W,Henrike Holsing,Gottfried Jäger | Ariane Kossack,Lichtbild und Datenbild,,2015,Kehrer,,Specialist photography publisher backlist: Kehrer,C,5,Work-level metadata only; verify the exact publisher edition and printing.,,,Medium,https://openlibrary.org/works/OL32870480W,BROAD
openlibrary:OL668032W,Henry Horenstein,,Close relations,,2006,powerHouse Books,,Specialist photography publisher backlist: powerHouse Books,C,5,Work-level metadata only; verify the exact publisher edition and printing.,,,Medium,https://openlibrary.org/works/OL668032W,BROAD
openlibrary:OL668059W,Henry Horenstein,,Humans,,2004,Kehrer,,Specialist photography publisher backlist: Kehrer,C,5,Work-level metadata only; verify the exact publisher edition and printing.,,,Medium,https://openlibrary.org/works/OL668059W,BROAD
openlibrary:OL35755696W,Henry Horenstein,Leslie Tucker,We Sort of People,,2023,Kehrer,,Specialist photography publisher backlist: Kehrer,C,5,Work-level metadata only; verify the exact publisher edition and printing.,,,Medium,https://openlibrary.org/works/OL35755696W,BROAD
openlibrary:OL27407513W,Herbert Döring-Spengler,Herbert Doring-Spengler,Herbert Döring-Spengler,,2021,Kehrer,,Specialist photography publisher backlist: Kehrer,C,5,Work-level metadata only; verify the exact publisher edition and printing.,,,Medium,https://openlibrary.org/works/OL27407513W,BROAD
openlibrary:OL2565349W,Herbert List,,Hellas,,1993,Schirmer/Mosel,,Specialist photography publisher backlist: Schirmer/Mosel,C,5,Work-level metadata only; verify the exact publisher edition and printing.,,,Medium,https://openlibrary.org/works/OL2565349W,BROAD
openlibrary:OL45537105W,Herbert List,Günter Metken,"Herbert List photographien, 1930-1970",,1976,Schirmer/Mosel,,Specialist photography publisher backlist: Schirmer/Mosel,C,5,Work-level metadata only; verify the exact publisher edition and printing.,,,Medium,https://openlibrary.org/works/OL45537105W,BROAD
openlibrary:OL2565341W,Herbert List,,Italien,,1995,Schirmer/Mosel,,Specialist photography publisher backlist: Schirmer/Mosel,C,5,Work-level metadata only; verify the exact publisher edition and printing.,,,Medium,https://openlibrary.org/works/OL2565341W,BROAD
openlibrary:OL21559740W,Hertta Kiiski,Niina Vatanen,Archive Play,,2014,Kehrer,,Specialist photography publisher backlist: Kehrer,C,5,Work-level metadata only; verify the exact publisher edition and printing.,,,Medium,https://openlibrary.org/works/OL21559740W,BROAD
openlibrary:OL8911445W,Hervé Guibert,,Herve Guibert,,1993,Schirmer/Mosel,,Specialist photography publisher backlist: Schirmer/Mosel,C,5,Work-level metadata only; verify the exact publisher edition and printing.,,,Medium,https://openlibrary.org/works/OL8911445W,BROAD
openlibrary:OL20518967W,Hervé Le Goff,,Richard Kalvar,,2019,Thames & Hudson,,Specialist photography publisher backlist: Thames & Hudson,C,5,Work-level metadata only; verify the exact publisher edition and printing.,,,Medium,https://openlibrary.org/works/OL20518967W,BROAD
openlibrary:OL1835440W,Hibiki Kobayashi,,Tribe,,1998,powerHouse Books,,Specialist photography publisher backlist: powerHouse Books,C,5,Work-level metadata only; verify the exact publisher edition and printing.,,,Medium,https://openlibrary.org/works/OL1835440W,BROAD
openlibrary:OL5634159W,"Hill, Paul",,"White Peak, Dark Peak",,1990,Cornerhouse,,Specialist photography publisher backlist: Cornerhouse,C,5,Work-level metadata only; verify the exact publisher edition and printing.,,,Medium,https://openlibrary.org/works/OL5634159W,BROAD
openlibrary:OL19987154W,Horst,,Horst,,1991,Schirmer/Mosel,,Specialist photography publisher backlist: Schirmer/Mosel | Specialist photography publisher backlist: Thames & Hudson,C,5,Work-level metadata only; verify the exact publisher edition and printing.,,,Medium,https://openlibrary.org/works/OL19987154W,BROAD
openlibrary:OL15963739W,Horst Hamann,,One night on Broadway,,2004,Schirmer/Mosel,,Specialist photography publisher backlist: Schirmer/Mosel,C,5,Work-level metadata only; verify the exact publisher edition and printing.,,,Medium,https://openlibrary.org/works/OL15963739W,BROAD
openlibrary:OL13591058W,Horst Lang,,-- als der Pott noch kochte,,2000,Schirmer/Mosel,,Specialist photography publisher backlist: Schirmer/Mosel,C,5,Work-level metadata only; verify the exact publisher edition and printing.,,,Medium,https://openlibrary.org/works/OL13591058W,BROAD
openlibrary:OL25771052W,Hoxton Mini Press,,London in Lockdown,,2021,Hoxton Mini Press,,Specialist photography publisher backlist: Hoxton Mini Press,C,5,Work-level metadata only; verify the exact publisher edition and printing.,,,Medium,https://openlibrary.org/works/OL25771052W,BROAD
openlibrary:OL21357887W,Hoxton Mini Press,British Journal of Photography Staff,Portrait of Britain,,2019,Hoxton Mini Press,,Specialist photography publisher backlist: Hoxton Mini Press,C,5,Work-level metadata only; verify the exact publisher edition and printing.,,,Medium,https://openlibrary.org/works/OL21357887W,BROAD
openlibrary:OL21351856W,Hoxton Mini Press,British Journal of Photography,Portrait of Britain 2,,2019,Hoxton Mini Press,,Specialist photography publisher backlist: Hoxton Mini Press,C,5,Work-level metadata only; verify the exact publisher edition and printing.,,,Medium,https://openlibrary.org/works/OL21351856W,BROAD
openlibrary:OL21690773W,Hoxton Mini Press,British Journal of Photography,Portrait of Britain Volume 3,,2020,Hoxton Mini Press,,Specialist photography publisher backlist: Hoxton Mini Press,C,5,Work-level metadata only; verify the exact publisher edition and printing.,,,Medium,https://openlibrary.org/works/OL21690773W,BROAD
openlibrary:OL21346763W,Hoxton Mini Press,British Journal of Photography | Magnum Photographers,Portrait of Humanity,,2019,Hoxton Mini Press,,Specialist photography publisher backlist: Hoxton Mini Press,C,5,Work-level metadata only; verify the exact publisher edition and printing.,,,Medium,https://openlibrary.org/works/OL21346763W,BROAD
openlibrary:OL21677455W,Hoxton Mini Press,British Journal of Photography | Magnum Photographers,Portrait of Humanity Vol 2,,2020,Hoxton Mini Press,,Specialist photography publisher backlist: Hoxton Mini Press,C,5,Work-level metadata only; verify the exact publisher edition and printing.,,,Medium,https://openlibrary.org/works/OL21677455W,BROAD
openlibrary:OL25770615W,Hoxton Mini Press,British Journal of Photography | Magnum Photographers,Portrait of Humanity Vol 3,,2021,Hoxton Mini Press,,Specialist photography publisher backlist: Hoxton Mini Press,C,5,Work-level metadata only; verify the exact publisher edition and printing.,,,Medium,https://openlibrary.org/works/OL25770615W,BROAD
openlibrary:OL32826127W,Hubertus Gassner,Petra Roettig,Lost places -- Orte der Photographie,,2012,Kehrer,,Specialist photography publisher backlist: Kehrer,C,5,Work-level metadata only; verify the exact publisher edition and printing.,,,Medium,https://openlibrary.org/works/OL32826127W,BROAD
openlibrary:OL2902691W,Hubertus Gassner,,Rodčenko Fotografien,,1982,Schirmer/Mosel,,Specialist photography publisher backlist: Schirmer/Mosel,C,5,Work-level metadata only; verify the exact publisher edition and printing.,,,Medium,https://openlibrary.org/works/OL2902691W,BROAD
openlibrary:OL33432113W,Hubertus von Amelunxen,,Theorie der Fotografie,,2000,Schirmer/Mosel,,Specialist photography publisher backlist: Schirmer/Mosel,C,5,Work-level metadata only; verify the exact publisher edition and printing.,,,Medium,https://openlibrary.org/works/OL33432113W,BROAD
openlibrary:OL18857167W,Hubertus von Amelunxen,Victor Burgin,"Victor Burgin - voyage to Italy. Exhibition, Cologne, Galerie Thomas Zander, September 19 - November 23, 2006",,2006,Hatje Cantz,,Specialist photography publisher backlist: Hatje Cantz,C,5,Work-level metadata only; verify the exact publisher edition and printing.,,,Medium,https://openlibrary.org/works/OL18857167W,BROAD
openlibrary:OL21350841W,Iain McKell,,New Girl Order,,2019,Hoxton Mini Press,,Specialist photography publisher backlist: Hoxton Mini Press,C,5,Work-level metadata only; verify the exact publisher edition and printing.,,,Medium,https://openlibrary.org/works/OL21350841W,BROAD
openlibrary:OL517992W,Ian Jeffrey,,How to read a photograph,,2009,Thames & Hudson,,Specialist photography publisher backlist: Thames & Hudson,C,5,Work-level metadata only; verify the exact publisher edition and printing.,,,Medium,https://openlibrary.org/works/OL517992W,BROAD
openlibrary:OL517993W,Ian Jeffrey,,Josef Sudek,,2001,Phaidon,,Specialist photography publisher backlist: Phaidon,C,5,Work-level metadata only; verify the exact publisher edition and printing.,,,Medium,https://openlibrary.org/works/OL517993W,BROAD
openlibrary:OL517999W,Ian Jeffrey,,Magnum Landscape,,2001,Phaidon,,Specialist photography publisher backlist: Phaidon,C,5,Work-level metadata only; verify the exact publisher edition and printing.,,,Medium,https://openlibrary.org/works/OL517999W,BROAD
openlibrary:OL518001W,Ian Jeffrey,,Photography,,1981,Thames & Hudson,,Specialist photography publisher backlist: Thames & Hudson,C,5,Work-level metadata only; verify the exact publisher edition and printing.,,,Medium,https://openlibrary.org/works/OL518001W,BROAD
openlibrary:OL32074927W,Ian Jeffrey,,Schule des Augenblicks,,2021,Hatje Cantz,,Specialist photography publisher backlist: Hatje Cantz,C,5,Work-level metadata only; verify the exact publisher edition and printing.,,,Medium,https://openlibrary.org/works/OL32074927W,BROAD
openlibrary:OL32060611W,Ida Pimenoff,,Ida Pimenoff,,2011,Kehrer,,Specialist photography publisher backlist: Kehrer,C,5,Work-level metadata only; verify the exact publisher edition and printing.,,,Medium,https://openlibrary.org/works/OL32060611W,BROAD
openlibrary:OL32782586W,Ida Pimenoff,,Perhaps loneliness does not exist after all,,2013,Kehrer,,Specialist photography publisher backlist: Kehrer,C,5,Work-level metadata only; verify the exact publisher edition and printing.,,,Medium,https://openlibrary.org/works/OL32782586W,BROAD
openlibrary:OL32654938W,Iikka Tolonen,,Härkälä,,2015,Kehrer,,Specialist photography publisher backlist: Kehrer,C,5,Work-level metadata only; verify the exact publisher edition and printing.,,,Medium,https://openlibrary.org/works/OL32654938W,BROAD
openlibrary:OL2770261W,Imogen Cunningham,,"Imogen Cunningham, 1883-1976",,2001,Taschen,,Specialist photography publisher backlist: Taschen,C,5,Work-level metadata only; verify the exact publisher edition and printing.,,,Medium,https://openlibrary.org/works/OL2770261W,BROAD
openlibrary:OL21253982W,Ines de Bordas,Chris Shaw | Simon Baker,Before and after Night Porter,,2013,Kehrer,,Specialist photography publisher backlist: Kehrer,C,5,Work-level metadata only; verify the exact publisher edition and printing.,,,Medium,https://openlibrary.org/works/OL21253982W,BROAD
openlibrary:OL23426604W,Ines Rütinger,"Schmidt, Eva","Lieber Aby Warburg, was tun mit Bildern?",,2012,Kehrer,,Specialist photography publisher backlist: Kehrer,C,5,Work-level metadata only; verify the exact publisher edition and printing.,,,Medium,https://openlibrary.org/works/OL23426604W,BROAD
openlibrary:OL21607646W,Ingo Taubhorn,,Sibylle Bergemann,,2016,Kehrer,,Specialist photography publisher backlist: Kehrer,C,5,Work-level metadata only; verify the exact publisher edition and printing.,,,Medium,https://openlibrary.org/works/OL21607646W,BROAD
openlibrary:OL19096813W,Ingrid Sischy,,Ellen Von Unwerth: Fraulein,,2011,Taschen,,Specialist photography publisher backlist: Taschen,C,5,Work-level metadata only; verify the exact publisher edition and printing.,,,Medium,https://openlibrary.org/works/OL19096813W,BROAD
openlibrary:OL21620850W,Ingun Alett Maehlum,,Tussoy,,2017,Kehrer,,Specialist photography publisher backlist: Kehrer,C,5,Work-level metadata only; verify the exact publisher edition and printing.,,,Medium,https://openlibrary.org/works/OL21620850W,BROAD
openlibrary:OL19090757W,Inka Schube,,Helga Paris: Photography,,2013,Hatje Cantz,,Specialist photography publisher backlist: Hatje Cantz,C,5,Work-level metadata only; verify the exact publisher edition and printing.,,,Medium,https://openlibrary.org/works/OL19090757W,BROAD
openlibrary:OL6583552W,"Institute of Contemporary Art (Boston, Mass.)",Gilles Lipovetsky | Valerie Williams | Urs Stahel,Chic clicks,,1999,Hatje Cantz,,Specialist photography publisher backlist: Hatje Cantz,C,5,Work-level metadata only; verify the exact publisher edition and printing.,,,Medium,https://openlibrary.org/works/OL6583552W,BROAD
openlibrary:OL19123290W,International Photo-Triennial Esslingen (5th 2001),,Moving pictures,,2001,Hatje Cantz,,Specialist photography publisher backlist: Hatje Cantz,C,5,Work-level metadata only; verify the exact publisher edition and printing.,,,Medium,https://openlibrary.org/works/OL19123290W,BROAD
openlibrary:OL16201830W,Irina Rozovsky,,One to nothing,,2011,Kehrer,,Specialist photography publisher backlist: Kehrer,C,5,Work-level metadata only; verify the exact publisher edition and printing.,,,Medium,https://openlibrary.org/works/OL16201830W,BROAD
openlibrary:OL17477214W,Iris Moon,,Water Does Not Soak In Rain,,2009,Hatje Cantz,,Specialist photography publisher backlist: Hatje Cantz,C,5,Work-level metadata only; verify the exact publisher edition and printing.,,,Medium,https://openlibrary.org/works/OL17477214W,BROAD
openlibrary:OL515827W,Irving Penn,,Irving Penn photographs of Dahomey (1967),,2004,Hatje Cantz,,Specialist photography publisher backlist: Hatje Cantz,C,5,Work-level metadata only; verify the exact publisher edition and printing.,,,Medium,https://openlibrary.org/works/OL515827W,BROAD
openlibrary:OL3297824W,Isabella Rossellini,Peter Lindbergh | Bruce Weber | Kurt Markus,Looking at me,,2002,Schirmer/Mosel,,Specialist photography publisher backlist: Schirmer/Mosel,C,5,Work-level metadata only; verify the exact publisher edition and printing.,,,Medium,https://openlibrary.org/works/OL3297824W,BROAD
openlibrary:OL3084528W,Istituto nazionale per la grafica (Italy),,"Federico Peliti, 1844-1914",,1993,Cornerhouse,,Specialist photography publisher backlist: Cornerhouse,C,5,Work-level metadata only; verify the exact publisher edition and printing.,,,Medium,https://openlibrary.org/works/OL3084528W,BROAD
openlibrary:OL32839470W,Iveta Vaivode,,Somewhere on disappearing path,,2014,Kehrer,,Specialist photography publisher backlist: Kehrer,C,5,Work-level metadata only; verify the exact publisher edition and printing.,,,Medium,https://openlibrary.org/works/OL32839470W,BROAD
openlibrary:OL3360812W,Ivor Matanle,,Collecting and using classic cameras,,1986,Thames & Hudson,,Specialist photography publisher backlist: Thames & Hudson,C,5,Work-level metadata only; verify the exact publisher edition and printing.,,,Medium,https://openlibrary.org/works/OL3360812W,BROAD
openlibrary:OL3360813W,Ivor Matanle,,Collecting and using classic SLRs,,1996,Thames & Hudson,,Specialist photography publisher backlist: Thames & Hudson,C,5,Work-level metadata only; verify the exact publisher edition and printing.,,,Medium,https://openlibrary.org/works/OL3360813W,BROAD
openlibrary:OL25731932W,Iwan Baan,Roland Nachtigaller | Jorg Hantzschel,"52 Weeks, 52 Cities",,2014,Kehrer,,Specialist photography publisher backlist: Kehrer,C,5,Work-level metadata only; verify the exact publisher edition and printing.,,,Medium,https://openlibrary.org/works/OL25731932W,BROAD
openlibrary:OL19612605W,J. Abbott Miller,Nancy Dalva,Dance 2wice,,2004,Phaidon,,Specialist photography publisher backlist: Phaidon,C,5,Work-level metadata only; verify the exact publisher edition and printing.,,,Medium,https://openlibrary.org/works/OL19612605W,BROAD
openlibrary:OL16686799W,J. Henry Fair,,The day after tomorrow,,2010,powerHouse Books,,Specialist photography publisher backlist: powerHouse Books,C,5,Work-level metadata only; verify the exact publisher edition and printing.,,,Medium,https://openlibrary.org/works/OL16686799W,BROAD
openlibrary:OL1802870W,J. Paul Getty Museum.,,Masterpieces of the J. Paul Getty Museum,,1993,Thames & Hudson,,Specialist photography publisher backlist: Thames & Hudson,C,5,Work-level metadata only; verify the exact publisher edition and printing.,,,Medium,https://openlibrary.org/works/OL1802870W,BROAD
openlibrary:OL18534719W,J. R. Hale,,The Thames and Hudson encyclopaedia of the Italian Renaissance,,1981,Thames & Hudson,,Specialist photography publisher backlist: Thames & Hudson,C,5,Work-level metadata only; verify the exact publisher edition and printing.,,,Medium,https://openlibrary.org/works/OL18534719W,BROAD
openlibrary:OL32779027W,Jaakko Heikkilä,Anastasii︠a︡ Khoroshilova | G. Nikich,"Jaakko Heikkilä, Anastasia Khoroshilova",,2014,Kehrer,,Specialist photography publisher backlist: Kehrer,C,5,Work-level metadata only; verify the exact publisher edition and printing.,,,Medium,https://openlibrary.org/works/OL32779027W,BROAD
openlibrary:OL21243780W,Jaakko Heikkila,Ritva Rominger-Czako,Silent Talks,,2011,Kehrer,,Specialist photography publisher backlist: Kehrer,C,5,Work-level metadata only; verify the exact publisher edition and printing.,,,Medium,https://openlibrary.org/works/OL21243780W,BROAD
openlibrary:OL25321884W,Jaakko Kahilaniemi,,100 Hectares of Understanding,,2021,Kehrer,,Specialist photography publisher backlist: Kehrer,C,5,Work-level metadata only; verify the exact publisher edition and printing.,,,Medium,https://openlibrary.org/works/OL25321884W,BROAD
openlibrary:OL18540739W,Jack Pierson,,All of a sudden,,1999,powerHouse Books,,Specialist photography publisher backlist: powerHouse Books,C,5,Work-level metadata only; verify the exact publisher edition and printing.,,,Medium,https://openlibrary.org/works/OL18540739W,BROAD
openlibrary:OL17590295W,Jackie Higgins,,David Bailey,,2010,Phaidon,,Specialist photography publisher backlist: Phaidon,C,5,Work-level metadata only; verify the exact publisher edition and printing.,,,Medium,https://openlibrary.org/works/OL17590295W,BROAD
openlibrary:OL21800142W,Jackie Higgins,Max Kozloff,World Atlas of Street Photography,,2014,Thames & Hudson,,Specialist photography publisher backlist: Thames & Hudson,C,5,Work-level metadata only; verify the exact publisher edition and printing.,,,Medium,https://openlibrary.org/works/OL21800142W,BROAD
openlibrary:OL2208678W,Jacqueline Salmon,,Chambres précaires,,2000,Kehrer,,Specialist photography publisher backlist: Kehrer,C,5,Work-level metadata only; verify the exact publisher edition and printing.,,,Medium,https://openlibrary.org/works/OL2208678W,BROAD
openlibrary:OL5846429W,Jamel Shabazz,Jamel Shabazz | Peterson | Killa,A time before crack,,2005,powerHouse Books,,Specialist photography publisher backlist: powerHouse Books,C,5,Work-level metadata only; verify the exact publisher edition and printing.,,,Medium,https://openlibrary.org/works/OL5846429W,BROAD
openlibrary:OL5846430W,Jamel Shabazz,,Seconds of my life,,2007,powerHouse Books,,Specialist photography publisher backlist: powerHouse Books,C,5,Work-level metadata only; verify the exact publisher edition and printing.,,,Medium,https://openlibrary.org/works/OL5846430W,BROAD
openlibrary:OL5846428W,Jamel Shabazz,,The Last Sunday in June,,2003,powerHouse Books,,Specialist photography publisher backlist: powerHouse Books,C,5,Work-level metadata only; verify the exact publisher edition and printing.,,,Medium,https://openlibrary.org/works/OL5846428W,BROAD
openlibrary:OL21230111W,James A. Houston,,Move,,2006,powerHouse Books,,Specialist photography publisher backlist: powerHouse Books,C,5,Work-level metadata only; verify the exact publisher edition and printing.,,,Medium,https://openlibrary.org/works/OL21230111W,BROAD
openlibrary:OL937436W,James Henry Rubin,,Nadar,,2001,Phaidon,,Specialist photography publisher backlist: Phaidon,C,5,Work-level metadata only; verify the exact publisher edition and printing.,,,Medium,https://openlibrary.org/works/OL937436W,BROAD
openlibrary:OL21253463W,James Meek,Andrea Hoyer,Recollections,,2012,Kehrer,,Specialist photography publisher backlist: Kehrer,C,5,Work-level metadata only; verify the exact publisher edition and printing.,,,Medium,https://openlibrary.org/works/OL21253463W,BROAD
openlibrary:OL4653984W,James Nachtwey,,Inferno,,1999,Phaidon,,Specialist photography publisher backlist: Phaidon,C,5,Work-level metadata only; verify the exact publisher edition and printing.,,,Medium,https://openlibrary.org/works/OL4653984W,BROAD
openlibrary:OL21678381W,Jamie Johnson,,Growing up Travelling,,2020,Kehrer,,Specialist photography publisher backlist: Kehrer,C,5,Work-level metadata only; verify the exact publisher edition and printing.,,,Medium,https://openlibrary.org/works/OL21678381W,BROAD
openlibrary:OL19130418W,Jamie Morgan,Mitzi Lorenz,Buffalo,,2000,powerHouse Books,,Specialist photography publisher backlist: powerHouse Books,C,5,Work-level metadata only; verify the exact publisher edition and printing.,,,Medium,https://openlibrary.org/works/OL19130418W,BROAD
openlibrary:OL13455807W,Jan Olofsson,,My 60s,,1994,Taschen,,Specialist photography publisher backlist: Taschen,C,5,Work-level metadata only; verify the exact publisher edition and printing.,,,Medium,https://openlibrary.org/works/OL13455807W,BROAD
openlibrary:OL2283740W,Jan Saudek,,Jan Saudek,,1986,Taschen,,Specialist photography publisher backlist: Taschen,C,5,Work-level metadata only; verify the exact publisher edition and printing.,,,Medium,https://openlibrary.org/works/OL2283740W,BROAD
openlibrary:OL21251121W,Jane Fulton Alt,Jane Fulton Alt | Deborah Gribbon,Burn,,2013,Kehrer,,Specialist photography publisher backlist: Kehrer,C,5,Work-level metadata only; verify the exact publisher edition and printing.,,,Medium,https://openlibrary.org/works/OL21251121W,BROAD
openlibrary:OL3357285W,Jane Livingston,,"Lee Miller, photographer",,1989,Thames & Hudson,,Specialist photography publisher backlist: Thames & Hudson,C,5,Work-level metadata only; verify the exact publisher edition and printing.,,,Medium,https://openlibrary.org/works/OL3357285W,BROAD
openlibrary:OL15622312W,Janette Beckman,Tom Terrell | Bill Adler 1951-,The breaks,,2007,powerHouse Books,,Specialist photography publisher backlist: powerHouse Books,C,5,Work-level metadata only; verify the exact publisher edition and printing.,,,Medium,https://openlibrary.org/works/OL15622312W,BROAD
openlibrary:OL19179196W,Janos Frecot,,Berlin,,1984,Schirmer/Mosel,,Specialist photography publisher backlist: Schirmer/Mosel,C,5,Work-level metadata only; verify the exact publisher edition and printing.,,,Medium,https://openlibrary.org/works/OL19179196W,BROAD
openlibrary:OL22673001W,Janos Frecot,,Berlin und Potsdam,,1980,Schirmer/Mosel,,Specialist photography publisher backlist: Schirmer/Mosel,C,5,Work-level metadata only; verify the exact publisher edition and printing.,,,Medium,https://openlibrary.org/works/OL22673001W,BROAD
openlibrary:OL37558044W,Jason Larkin,,Waiting,,2015,Photoworks,,Specialist photography publisher backlist: Photoworks,C,5,Work-level metadata only; verify the exact publisher edition and printing.,,,Medium,https://openlibrary.org/works/OL37558044W,BROAD
openlibrary:OL11765481W,Jean-Baptiste Mondino,,Guitar eros Mondino,,2005,Schirmer/Mosel,,Specialist photography publisher backlist: Schirmer/Mosel,C,5,Work-level metadata only; verify the exact publisher edition and printing.,,,Medium,https://openlibrary.org/works/OL11765481W,BROAD
openlibrary:OL9025118W,Jean-Baptiste Mondino,,Mondino,,1999,Schirmer/Mosel,,Specialist photography publisher backlist: Schirmer/Mosel,C,5,Work-level metadata only; verify the exact publisher edition and printing.,,,Medium,https://openlibrary.org/works/OL9025118W,BROAD
openlibrary:OL32791625W,Jean-Baptiste Mondino,,Three at last,,2014,Schirmer/Mosel,,Specialist photography publisher backlist: Schirmer/Mosel,C,5,Work-level metadata only; verify the exact publisher edition and printing.,,,Medium,https://openlibrary.org/works/OL32791625W,BROAD
openlibrary:OL11695753W,Jean Baudrillard,,Jean Baudrillard,,1988,Hatje Cantz,,Specialist photography publisher backlist: Hatje Cantz,C,5,Work-level metadata only; verify the exact publisher edition and printing.,,,Medium,https://openlibrary.org/works/OL11695753W,BROAD
openlibrary:OL16235081W,Jean-Noël Jeanneney,,"Henri Cartier-Bresson: The Man, the Image and the World",,2003,Thames & Hudson,,Specialist photography publisher backlist: Thames & Hudson,C,5,Work-level metadata only; verify the exact publisher edition and printing.,,,Medium,https://openlibrary.org/works/OL16235081W,BROAD
openlibrary:OL32693665W,Jean-Robert Dantou,Florence Weber | Solène Billaud | Christian Caujolle,The walls don't speak,,2015,Kehrer,,Specialist photography publisher backlist: Kehrer,C,5,Work-level metadata only; verify the exact publisher edition and printing.,,,Medium,https://openlibrary.org/works/OL32693665W,BROAD
openlibrary:OL8755286W,Jeff Bridges,,Pictures by Jeff Bridges,,2003,powerHouse Books,,Specialist photography publisher backlist: powerHouse Books,C,5,Work-level metadata only; verify the exact publisher edition and printing.,,,Medium,https://openlibrary.org/works/OL8755286W,BROAD
openlibrary:OL12012652W,Jeff Burton,,Dreamland,,2000,powerHouse Books,,Specialist photography publisher backlist: powerHouse Books,C,5,Work-level metadata only; verify the exact publisher edition and printing.,,,Medium,https://openlibrary.org/works/OL12012652W,BROAD
openlibrary:OL18443181W,Jeff Mermelstein,Marvin Heiferman,No title here,,2003,powerHouse Books,,Specialist photography publisher backlist: powerHouse Books,C,5,Work-level metadata only; verify the exact publisher edition and printing.,,,Medium,https://openlibrary.org/works/OL18443181W,BROAD
openlibrary:OL1740669W,Jeff Wall,,Jeff Wall,,1979,Schirmer/Mosel,,Specialist photography publisher backlist: Schirmer/Mosel | Specialist photography publisher backlist: Hatje Cantz | Specialist photography publisher backlist: Steidl,C,5,Work-level metadata only; verify the exact publisher edition and printing.,,,Medium,https://openlibrary.org/works/OL1740669W,BROAD
openlibrary:OL20056637W,Jeffrey A. Wolin,,Jeffrey A. Wolin,,2016,Kehrer,,Specialist photography publisher backlist: Kehrer,C,5,Work-level metadata only; verify the exact publisher edition and printing.,,,Medium,https://openlibrary.org/works/OL20056637W,BROAD
openlibrary:OL5970117W,Jeffrey Rian,,Lewis Baltz,,2001,Phaidon,,Specialist photography publisher backlist: Phaidon,C,5,Work-level metadata only; verify the exact publisher edition and printing.,,,Medium,https://openlibrary.org/works/OL5970117W,BROAD
openlibrary:OL32798176W,Jeffrey Silverthorne,,Jeffrey Silverthorne,,2014,Kehrer,,Specialist photography publisher backlist: Kehrer,C,5,Work-level metadata only; verify the exact publisher edition and printing.,,,Medium,https://openlibrary.org/works/OL32798176W,BROAD
openlibrary:OL17527267W,Jennie Boddy,,Touch Me Im Sick Powerhouse Classics,,2003,powerHouse Books,,Specialist photography publisher backlist: powerHouse Books,C,5,Work-level metadata only; verify the exact publisher edition and printing.,,,Medium,https://openlibrary.org/works/OL17527267W,BROAD
openlibrary:OL20223022W,Jenny Lewis,,Hackney Studios,,2017,Hoxton Mini Press,,Specialist photography publisher backlist: Hoxton Mini Press,C,5,Work-level metadata only; verify the exact publisher edition and printing.,,,Medium,https://openlibrary.org/works/OL20223022W,BROAD
openlibrary:OL21293497W,Jenny Lewis,,One Day Young,,2019,Hoxton Mini Press,,Specialist photography publisher backlist: Hoxton Mini Press,C,5,Work-level metadata only; verify the exact publisher edition and printing.,,,Medium,https://openlibrary.org/works/OL21293497W,BROAD
openlibrary:OL21567113W,Jenny Lewis,,One Day Young in Hackney,,2015,Hoxton Mini Press,,Specialist photography publisher backlist: Hoxton Mini Press,C,5,Work-level metadata only; verify the exact publisher edition and printing.,,,Medium,https://openlibrary.org/works/OL21567113W,BROAD
openlibrary:OL25769237W,Jenny Lewis,,One Hundred Years,,2021,Hoxton Mini Press,,Specialist photography publisher backlist: Hoxton Mini Press,C,5,Work-level metadata only; verify the exact publisher edition and printing.,,,Medium,https://openlibrary.org/works/OL25769237W,BROAD
openlibrary:OL19090758W,Jeong-Hee Lee-Kalisch,Chiba Shigeo,Bae Bien-U: Windscape,,2013,Hatje Cantz,,Specialist photography publisher backlist: Hatje Cantz,C,5,Work-level metadata only; verify the exact publisher edition and printing.,,,Medium,https://openlibrary.org/works/OL19090758W,BROAD
openlibrary:OL21345323W,Jess T. Dugan,Vanessa Fabbre | Karen Irvine,To Survive on This Shore,,2018,Kehrer,,Specialist photography publisher backlist: Kehrer,C,5,Work-level metadata only; verify the exact publisher edition and printing.,,,Medium,https://openlibrary.org/works/OL21345323W,BROAD
openlibrary:OL25326773W,Jessica Backhaus,,Jessica Backhaus,,2021,Kehrer,,Specialist photography publisher backlist: Kehrer,C,5,Work-level metadata only; verify the exact publisher edition and printing.,,,Medium,https://openlibrary.org/works/OL25326773W,BROAD
openlibrary:OL21250513W,Jessica Backhaus,Jean-Christophe Ammann | Elisabeth Biondi,"Once, Still and Forever",,2013,Kehrer,,Specialist photography publisher backlist: Kehrer,C,5,Work-level metadata only; verify the exact publisher edition and printing.,,,Medium,https://openlibrary.org/works/OL21250513W,BROAD
openlibrary:OL17486916W,Jessica Backhaus,,Once Still Forever,,2013,Kehrer,,Specialist photography publisher backlist: Kehrer,C,5,Work-level metadata only; verify the exact publisher edition and printing.,,,Medium,https://openlibrary.org/works/OL17486916W,BROAD
openlibrary:OL13771601W,Jessica Backhaus,,One day in November,,2008,Kehrer,,Specialist photography publisher backlist: Kehrer,C,5,Work-level metadata only; verify the exact publisher edition and printing.,,,Medium,https://openlibrary.org/works/OL13771601W,BROAD
openlibrary:OL21285304W,Jessica Backhaus,Lars Mextorf | Caroline von Courten,Six Degrees of Freedom,,2016,Kehrer,,Specialist photography publisher backlist: Kehrer,C,5,Work-level metadata only; verify the exact publisher edition and printing.,,,Medium,https://openlibrary.org/works/OL21285304W,BROAD
openlibrary:OL25744496W,Jessica Backhaus,Jean Dykstra,Trilogy,,2017,Kehrer,,Specialist photography publisher backlist: Kehrer,C,5,Work-level metadata only; verify the exact publisher edition and printing.,,,Medium,https://openlibrary.org/works/OL25744496W,BROAD
openlibrary:OL21238681W,Jessica Backhaus,Jean Dykstra,What Still Remains,,2009,Kehrer,,Specialist photography publisher backlist: Kehrer,C,5,Work-level metadata only; verify the exact publisher edition and printing.,,,Medium,https://openlibrary.org/works/OL21238681W,BROAD
openlibrary:OL13301996W,Jessica Lange,,50 photographs,,2008,powerHouse Books,,Specialist photography publisher backlist: powerHouse Books,C,5,Work-level metadata only; verify the exact publisher edition and printing.,,,Medium,https://openlibrary.org/works/OL13301996W,BROAD
openlibrary:OL32703794W,Ji Hyun Kwon,,The guilty,,2015,Kehrer,,Specialist photography publisher backlist: Kehrer,C,5,Work-level metadata only; verify the exact publisher edition and printing.,,,Medium,https://openlibrary.org/works/OL32703794W,BROAD
openlibrary:OL12033038W,Jim Jocoy,Jim Jocoy | Thurston Moore | Exene Cervenka,We're desperate,,2002,powerHouse Books,,Specialist photography publisher backlist: powerHouse Books,C,5,Work-level metadata only; verify the exact publisher edition and printing.,,,Medium,https://openlibrary.org/works/OL12033038W,BROAD
openlibrary:OL16485398W,Jim Mangan,,Winter's children,,2011,powerHouse Books,,Specialist photography publisher backlist: powerHouse Books,C,5,Work-level metadata only; verify the exact publisher edition and printing.,,,Medium,https://openlibrary.org/works/OL16485398W,BROAD
openlibrary:OL2112717W,Jim Rakete,,Jim Rakete,,1997,Schirmer/Mosel,,Specialist photography publisher backlist: Schirmer/Mosel,C,5,Work-level metadata only; verify the exact publisher edition and printing.,,,Medium,https://openlibrary.org/works/OL2112717W,BROAD
openlibrary:OL12066987W,Jimmy Katz,,Salt dreams,,2005,powerHouse Books,,Specialist photography publisher backlist: powerHouse Books,C,5,Work-level metadata only; verify the exact publisher edition and printing.,,,Medium,https://openlibrary.org/works/OL12066987W,BROAD
openlibrary:OL13755715W,Jitka Hanzlová,,Female,,2000,Schirmer/Mosel,,Specialist photography publisher backlist: Schirmer/Mosel,C,5,Work-level metadata only; verify the exact publisher edition and printing.,,,Medium,https://openlibrary.org/works/OL13755715W,BROAD
openlibrary:OL31816268W,Joachim Brohm,,Joachim Brohm,,2009,Schirmer/Mosel,,Specialist photography publisher backlist: Schirmer/Mosel | Specialist photography publisher backlist: Steidl,C,5,Work-level metadata only; verify the exact publisher edition and printing.,,,Medium,https://openlibrary.org/works/OL31816268W,BROAD
openlibrary:OL12278865W,Joachim Schmid,Joan Fontcuberta | Frits Gierstberg | Stephen Bull,Joachim Schmid,,2007,Photoworks,,Specialist photography publisher backlist: Photoworks | Specialist photography publisher backlist: Steidl,C,5,Work-level metadata only; verify the exact publisher edition and printing.,,,Medium,https://openlibrary.org/works/OL12278865W,BROAD
openlibrary:OL4752686W,Joanne Lukitsh,,Julia Margaret Cameron,,2001,Phaidon,,Specialist photography publisher backlist: Phaidon,C,5,Work-level metadata only; verify the exact publisher edition and printing.,,,Medium,https://openlibrary.org/works/OL4752686W,BROAD
openlibrary:OL8925927W,Joel Grey,,Pictures I Had to Take,,2003,powerHouse Books,,Specialist photography publisher backlist: powerHouse Books,C,5,Work-level metadata only; verify the exact publisher edition and printing.,,,Medium,https://openlibrary.org/works/OL8925927W,BROAD
openlibrary:OL20803911W,Joerg Colberg,,Hellen Van Meene,,2009,Schirmer/Mosel,,Specialist photography publisher backlist: Schirmer/Mosel,C,5,Work-level metadata only; verify the exact publisher edition and printing.,,,Medium,https://openlibrary.org/works/OL20803911W,BROAD
openlibrary:OL31580238W,Johan Nieuwenhuize,,IMG_,,2014,Kehrer,,Specialist photography publisher backlist: Kehrer,C,5,Work-level metadata only; verify the exact publisher edition and printing.,,,Medium,https://openlibrary.org/works/OL31580238W,BROAD
openlibrary:OL9870430W,Johanna Lenander,,Hair Wars,,2007,powerHouse Books,,Specialist photography publisher backlist: powerHouse Books,C,5,Work-level metadata only; verify the exact publisher edition and printing.,,,Medium,https://openlibrary.org/works/OL9870430W,BROAD
openlibrary:OL20162568W,Johanna Neurath,,After the Flower Market,,2019,Hoxton Mini Press,,Specialist photography publisher backlist: Hoxton Mini Press,C,5,Work-level metadata only; verify the exact publisher edition and printing.,,,Medium,https://openlibrary.org/works/OL20162568W,BROAD
openlibrary:OL2507776W,Johannes Muggenthaler,,Der Liebe Pilgerfahrt,,1992,Schirmer/Mosel,,Specialist photography publisher backlist: Schirmer/Mosel,C,5,Work-level metadata only; verify the exact publisher edition and printing.,,,Medium,https://openlibrary.org/works/OL2507776W,BROAD
openlibrary:OL10555251W,John Baldessari,,John Baldessari,,1981,Cornerhouse,,Specialist photography publisher backlist: Cornerhouse,C,5,Work-level metadata only; verify the exact publisher edition and printing.,,,Medium,https://openlibrary.org/works/OL10555251W,BROAD
openlibrary:OL6566797W,John Cohen,,There Is No Eye,,2003,powerHouse Books,,Specialist photography publisher backlist: powerHouse Books,C,5,Work-level metadata only; verify the exact publisher edition and printing.,,,Medium,https://openlibrary.org/works/OL6566797W,BROAD
openlibrary:OL3033367W,John Coplans,,A body,,2002,powerHouse Books,,Specialist photography publisher backlist: powerHouse Books,C,5,Work-level metadata only; verify the exact publisher edition and printing.,,,Medium,https://openlibrary.org/works/OL3033367W,BROAD
openlibrary:OL3033354W,John Coplans,,Body parts,,2003,powerHouse Books,,Specialist photography publisher backlist: powerHouse Books,C,5,Work-level metadata only; verify the exact publisher edition and printing.,,,Medium,https://openlibrary.org/works/OL3033354W,BROAD
openlibrary:OL21384208W,John Ganis,,Consuming the American Landscape,,2003,powerHouse Books,,Specialist photography publisher backlist: powerHouse Books,C,5,Work-level metadata only; verify the exact publisher edition and printing.,,,Medium,https://openlibrary.org/works/OL21384208W,BROAD
openlibrary:OL2974412W,John Gruen,,Callas kissed me... Lenny too!,,2008,powerHouse Books,,Specialist photography publisher backlist: powerHouse Books,C,5,Work-level metadata only; verify the exact publisher edition and printing.,,,Medium,https://openlibrary.org/works/OL2974412W,BROAD
openlibrary:OL10463330W,John Hilliard,,John Hilliard,,1983,Cornerhouse,,Specialist photography publisher backlist: Cornerhouse,C,5,Work-level metadata only; verify the exact publisher edition and printing.,,,Medium,https://openlibrary.org/works/OL10463330W,BROAD
openlibrary:OL19641282W,John Loengard,,Age of Silver: Encounters with Great Photographers,,2011,powerHouse Books,,Specialist photography publisher backlist: powerHouse Books,C,5,Work-level metadata only; verify the exact publisher edition and printing.,,,Medium,https://openlibrary.org/works/OL19641282W,BROAD
openlibrary:OL1859380W,John Loengard,,As I see it,,2005,Thames & Hudson,,Specialist photography publisher backlist: Thames & Hudson,C,5,Work-level metadata only; verify the exact publisher edition and printing.,,,Medium,https://openlibrary.org/works/OL1859380W,BROAD
openlibrary:OL1859384W,John Loengard,,Life classic photographs,,1988,Thames & Hudson,,Specialist photography publisher backlist: Thames & Hudson,C,5,Work-level metadata only; verify the exact publisher edition and printing.,,,Medium,https://openlibrary.org/works/OL1859384W,BROAD
openlibrary:OL20172774W,John Mack,,At Their Home,,2018,powerHouse Books,,Specialist photography publisher backlist: powerHouse Books,C,5,Work-level metadata only; verify the exact publisher edition and printing.,,,Medium,https://openlibrary.org/works/OL20172774W,BROAD
openlibrary:OL16643928W,John Pawson,,A visual Inventory,,2012,Phaidon,,Specialist photography publisher backlist: Phaidon,C,5,Work-level metadata only; verify the exact publisher edition and printing.,,,Medium,https://openlibrary.org/works/OL16643928W,BROAD
openlibrary:OL3811465W,John Taylor,,Ideal Home,,1989,Cornerhouse,,Specialist photography publisher backlist: Cornerhouse,C,5,Work-level metadata only; verify the exact publisher edition and printing.,,,Medium,https://openlibrary.org/works/OL3811465W,BROAD
openlibrary:OL535539W,John Willie,,The complete reprint of John Willie's Bizarre,,1995,Taschen,,Specialist photography publisher backlist: Taschen,C,5,Work-level metadata only; verify the exact publisher edition and printing.,,,Medium,https://openlibrary.org/works/OL535539W,BROAD
openlibrary:OL13559040W,Johnny Magee,,On dog hair and sand,,1995,Cornerhouse,,Specialist photography publisher backlist: Cornerhouse,C,5,Work-level metadata only; verify the exact publisher edition and printing.,,,Medium,https://openlibrary.org/works/OL13559040W,BROAD
openlibrary:OL21243511W,Jon Hendricks,Jeffrey Silverthorne | Lars Schwander | Anne Biroleau-Lemagny,Jeffrey Silverthorne,,2010,Kehrer,,Specialist photography publisher backlist: Kehrer,C,5,Work-level metadata only; verify the exact publisher edition and printing.,,,Medium,https://openlibrary.org/works/OL21243511W,BROAD
openlibrary:OL20169613W,Jonathan Brand,,Lower East and Upper West,,2018,powerHouse Books,,Specialist photography publisher backlist: powerHouse Books,C,5,Work-level metadata only; verify the exact publisher edition and printing.,,,Medium,https://openlibrary.org/works/OL20169613W,BROAD
openlibrary:OL5784495W,Jonathan Elderfield,,Living under South Street,,2003,Kehrer,,Specialist photography publisher backlist: Kehrer,C,5,Work-level metadata only; verify the exact publisher edition and printing.,,,Medium,https://openlibrary.org/works/OL5784495W,BROAD
openlibrary:OL21583485W,Jonna Kina,,Jonna Kina,,2015,Kehrer,,Specialist photography publisher backlist: Kehrer,C,5,Work-level metadata only; verify the exact publisher edition and printing.,,,Medium,https://openlibrary.org/works/OL21583485W,BROAD
openlibrary:OL20524746W,Jörg Restorff,,Frank Kunert,,2018,Hatje Cantz,,Specialist photography publisher backlist: Hatje Cantz,C,5,Work-level metadata only; verify the exact publisher edition and printing.,,,Medium,https://openlibrary.org/works/OL20524746W,BROAD
openlibrary:OL22575357W,Jörg Schellmann,Thomas Ruff | Thomas Weski,Thomas Ruff : Editions 1988–2014,,2015,Hatje Cantz,,Specialist photography publisher backlist: Hatje Cantz,C,5,Work-level metadata only; verify the exact publisher edition and printing.,,,Medium,https://openlibrary.org/works/OL22575357W,BROAD
openlibrary:OL15071730W,Jose Alvarez,,Helmut Newton,,2001,Schirmer/Mosel,,Specialist photography publisher backlist: Schirmer/Mosel,C,5,Work-level metadata only; verify the exact publisher edition and printing.,,,Medium,https://openlibrary.org/works/OL15071730W,BROAD
openlibrary:OL11544362W,Josef Breitenbach,,Joseph Breitenbach,,1996,Schirmer/Mosel,,Specialist photography publisher backlist: Schirmer/Mosel,C,5,Work-level metadata only; verify the exact publisher edition and printing.,,,Medium,https://openlibrary.org/works/OL11544362W,BROAD
openlibrary:OL4195172W,Josef Koudelka,,Chaos,,1999,Phaidon,,Specialist photography publisher backlist: Phaidon,C,5,Work-level metadata only; verify the exact publisher edition and printing.,,,Medium,https://openlibrary.org/works/OL4195172W,BROAD
openlibrary:OL21649788W,Joseph Ford,Nina Dodd,Invisible Jumpers,,2019,Hoxton Mini Press,,Specialist photography publisher backlist: Hoxton Mini Press,C,5,Work-level metadata only; verify the exact publisher edition and printing.,,,Medium,https://openlibrary.org/works/OL21649788W,BROAD
openlibrary:OL19923875W,Joseph Rodriguez,Nell Bernstein,Juvenile,,2004,powerHouse Books,,Specialist photography publisher backlist: powerHouse Books,C,5,Work-level metadata only; verify the exact publisher edition and printing.,,,Medium,https://openlibrary.org/works/OL19923875W,BROAD
openlibrary:OL21339093W,Joshua Blackburn,,Launderama,,2019,Hoxton Mini Press,,Specialist photography publisher backlist: Hoxton Mini Press,C,5,Work-level metadata only; verify the exact publisher edition and printing.,,,Medium,https://openlibrary.org/works/OL21339093W,BROAD
openlibrary:OL21215877W,", JR, J. R.",Joseph Remnant | Nato Thompson,JR,,2019,Phaidon,,Specialist photography publisher backlist: Phaidon,C,5,Work-level metadata only; verify the exact publisher edition and printing.,,,Medium,https://openlibrary.org/works/OL21215877W,BROAD
openlibrary:OL3740332W,Judith Keller,,Ralph Eugene Meatyard,,2002,Phaidon,,Specialist photography publisher backlist: Phaidon,C,5,Work-level metadata only; verify the exact publisher edition and printing.,,,Medium,https://openlibrary.org/works/OL3740332W,BROAD
openlibrary:OL5969586W,Julia Calfee,,Inside,,2008,powerHouse Books,,Specialist photography publisher backlist: powerHouse Books,C,5,Work-level metadata only; verify the exact publisher edition and printing.,,,Medium,https://openlibrary.org/works/OL5969586W,BROAD
openlibrary:OL21305101W,Julia Calfee,Tarcisius Schelbert,Messages from Another World,,2019,Kehrer,,Specialist photography publisher backlist: Kehrer,C,5,Work-level metadata only; verify the exact publisher edition and printing.,,,Medium,https://openlibrary.org/works/OL21305101W,BROAD
openlibrary:OL18535096W,Julia Friedrich,Judith Butler | Douglas Crimp | Diedrich Diederichsen,Das achte Feld,,2006,Hatje Cantz,,Specialist photography publisher backlist: Hatje Cantz,C,5,Work-level metadata only; verify the exact publisher edition and printing.,,,Medium,https://openlibrary.org/works/OL18535096W,BROAD
openlibrary:OL17432974W,Julia Van Haaften,,Vivian Cherrys New York Photographs By Vivian Cherry Introduction By Julia Van Haaften,,2010,powerHouse Books,,Specialist photography publisher backlist: powerHouse Books,C,5,Work-level metadata only; verify the exact publisher edition and printing.,,,Medium,https://openlibrary.org/works/OL17432974W,BROAD
openlibrary:OL20223158W,Julian Mahrlein,,London Youth,,2017,Hoxton Mini Press,,Specialist photography publisher backlist: Hoxton Mini Press,C,5,Work-level metadata only; verify the exact publisher edition and printing.,,,Medium,https://openlibrary.org/works/OL20223158W,BROAD
openlibrary:OL31639238W,Julian Nida-Rümelin,Jakob Steinbrenner | Dominic Lopes,Fotografie zwischen Inszenierung und Dokumentation,,2012,Hatje Cantz,,Specialist photography publisher backlist: Hatje Cantz,C,5,Work-level metadata only; verify the exact publisher edition and printing.,,,Medium,https://openlibrary.org/works/OL31639238W,BROAD
openlibrary:OL1741958W,Julian Schnabel,"Rosenblum, Robert.",Julian Schnabel,,1981,Hatje Cantz,,Specialist photography publisher backlist: Hatje Cantz,C,5,Work-level metadata only; verify the exact publisher edition and printing.,,,Medium,https://openlibrary.org/works/OL1741958W,BROAD
openlibrary:OL2981756W,Julian Stallabrass,,Adam Broomberg & Oliver Chanarin,,2007,Photoworks,,Specialist photography publisher backlist: Photoworks | Specialist photography publisher backlist: Steidl,C,5,Work-level metadata only; verify the exact publisher edition and printing.,,,Medium,https://openlibrary.org/works/OL2981756W,BROAD
openlibrary:OL23136950W,Julian Stallabrass,,Memory of fire,,2013,Photoworks,,Specialist photography publisher backlist: Photoworks,C,5,Work-level metadata only; verify the exact publisher edition and printing.,,,Medium,https://openlibrary.org/works/OL23136950W,BROAD
openlibrary:OL20388002W,"Juliet; Campany, David Hacking",,Photography,,2012,Thames & Hudson,,Specialist photography publisher backlist: Thames & Hudson,C,5,Work-level metadata only; verify the exact publisher edition and printing.,,,Medium,https://openlibrary.org/works/OL20388002W,BROAD
openlibrary:OL19974635W,Juliet Hacking,,Photography,,2012,Thames & Hudson,,Specialist photography publisher backlist: Thames & Hudson,C,5,Work-level metadata only; verify the exact publisher edition and printing.,,,Medium,https://openlibrary.org/works/OL19974635W,BROAD
openlibrary:OL16527991W,Julius Shulman,,The last decade,,2010,Kehrer,,Specialist photography publisher backlist: Kehrer,C,5,Work-level metadata only; verify the exact publisher edition and printing.,,,Medium,https://openlibrary.org/works/OL16527991W,BROAD
openlibrary:OL21568784W,Jung A. Kim,,Reminiscence,,2015,Kehrer,,Specialist photography publisher backlist: Kehrer,C,5,Work-level metadata only; verify the exact publisher edition and printing.,,,Medium,https://openlibrary.org/works/OL21568784W,BROAD
openlibrary:OL16686620W,Jürgen Harten,,Michael Wesely,,2010,Schirmer/Mosel,,Specialist photography publisher backlist: Schirmer/Mosel,C,5,Work-level metadata only; verify the exact publisher edition and printing.,,,Medium,https://openlibrary.org/works/OL16686620W,BROAD
openlibrary:OL2487553W,Jurgen Klauke,Jurgen Klanke | Cindy Sherman,"Jurgen Klauke, Cindy Sherman",,1994,Hatje Cantz,,Specialist photography publisher backlist: Hatje Cantz,C,5,Work-level metadata only; verify the exact publisher edition and printing.,,,Medium,https://openlibrary.org/works/OL2487553W,BROAD
openlibrary:OL21559321W,Juul Kraijer,,Penumbrae,,2014,Kehrer,,Specialist photography publisher backlist: Kehrer,C,5,Work-level metadata only; verify the exact publisher edition and printing.,,,Medium,https://openlibrary.org/works/OL21559321W,BROAD
openlibrary:OL21260104W,Kalia Brooks,Daniel Traub,North Philadelphia,,2014,Kehrer,,Specialist photography publisher backlist: Kehrer,C,5,Work-level metadata only; verify the exact publisher edition and printing.,,,Medium,https://openlibrary.org/works/OL21260104W,BROAD
openlibrary:OL20201092W,Karen Haberberg,,An Ordinary Day,,2017,powerHouse Books,,Specialist photography publisher backlist: powerHouse Books,C,5,Work-level metadata only; verify the exact publisher edition and printing.,,,Medium,https://openlibrary.org/works/OL20201092W,BROAD
openlibrary:OL32223980W,Karen Irmer,,Karen Irmer,,2012,Kehrer,,Specialist photography publisher backlist: Kehrer,C,5,Work-level metadata only; verify the exact publisher edition and printing.,,,Medium,https://openlibrary.org/works/OL32223980W,BROAD
openlibrary:OL21286545W,Karen Irvine,Daniel Coburn | Kirsten Pai Buick,Hereditary Estate,,2015,Kehrer,,Specialist photography publisher backlist: Kehrer,C,5,Work-level metadata only; verify the exact publisher edition and printing.,,,Medium,https://openlibrary.org/works/OL21286545W,BROAD
openlibrary:OL25314507W,Karen Marshall,Teun van der Heijden,Between Girls,,2021,Kehrer,,Specialist photography publisher backlist: Kehrer,C,5,Work-level metadata only; verify the exact publisher edition and printing.,,,Medium,https://openlibrary.org/works/OL25314507W,BROAD
openlibrary:OL18930095W,Karl Blossfeldt,David Elliott,Karl Blossfeldt,,1978,Schirmer/Mosel,,Specialist photography publisher backlist: Schirmer/Mosel,C,5,Work-level metadata only; verify the exact publisher edition and printing.,,,Medium,https://openlibrary.org/works/OL18930095W,BROAD
openlibrary:OL1636221W,Karl Blossfeldt,,Urformen der Kunst,,1928,Schirmer/Mosel,,Specialist photography publisher backlist: Schirmer/Mosel,C,5,Work-level metadata only; verify the exact publisher edition and printing.,,,Medium,https://openlibrary.org/works/OL1636221W,BROAD
openlibrary:OL29244121W,Karl Lagerfeld,Helmut Newton,Helmut Newton,,2004,Schirmer/Mosel,,Specialist photography publisher backlist: Schirmer/Mosel,C,5,Work-level metadata only; verify the exact publisher edition and printing.,,,Medium,https://openlibrary.org/works/OL29244121W,BROAD
openlibrary:OL31188004W,Karl Lagerfeld,Peter Lindbergh,Peter Lindbergh,,2004,Schirmer/Mosel,,Specialist photography publisher backlist: Schirmer/Mosel,C,5,Work-level metadata only; verify the exact publisher edition and printing.,,,Medium,https://openlibrary.org/works/OL31188004W,BROAD
openlibrary:OL24127687W,Karl Müller,,Kleine Digitale Malklasse,,2008,Kehrer,,Specialist photography publisher backlist: Kehrer,C,5,Work-level metadata only; verify the exact publisher edition and printing.,,,Medium,https://openlibrary.org/works/OL24127687W,BROAD
openlibrary:OL32705254W,Karolin Back,,Play loud,,2017,Kehrer,,Specialist photography publisher backlist: Kehrer,C,5,Work-level metadata only; verify the exact publisher edition and printing.,,,Medium,https://openlibrary.org/works/OL32705254W,BROAD
openlibrary:OL10855902W,Kartell (Firm),Franca Sozzani | Luca Stoppini,Kartell,,2002,Thames & Hudson,,Specialist photography publisher backlist: Thames & Hudson,C,5,Work-level metadata only; verify the exact publisher edition and printing.,,,Medium,https://openlibrary.org/works/OL10855902W,BROAD
openlibrary:OL18637707W,Katharina Mayer,,Familia,,2009,Kehrer,,Specialist photography publisher backlist: Kehrer,C,5,Work-level metadata only; verify the exact publisher edition and printing.,,,Medium,https://openlibrary.org/works/OL18637707W,BROAD
openlibrary:OL21296700W,KayLynn Deveney,Hank Stuever | Jean Valjean Vandruff,All You Can Lose Is Your Heart,,2015,Kehrer,,Specialist photography publisher backlist: Kehrer,C,5,Work-level metadata only; verify the exact publisher edition and printing.,,,Medium,https://openlibrary.org/works/OL21296700W,BROAD
openlibrary:OL2056458W,Keiichi Tahara,,Art nouveau,,2000,Thames & Hudson,,Specialist photography publisher backlist: Thames & Hudson,C,5,Work-level metadata only; verify the exact publisher edition and printing.,,,Medium,https://openlibrary.org/works/OL2056458W,BROAD
openlibrary:OL21616634W,Ken Hermann,,Flower Men,,2017,Kehrer,,Specialist photography publisher backlist: Kehrer,C,5,Work-level metadata only; verify the exact publisher edition and printing.,,,Medium,https://openlibrary.org/works/OL21616634W,BROAD
openlibrary:OL20780714W,Kenji Toma,,The Most Beautiful Flowers,,2017,Kehrer,,Specialist photography publisher backlist: Kehrer,C,5,Work-level metadata only; verify the exact publisher edition and printing.,,,Medium,https://openlibrary.org/works/OL20780714W,BROAD
openlibrary:OL27849278W,Kentaro Kumon,Marc Prust,Nemurushima,,2022,Kehrer,,Specialist photography publisher backlist: Kehrer,C,5,Work-level metadata only; verify the exact publisher edition and printing.,,,Medium,https://openlibrary.org/works/OL27849278W,BROAD
openlibrary:OL9060651W,Keti Kapanadze,,Not Only Hands but Shoulders,,2004,Kehrer,,Specialist photography publisher backlist: Kehrer,C,5,Work-level metadata only; verify the exact publisher edition and printing.,,,Medium,https://openlibrary.org/works/OL9060651W,BROAD
openlibrary:OL13721958W,Kevin Lynch,,Watercolors,,2009,powerHouse Books,,Specialist photography publisher backlist: powerHouse Books,C,5,Work-level metadata only; verify the exact publisher edition and printing.,,,Medium,https://openlibrary.org/works/OL13721958W,BROAD
openlibrary:OL16475396W,Kim Badawi,,The Taqwacores,,2009,powerHouse Books,,Specialist photography publisher backlist: powerHouse Books,C,5,Work-level metadata only; verify the exact publisher edition and printing.,,,Medium,https://openlibrary.org/works/OL16475396W,BROAD
openlibrary:OL16149950W,Kirill Golovchenko,,Kirill Golovchenko,,2009,Kehrer,,Specialist photography publisher backlist: Kehrer,C,5,Work-level metadata only; verify the exact publisher edition and printing.,,,Medium,https://openlibrary.org/works/OL16149950W,BROAD
openlibrary:OL15021271W,Klaus Honnef,,"Bilder, die noch fehlten. Zeitgenössische Fotografie",,2000,Hatje Cantz,,Specialist photography publisher backlist: Hatje Cantz,C,5,Work-level metadata only; verify the exact publisher edition and printing.,,,Medium,https://openlibrary.org/works/OL15021271W,BROAD
openlibrary:OL15410422W,Klaus Honnef,,Hannes Kilian 1909-1999,,2009,Hatje Cantz,,Specialist photography publisher backlist: Hatje Cantz,C,5,Work-level metadata only; verify the exact publisher edition and printing.,,,Medium,https://openlibrary.org/works/OL15410422W,BROAD
openlibrary:OL20018386W,"Knight, Nick",,Flora,,2014,Schirmer/Mosel,,Specialist photography publisher backlist: Schirmer/Mosel,C,5,Work-level metadata only; verify the exact publisher edition and printing.,,,Medium,https://openlibrary.org/works/OL20018386W,BROAD
openlibrary:OL16213102W,Konrad R. Müller,,Konrad Rufus Müller Licht-Gestalten,,2010,Kehrer,,Specialist photography publisher backlist: Kehrer,C,5,Work-level metadata only; verify the exact publisher edition and printing.,,,Medium,https://openlibrary.org/works/OL16213102W,BROAD
openlibrary:OL16591467W,Kristen Lubben,,Magnum contact sheets,,2011,Thames & Hudson,,Specialist photography publisher backlist: Thames & Hudson,C,5,Work-level metadata only; verify the exact publisher edition and printing.,,,Medium,https://openlibrary.org/works/OL16591467W,BROAD
openlibrary:OL33035615W,Kristin Dittrich,,Im Verborgenen,,2010,Kehrer,,Specialist photography publisher backlist: Kehrer,C,5,Work-level metadata only; verify the exact publisher edition and printing.,,,Medium,https://openlibrary.org/works/OL33035615W,BROAD
openlibrary:OL32656872W,Krzysztof Pijarski,,Lives of the unholy,,2014,Kehrer,,Specialist photography publisher backlist: Kehrer,C,5,Work-level metadata only; verify the exact publisher edition and printing.,,,Medium,https://openlibrary.org/works/OL32656872W,BROAD
openlibrary:OL21646274W,Kunstforum Wien,Toby Binder,Wee Muckers,,2019,Kehrer,,Specialist photography publisher backlist: Kehrer,C,5,Work-level metadata only; verify the exact publisher edition and printing.,,,Medium,https://openlibrary.org/works/OL21646274W,BROAD
openlibrary:OL19410303W,Kurt Kocherscheidt,Heinz Liesbrock,Brustrauschen: zum Werkdialog von Kurt Kocherscheidt und Wolfgang Riehm,,2001,Hatje Cantz,,Specialist photography publisher backlist: Hatje Cantz,C,5,Work-level metadata only; verify the exact publisher edition and printing.,,,Medium,https://openlibrary.org/works/OL19410303W,BROAD
openlibrary:OL5736022W,Lalla Essaydi,,Les femmes du Maroc,,2009,powerHouse Books,,Specialist photography publisher backlist: powerHouse Books,C,5,Work-level metadata only; verify the exact publisher edition and printing.,,,Medium,https://openlibrary.org/works/OL5736022W,BROAD
openlibrary:OL9870429W,Lana Slezic,,Forsaken Afghan Women,,2007,powerHouse Books,,Specialist photography publisher backlist: powerHouse Books,C,5,Work-level metadata only; verify the exact publisher edition and printing.,,,Medium,https://openlibrary.org/works/OL9870429W,BROAD
openlibrary:OL19533171W,"Lange, Susanne",,Bernd und Hilla Becher,,2002,Schirmer/Mosel,,Specialist photography publisher backlist: Schirmer/Mosel,C,5,Work-level metadata only; verify the exact publisher edition and printing.,,,Medium,https://openlibrary.org/works/OL19533171W,BROAD
openlibrary:OL3592375W,"Lange, Susanne",,"Was wir tun, ist letztlich Geschichten erzählen--",,2005,Schirmer/Mosel,,Specialist photography publisher backlist: Schirmer/Mosel,C,5,Work-level metadata only; verify the exact publisher edition and printing.,,,Medium,https://openlibrary.org/works/OL3592375W,BROAD
openlibrary:OL32639148W,Lara Ciarabellini,,Somnambulism,,2015,Kehrer,,Specialist photography publisher backlist: Kehrer,C,5,Work-level metadata only; verify the exact publisher edition and printing.,,,Medium,https://openlibrary.org/works/OL32639148W,BROAD
openlibrary:OL63804W,Larry Fink,,Boxing,,1997,powerHouse Books,,Specialist photography publisher backlist: powerHouse Books,C,5,Work-level metadata only; verify the exact publisher edition and printing.,,,Medium,https://openlibrary.org/works/OL63804W,BROAD
openlibrary:OL63803W,Larry Fink,,Runway,,2000,powerHouse Books,,Specialist photography publisher backlist: powerHouse Books,C,5,Work-level metadata only; verify the exact publisher edition and printing.,,,Medium,https://openlibrary.org/works/OL63803W,BROAD
openlibrary:OL63805W,Larry Fink,,Social graces,,1984,powerHouse Books,,Specialist photography publisher backlist: powerHouse Books,C,5,Work-level metadata only; verify the exact publisher edition and printing.,,,Medium,https://openlibrary.org/works/OL63805W,BROAD
openlibrary:OL5526684W,Laszlo Glozer,,Wols Photograph,,1978,Schirmer/Mosel,,Specialist photography publisher backlist: Schirmer/Mosel,C,5,Work-level metadata only; verify the exact publisher edition and printing.,,,Medium,https://openlibrary.org/works/OL5526684W,BROAD
openlibrary:OL2561230W,László Moholy-Nagy,,"Moholy-Nagy, Fotos und Fotogramme",,1978,Schirmer/Mosel,,Specialist photography publisher backlist: Schirmer/Mosel,C,5,Work-level metadata only; verify the exact publisher edition and printing.,,,Medium,https://openlibrary.org/works/OL2561230W,BROAD
openlibrary:OL21150124W,Latif Al Ani,Morad Montazami,Latif Al Ani,,2017,Hatje Cantz,,Specialist photography publisher backlist: Hatje Cantz,C,5,Work-level metadata only; verify the exact publisher edition and printing.,,,Medium,https://openlibrary.org/works/OL21150124W,BROAD
openlibrary:OL29314598W,Laura Mirsky,Mark Rotenberg,Forbidden Erotica,,2005,Taschen,,Specialist photography publisher backlist: Taschen,C,5,Work-level metadata only; verify the exact publisher edition and printing.,,,Medium,https://openlibrary.org/works/OL29314598W,BROAD
openlibrary:OL17546862W,Laurel Nakadate,,Laurel Nakadate365 Days A Catalogue Of Tears,,2012,Hatje Cantz,,Specialist photography publisher backlist: Hatje Cantz,C,5,Work-level metadata only; verify the exact publisher edition and printing.,,,Medium,https://openlibrary.org/works/OL17546862W,BROAD
openlibrary:OL20162757W,Laurence Stephens,,Bored Tourists,,2019,Hoxton Mini Press,,Specialist photography publisher backlist: Hoxton Mini Press,C,5,Work-level metadata only; verify the exact publisher edition and printing.,,,Medium,https://openlibrary.org/works/OL20162757W,BROAD
openlibrary:OL22611992W,Laurenz Berges,,Laurenz Berges,,2011,Schirmer/Mosel,,Specialist photography publisher backlist: Schirmer/Mosel,C,5,Work-level metadata only; verify the exact publisher edition and printing.,,,Medium,https://openlibrary.org/works/OL22611992W,BROAD
openlibrary:OL9870432W,Le Bijoutier,,This Means Nothing,,2008,powerHouse Books,,Specialist photography publisher backlist: powerHouse Books,C,5,Work-level metadata only; verify the exact publisher edition and printing.,,,Medium,https://openlibrary.org/works/OL9870432W,BROAD
openlibrary:OL25756903W,Lee Friedlander,Giancarlo T. Roma,Friedlander First Fifty,,2019,powerHouse Books,,Specialist photography publisher backlist: powerHouse Books,C,5,Work-level metadata only; verify the exact publisher edition and printing.,,,Medium,https://openlibrary.org/works/OL25756903W,BROAD
openlibrary:OL21704604W,Lee Friedlander,,Shadow Knows,,2020,powerHouse Books,,Specialist photography publisher backlist: powerHouse Books,C,5,Work-level metadata only; verify the exact publisher edition and printing.,,,Medium,https://openlibrary.org/works/OL21704604W,BROAD
openlibrary:OL25776290W,Len Prince,Matt Tyrnauer | Brian Wallis,KALI Ltd. Ed,,2021,powerHouse Books,,Specialist photography publisher backlist: powerHouse Books,C,5,Work-level metadata only; verify the exact publisher edition and printing.,,,Medium,https://openlibrary.org/works/OL25776290W,BROAD
openlibrary:OL20168888W,Lena Fritsch,,Ravens and Red Lipstick,,2018,Thames & Hudson,,Specialist photography publisher backlist: Thames & Hudson,C,5,Work-level metadata only; verify the exact publisher edition and printing.,,,Medium,https://openlibrary.org/works/OL20168888W,BROAD
openlibrary:OL32638988W,Lena Rosa Händle,,Lena Rosa Händle,,2015,Kehrer,,Specialist photography publisher backlist: Kehrer,C,5,Work-level metadata only; verify the exact publisher edition and printing.,,,Medium,https://openlibrary.org/works/OL32638988W,BROAD
openlibrary:OL21678380W,Lene Marie Fossen,,Gatekeeper,,2020,Kehrer,,Specialist photography publisher backlist: Kehrer,C,5,Work-level metadata only; verify the exact publisher edition and printing.,,,Medium,https://openlibrary.org/works/OL21678380W,BROAD
openlibrary:OL17485132W,Leo Braudy,,Suburban Knights A Return To The Middle Ages,,2010,powerHouse Books,,Specialist photography publisher backlist: powerHouse Books,C,5,Work-level metadata only; verify the exact publisher edition and printing.,,,Medium,https://openlibrary.org/works/OL17485132W,BROAD
openlibrary:OL11531374W,Leonard Freed,,Leonard Freed,,1991,Cornerhouse,,Specialist photography publisher backlist: Cornerhouse,C,5,Work-level metadata only; verify the exact publisher edition and printing.,,,Medium,https://openlibrary.org/works/OL11531374W,BROAD
openlibrary:OL5970743W,Lesley Lawson,,David Goldblatt,,2001,Phaidon,,Specialist photography publisher backlist: Phaidon,C,5,Work-level metadata only; verify the exact publisher edition and printing.,,,Medium,https://openlibrary.org/works/OL5970743W,BROAD
openlibrary:OL8925920W,Leslie Lyons,,Strip Flips,,2001,powerHouse Books,,Specialist photography publisher backlist: powerHouse Books,C,5,Work-level metadata only; verify the exact publisher edition and printing.,,,Medium,https://openlibrary.org/works/OL8925920W,BROAD
openlibrary:OL8925919W,Leslie Lyons,,Strip Flips! A Series of Erotic Flipbooks (Lyle),,2002,powerHouse Books,,Specialist photography publisher backlist: powerHouse Books,C,5,Work-level metadata only; verify the exact publisher edition and printing.,,,Medium,https://openlibrary.org/works/OL8925919W,BROAD
openlibrary:OL21374879W,Leslie Lyons,,Strip Flips Series,,2002,powerHouse Books,,Specialist photography publisher backlist: powerHouse Books,C,5,Work-level metadata only; verify the exact publisher edition and printing.,,,Medium,https://openlibrary.org/works/OL21374879W,BROAD
openlibrary:OL9060959W,Leta Peer,,To Inhabit a Place,,2006,Kehrer,,Specialist photography publisher backlist: Kehrer,C,5,Work-level metadata only; verify the exact publisher edition and printing.,,,Medium,https://openlibrary.org/works/OL9060959W,BROAD
openlibrary:OL21651062W,Liam Wong,,To : ky,,2019,Thames & Hudson,,Specialist photography publisher backlist: Thames & Hudson,C,5,Work-level metadata only; verify the exact publisher edition and printing.,,,Medium,https://openlibrary.org/works/OL21651062W,BROAD
openlibrary:OL13733045W,Lili Almog,,The other half of the sky,,2009,powerHouse Books,,Specialist photography publisher backlist: powerHouse Books,C,5,Work-level metadata only; verify the exact publisher edition and printing.,,,Medium,https://openlibrary.org/works/OL13733045W,BROAD
openlibrary:OL16517096W,Lillian Bassman,,Lillian Bassman & Paul Himmel,,2009,Kehrer,,Specialist photography publisher backlist: Kehrer,C,5,Work-level metadata only; verify the exact publisher edition and printing.,,,Medium,https://openlibrary.org/works/OL16517096W,BROAD
openlibrary:OL20995679W,Linda Troeller,Annette Foglino,Spa Journey,,2004,powerHouse Books,,Specialist photography publisher backlist: powerHouse Books,C,5,Work-level metadata only; verify the exact publisher edition and printing.,,,Medium,https://openlibrary.org/works/OL20995679W,BROAD
openlibrary:OL22422697W,Lindsey Adams,,Fluviatile,,2010,Cornerhouse,,Specialist photography publisher backlist: Cornerhouse,C,5,Work-level metadata only; verify the exact publisher edition and printing.,,,Medium,https://openlibrary.org/works/OL22422697W,BROAD
openlibrary:OL21277001W,Lisa Hostetler,Dave Hickey | David Levinthal,History,,2015,Kehrer,,Specialist photography publisher backlist: Kehrer,C,5,Work-level metadata only; verify the exact publisher edition and printing.,,,Medium,https://openlibrary.org/works/OL21277001W,BROAD
openlibrary:OL21625388W,Lisa Hostetler,David Levinthal | George Eastman Museum Staff,"War, Myth, Desire",,2018,Kehrer,,Specialist photography publisher backlist: Kehrer,C,5,Work-level metadata only; verify the exact publisher edition and printing.,,,Medium,https://openlibrary.org/works/OL21625388W,BROAD
openlibrary:OL8369745W,Lise Sarfati,,Acta est,,2000,Phaidon,,Specialist photography publisher backlist: Phaidon,C,5,Work-level metadata only; verify the exact publisher edition and printing.,,,Medium,https://openlibrary.org/works/OL8369745W,BROAD
openlibrary:OL25314508W,Liza Ambrossio,,Blood Orange,,2021,Kehrer,,Specialist photography publisher backlist: Kehrer,C,5,Work-level metadata only; verify the exact publisher edition and printing.,,,Medium,https://openlibrary.org/works/OL25314508W,BROAD
openlibrary:OL2235215W,Lois Greenfield,,Airborne,,1998,Thames & Hudson,,Specialist photography publisher backlist: Thames & Hudson,C,5,Work-level metadata only; verify the exact publisher edition and printing.,,,Medium,https://openlibrary.org/works/OL2235215W,BROAD
openlibrary:OL638312W,"Long, Richard",Anne Seymour | Hamish Fulton,Richard Long,,1970,Cornerhouse,,Specialist photography publisher backlist: Cornerhouse,C,5,Work-level metadata only; verify the exact publisher edition and printing.,,,Medium,https://openlibrary.org/works/OL638312W,BROAD
openlibrary:OL18372838W,Lothar Schirmer,,Women Seeing Women,,2002,Schirmer/Mosel,,Specialist photography publisher backlist: Schirmer/Mosel,C,5,Work-level metadata only; verify the exact publisher edition and printing.,,,Medium,https://openlibrary.org/works/OL18372838W,BROAD
openlibrary:OL17492910W,Louise Clements,,Hijacked 3,,2012,Kehrer,,Specialist photography publisher backlist: Kehrer,C,5,Work-level metadata only; verify the exact publisher edition and printing.,,,Medium,https://openlibrary.org/works/OL17492910W,BROAD
openlibrary:OL18517655W,Louise Lawler,George Baker | Jack Bankowsky | Christian Kravagna,Louise Lawler and others,,2004,Hatje Cantz,,Specialist photography publisher backlist: Hatje Cantz,C,5,Work-level metadata only; verify the exact publisher edition and printing.,,,Medium,https://openlibrary.org/works/OL18517655W,BROAD
openlibrary:OL938021W,Luc Delahaye,,L'autre,,1999,Phaidon,,Specialist photography publisher backlist: Phaidon,C,5,Work-level metadata only; verify the exact publisher edition and printing.,,,Medium,https://openlibrary.org/works/OL938021W,BROAD
openlibrary:OL938024W,Luc Delahaye,,Winterreise,,2000,Phaidon,,Specialist photography publisher backlist: Phaidon,C,5,Work-level metadata only; verify the exact publisher edition and printing.,,,Medium,https://openlibrary.org/works/OL938024W,BROAD
openlibrary:OL2690225W,Lucy Sante,,Walker Evans,,2001,Phaidon,,Specialist photography publisher backlist: Phaidon,C,5,Work-level metadata only; verify the exact publisher edition and printing.,,,Medium,https://openlibrary.org/works/OL2690225W,BROAD
openlibrary:OL38950725W,Luigi Ghirri,,Luigi Ghirri - project prints,,2012,Cornerhouse,,Specialist photography publisher backlist: Cornerhouse,C,5,Work-level metadata only; verify the exact publisher edition and printing.,,,Medium,https://openlibrary.org/works/OL38950725W,BROAD
openlibrary:OL18526398W,Luminita Sabau,Veronika Baksa-Soos | Hubert Beck | Josef Tillmann,Dialogues & attitudes,,2007,Hatje Cantz,,Specialist photography publisher backlist: Hatje Cantz,C,5,Work-level metadata only; verify the exact publisher edition and printing.,,,Medium,https://openlibrary.org/works/OL18526398W,BROAD
openlibrary:OL21257082W,Lydia Panas,George Slade | Maile Maloy,Mark of Abel,,2012,Kehrer,,Specialist photography publisher backlist: Kehrer,C,5,Work-level metadata only; verify the exact publisher edition and printing.,,,Medium,https://openlibrary.org/works/OL21257082W,BROAD
openlibrary:OL35715311W,Lynn Whitney,George Bullerjahn,Lake Erie,,2023,Kehrer,,Specialist photography publisher backlist: Kehrer,C,5,Work-level metadata only; verify the exact publisher edition and printing.,,,Medium,https://openlibrary.org/works/OL35715311W,BROAD
openlibrary:OL32799531W,Maanantai (Artists' collective),,Nine nameless mountains,,2013,Kehrer,,Specialist photography publisher backlist: Kehrer,C,5,Work-level metadata only; verify the exact publisher edition and printing.,,,Medium,https://openlibrary.org/works/OL32799531W,BROAD
openlibrary:OL9610806W,Magda Segal,,London at Home,,1993,Cornerhouse,,Specialist photography publisher backlist: Cornerhouse,C,5,Work-level metadata only; verify the exact publisher edition and printing.,,,Medium,https://openlibrary.org/works/OL9610806W,BROAD
openlibrary:OL19337580W,Magnum Photos,,Magnum Manifesto,,2017,Thames & Hudson,,Specialist photography publisher backlist: Thames & Hudson,C,5,Work-level metadata only; verify the exact publisher edition and printing.,,,Medium,https://openlibrary.org/works/OL19337580W,BROAD
openlibrary:OL22598134W,Magnum Photos,,Magnum Photos,,2016,Thames & Hudson,,Specialist photography publisher backlist: Thames & Hudson,C,5,Work-level metadata only; verify the exact publisher edition and printing.,,,Medium,https://openlibrary.org/works/OL22598134W,BROAD
openlibrary:OL18490067W,Magnum Photos,,Magnum⁰,,2000,Phaidon,,Specialist photography publisher backlist: Phaidon,C,5,Work-level metadata only; verify the exact publisher edition and printing.,,,Medium,https://openlibrary.org/works/OL18490067W,BROAD
openlibrary:OL21209168W,Magnum Photos Staff,Stephen McLaren,Magnum Streetwise,,2019,Thames & Hudson,,Specialist photography publisher backlist: Thames & Hudson,C,5,Work-level metadata only; verify the exact publisher edition and printing.,,,Medium,https://openlibrary.org/works/OL21209168W,BROAD
openlibrary:OL21288397W,Mahdi Ehsaei,Joobin Bekhrad | Nahid Mozaffari,Afro-Iran,,2016,Kehrer,,Specialist photography publisher backlist: Kehrer,C,5,Work-level metadata only; verify the exact publisher edition and printing.,,,Medium,https://openlibrary.org/works/OL21288397W,BROAD
openlibrary:OL21292916W,Maija Tammi,,Leftover,,2015,Kehrer,,Specialist photography publisher backlist: Kehrer,C,5,Work-level metadata only; verify the exact publisher edition and printing.,,,Medium,https://openlibrary.org/works/OL21292916W,BROAD
openlibrary:OL32758315W,Maja Wirkus,Sylee Gore,Praesens // Präsens,,2016,Kehrer,,Specialist photography publisher backlist: Kehrer,C,5,Work-level metadata only; verify the exact publisher edition and printing.,,,Medium,https://openlibrary.org/works/OL32758315W,BROAD
openlibrary:OL15994746W,Man Ray,,Man Ray,,2011,Schirmer/Mosel,,Specialist photography publisher backlist: Schirmer/Mosel | Specialist photography publisher backlist: Steidl,C,5,Work-level metadata only; verify the exact publisher edition and printing.,,,Medium,https://openlibrary.org/works/OL15994746W,BROAD
openlibrary:OL12492017W,Manuel Vason,,Encounters,,2007,Cornerhouse,,Specialist photography publisher backlist: Cornerhouse,C,5,Work-level metadata only; verify the exact publisher edition and printing.,,,Medium,https://openlibrary.org/works/OL12492017W,BROAD
openlibrary:OL17540551W,Marc Munter,,Simone Kappeler Ropes Stream Night,,2012,Hatje Cantz,,Specialist photography publisher backlist: Hatje Cantz,C,5,Work-level metadata only; verify the exact publisher edition and printing.,,,Medium,https://openlibrary.org/works/OL17540551W,BROAD
openlibrary:OL19101277W,Marco Franciolli,,L'immagine ritrovata,,2002,Hatje Cantz,,Specialist photography publisher backlist: Hatje Cantz,C,5,Work-level metadata only; verify the exact publisher edition and printing.,,,Medium,https://openlibrary.org/works/OL19101277W,BROAD
openlibrary:OL32638875W,Marco Spinner,,Marco Spinner,,2015,Kehrer,,Specialist photography publisher backlist: Kehrer,C,5,Work-level metadata only; verify the exact publisher edition and printing.,,,Medium,https://openlibrary.org/works/OL32638875W,BROAD
openlibrary:OL21295686W,Marco Spinner,Marco Spinner | Wolfgang Zurborn,Sol Niger,,2015,Kehrer,,Specialist photography publisher backlist: Kehrer,C,5,Work-level metadata only; verify the exact publisher edition and printing.,,,Medium,https://openlibrary.org/works/OL21295686W,BROAD
openlibrary:OL19090643W,Marcus Jauer,Wolfgang Kil | Alexander Osong | Ingo Schulze,Ostzeit: Stories from a Vanished Country,,2010,Hatje Cantz,,Specialist photography publisher backlist: Hatje Cantz,C,5,Work-level metadata only; verify the exact publisher edition and printing.,,,Medium,https://openlibrary.org/works/OL19090643W,BROAD
openlibrary:OL533822W,Margarita Tupitsyn,,El Lissitzky,,1999,Schirmer/Mosel,,Specialist photography publisher backlist: Schirmer/Mosel,C,5,Work-level metadata only; verify the exact publisher edition and printing.,,,Medium,https://openlibrary.org/works/OL533822W,BROAD
openlibrary:OL33031132W,Marguerite Duras,,Yves Saint Laurent,,2010,Schirmer/Mosel,,Specialist photography publisher backlist: Schirmer/Mosel,C,5,Work-level metadata only; verify the exact publisher edition and printing.,,,Medium,https://openlibrary.org/works/OL33031132W,BROAD
openlibrary:OL9060649W,Maria Hahnenkamp,,Bilder Und Nachbilder,,2003,Kehrer,,Specialist photography publisher backlist: Kehrer,C,5,Work-level metadata only; verify the exact publisher edition and printing.,,,Medium,https://openlibrary.org/works/OL9060649W,BROAD
openlibrary:OL18443183W,Maria Morris Hambourg,David Alan Mellor,Guest,,2004,powerHouse Books,,Specialist photography publisher backlist: powerHouse Books,C,5,Work-level metadata only; verify the exact publisher edition and printing.,,,Medium,https://openlibrary.org/works/OL18443183W,BROAD
openlibrary:OL9039070W,Marianne Brandt,,Marianne Brandt. Fotografien am Bauhaus,,2003,Hatje Cantz,,Specialist photography publisher backlist: Hatje Cantz,C,5,Work-level metadata only; verify the exact publisher edition and printing.,,,Medium,https://openlibrary.org/works/OL9039070W,BROAD
openlibrary:OL18606402W,Mariette Pathy Allen,Grady T. Turner,The gender frontier,,2003,Kehrer,,Specialist photography publisher backlist: Kehrer,C,5,Work-level metadata only; verify the exact publisher edition and printing.,,,Medium,https://openlibrary.org/works/OL18606402W,BROAD
openlibrary:OL25182596W,Mario Macilau,Roger Ballen | Mia Couto,Growing in Darkness,,2016,Kehrer,,Specialist photography publisher backlist: Kehrer,C,5,Work-level metadata only; verify the exact publisher edition and printing.,,,Medium,https://openlibrary.org/works/OL25182596W,BROAD
openlibrary:OL20190113W,Mario Sorrenti,,Kate,,2018,Phaidon,,Specialist photography publisher backlist: Phaidon,C,5,Work-level metadata only; verify the exact publisher edition and printing.,,,Medium,https://openlibrary.org/works/OL20190113W,BROAD
openlibrary:OL12023769W,Mario Sorrenti,,The machine,,2001,Thames & Hudson,,Specialist photography publisher backlist: Thames & Hudson | Specialist photography publisher backlist: Steidl,C,5,Work-level metadata only; verify the exact publisher edition and printing.,,,Medium,https://openlibrary.org/works/OL12023769W,BROAD
openlibrary:OL610467W,Mario Testino,,Any objections?,,1998,Phaidon,,Specialist photography publisher backlist: Phaidon,C,5,Work-level metadata only; verify the exact publisher edition and printing.,,,Medium,https://openlibrary.org/works/OL610467W,BROAD
openlibrary:OL3803414W,Maripol.,,Maripolarama,,2005,powerHouse Books,,Specialist photography publisher backlist: powerHouse Books,C,5,Work-level metadata only; verify the exact publisher edition and printing.,,,Medium,https://openlibrary.org/works/OL3803414W,BROAD
openlibrary:OL18435213W,Mark Cohen,,Grim street,,2005,powerHouse Books,,Specialist photography publisher backlist: powerHouse Books,C,5,Work-level metadata only; verify the exact publisher edition and printing.,,,Medium,https://openlibrary.org/works/OL18435213W,BROAD
openlibrary:OL13696294W,Mark Cohen,,True color,,2007,powerHouse Books,,Specialist photography publisher backlist: powerHouse Books,C,5,Work-level metadata only; verify the exact publisher edition and printing.,,,Medium,https://openlibrary.org/works/OL13696294W,BROAD
openlibrary:OL6225382W,Mark Durden,,Dorothea Lange,,2001,Phaidon,,Specialist photography publisher backlist: Phaidon,C,5,Work-level metadata only; verify the exact publisher edition and printing.,,,Medium,https://openlibrary.org/works/OL6225382W,BROAD
openlibrary:OL19981901W,Mark Durden,,Photography today,,2014,Phaidon,,Specialist photography publisher backlist: Phaidon,C,5,Work-level metadata only; verify the exact publisher edition and printing.,,,Medium,https://openlibrary.org/works/OL19981901W,BROAD
openlibrary:OL18420563W,Mark Francis,Hal Foster | Mark Francis,Pop,,2005,Phaidon,,Specialist photography publisher backlist: Phaidon,C,5,Work-level metadata only; verify the exact publisher edition and printing.,,,Medium,https://openlibrary.org/works/OL18420563W,BROAD
openlibrary:OL120053W,Mark Gabor,,The pin-up,,1972,Taschen,,Specialist photography publisher backlist: Taschen,C,5,Work-level metadata only; verify the exact publisher edition and printing.,,,Medium,https://openlibrary.org/works/OL120053W,BROAD
openlibrary:OL20524743W,Mark Gisbourne,,Petri Juntunen,,2018,Hatje Cantz,,Specialist photography publisher backlist: Hatje Cantz,C,5,Work-level metadata only; verify the exact publisher edition and printing.,,,Medium,https://openlibrary.org/works/OL20524743W,BROAD
openlibrary:OL18161598W,Mark Holborn,,Ghostplay,,2005,powerHouse Books,,Specialist photography publisher backlist: powerHouse Books,C,5,Work-level metadata only; verify the exact publisher edition and printing.,,,Medium,https://openlibrary.org/works/OL18161598W,BROAD
openlibrary:OL21122267W,Mark Holborn,Dimitri Levas,Mapplethorpe Flora,,2016,Phaidon,,Specialist photography publisher backlist: Phaidon,C,5,Work-level metadata only; verify the exact publisher edition and printing.,,,Medium,https://openlibrary.org/works/OL21122267W,BROAD
openlibrary:OL33076809W,Mark Laita,,Created equal,,2009,Thames & Hudson,,Specialist photography publisher backlist: Thames & Hudson | Specialist photography publisher backlist: Steidl,C,5,Work-level metadata only; verify the exact publisher edition and printing.,,,Medium,https://openlibrary.org/works/OL33076809W,BROAD
openlibrary:OL5731133W,Mark Lee Rotenberg,,Cheesecake!,,1999,Taschen,,Specialist photography publisher backlist: Taschen,C,5,Work-level metadata only; verify the exact publisher edition and printing.,,,Medium,https://openlibrary.org/works/OL5731133W,BROAD
openlibrary:OL5731134W,Mark Lee Rotenberg,,Erotic playing cards,,2005,powerHouse Books,,Specialist photography publisher backlist: powerHouse Books,C,5,Work-level metadata only; verify the exact publisher edition and printing.,,,Medium,https://openlibrary.org/works/OL5731134W,BROAD
openlibrary:OL21227334W,Mark N. Strand,Celina Lunsford,Snowbound,,2007,Kehrer,,Specialist photography publisher backlist: Kehrer,C,5,Work-level metadata only; verify the exact publisher edition and printing.,,,Medium,https://openlibrary.org/works/OL21227334W,BROAD
openlibrary:OL22160535W,Mark Pellington,,Visualist,,2020,powerHouse Books,,Specialist photography publisher backlist: powerHouse Books,C,5,Work-level metadata only; verify the exact publisher edition and printing.,,,Medium,https://openlibrary.org/works/OL22160535W,BROAD
openlibrary:OL12589663W,Mark Power,,Mark Power,,1988,Photoworks,,Specialist photography publisher backlist: Photoworks,C,5,Work-level metadata only; verify the exact publisher edition and printing.,,,Medium,https://openlibrary.org/works/OL12589663W,BROAD
openlibrary:OL6575619W,Mark Power,,The Treasury Project Mark Power,,2002,Photoworks,,Specialist photography publisher backlist: Photoworks,C,5,Work-level metadata only; verify the exact publisher edition and printing.,,,Medium,https://openlibrary.org/works/OL6575619W,BROAD
openlibrary:OL29309758W,Mark Rotenberg,Laura Mirsky,Forbidden Erotica,,2000,Taschen,,Specialist photography publisher backlist: Taschen,C,5,Work-level metadata only; verify the exact publisher edition and printing.,,,Medium,https://openlibrary.org/works/OL29309758W,BROAD
openlibrary:OL18206833W,Mark Sanders,Robin Derrick,The impossible image,,2000,Phaidon,,Specialist photography publisher backlist: Phaidon,C,5,Work-level metadata only; verify the exact publisher edition and printing.,,,Medium,https://openlibrary.org/works/OL18206833W,BROAD
openlibrary:OL13579396W,Martha Camarillo,,Fletcher Street,,2006,powerHouse Books,,Specialist photography publisher backlist: powerHouse Books,C,5,Work-level metadata only; verify the exact publisher edition and printing.,,,Medium,https://openlibrary.org/works/OL13579396W,BROAD
openlibrary:OL4047239W,Martha Cooper,,New York State of Mind,,2007,powerHouse Books,,Specialist photography publisher backlist: powerHouse Books,C,5,Work-level metadata only; verify the exact publisher edition and printing.,,,Medium,https://openlibrary.org/works/OL4047239W,BROAD
openlibrary:OL10654647W,Martin Cole,,Wine dark sea,,2002,Photoworks,,Specialist photography publisher backlist: Photoworks,C,5,Work-level metadata only; verify the exact publisher edition and printing.,,,Medium,https://openlibrary.org/works/OL10654647W,BROAD
openlibrary:OL32238506W,Martin Engler,,Malerei in Fotografie,,2012,Kehrer,,Specialist photography publisher backlist: Kehrer,C,5,Work-level metadata only; verify the exact publisher edition and printing.,,,Medium,https://openlibrary.org/works/OL32238506W,BROAD
openlibrary:OL21568785W,Martin Essl,,Chateau Rouge Number 1,,2015,Kehrer,,Specialist photography publisher backlist: Kehrer,C,5,Work-level metadata only; verify the exact publisher edition and printing.,,,Medium,https://openlibrary.org/works/OL21568785W,BROAD
openlibrary:OL28969013W,Martin Harrison,Peter Lindbergh,Peter Lindbergh,,2004,Schirmer/Mosel,,Specialist photography publisher backlist: Schirmer/Mosel,C,5,Work-level metadata only; verify the exact publisher edition and printing.,,,Medium,https://openlibrary.org/works/OL28969013W,BROAD
openlibrary:OL2416850W,Martin Parr,,The cost of living,,1989,Cornerhouse,,Specialist photography publisher backlist: Cornerhouse,C,5,Work-level metadata only; verify the exact publisher edition and printing.,,,Medium,https://openlibrary.org/works/OL2416850W,BROAD
openlibrary:OL2416869W,Martin Parr,Gerry Badger,The photobook,,2004,Phaidon,,Specialist photography publisher backlist: Phaidon,C,5,Work-level metadata only; verify the exact publisher edition and printing.,,,Medium,https://openlibrary.org/works/OL2416869W,BROAD
openlibrary:OL2416870W,Martin Parr,Gerry Badger,"The photobook, a history",,2004,Phaidon,,Specialist photography publisher backlist: Phaidon,C,5,Work-level metadata only; verify the exact publisher edition and printing.,,,Medium,https://openlibrary.org/works/OL2416870W,BROAD
openlibrary:OL22924516W,Martin Parr,,We love Britain!,,2014,Schirmer/Mosel,,Specialist photography publisher backlist: Schirmer/Mosel,C,5,Work-level metadata only; verify the exact publisher edition and printing.,,,Medium,https://openlibrary.org/works/OL22924516W,BROAD
openlibrary:OL2553123W,Martin Rosswog,,Ländliche Innenräume,,1996,Schirmer/Mosel,,Specialist photography publisher backlist: Schirmer/Mosel,C,5,Work-level metadata only; verify the exact publisher edition and printing.,,,Medium,https://openlibrary.org/works/OL2553123W,BROAD
openlibrary:OL2553124W,Martin Rosswog,,Martin Rosswog,,2005,Schirmer/Mosel,,Specialist photography publisher backlist: Schirmer/Mosel,C,5,Work-level metadata only; verify the exact publisher edition and printing.,,,Medium,https://openlibrary.org/works/OL2553124W,BROAD
openlibrary:OL21257675W,Martin Usborne,,Silence of Dogs in Cars,,2013,Kehrer,,Specialist photography publisher backlist: Kehrer | Specialist photography publisher backlist: Hoxton Mini Press,C,5,Work-level metadata only; verify the exact publisher edition and printing.,,,Medium,https://openlibrary.org/works/OL21257675W,BROAD
openlibrary:OL22354841W,Martin Wellermann,,Double bill,,2010,Kehrer,,Specialist photography publisher backlist: Kehrer,C,5,Work-level metadata only; verify the exact publisher edition and printing.,,,Medium,https://openlibrary.org/works/OL22354841W,BROAD
openlibrary:OL2620916W,Mary Ellen Mark,,Exposure,,2005,Phaidon,,Specialist photography publisher backlist: Phaidon,C,5,Work-level metadata only; verify the exact publisher edition and printing.,,,Medium,https://openlibrary.org/works/OL2620916W,BROAD
openlibrary:OL20162828W,Mary Evans Picture Library,,Paradise Street,,2019,Hoxton Mini Press,,Specialist photography publisher backlist: Hoxton Mini Press,C,5,Work-level metadata only; verify the exact publisher edition and printing.,,,Medium,https://openlibrary.org/works/OL20162828W,BROAD
openlibrary:OL2645494W,Mary Panzer,,Mathew Brady (Phaidon 55s),,2001,Phaidon,,Specialist photography publisher backlist: Phaidon,C,5,Work-level metadata only; verify the exact publisher edition and printing.,,,Medium,https://openlibrary.org/works/OL2645494W,BROAD
openlibrary:OL21670882W,Mathilde Pettersen,,I Need a Kiss Before They Leave,,2019,Kehrer,,Specialist photography publisher backlist: Kehrer,C,5,Work-level metadata only; verify the exact publisher edition and printing.,,,Medium,https://openlibrary.org/works/OL21670882W,BROAD
openlibrary:OL33172251W,Matthew Shaul,Sarah James | Katrin Blum,Do not refreeze,,2007,Cornerhouse,,Specialist photography publisher backlist: Cornerhouse,C,5,Work-level metadata only; verify the exact publisher edition and printing.,,,Medium,https://openlibrary.org/works/OL33172251W,BROAD
openlibrary:OL32779899W,Matthias Harder,Volha Danishevich | Paulina Vishnevskaya | Dziadok Vera,By now,,2013,Kehrer,,Specialist photography publisher backlist: Kehrer,C,5,Work-level metadata only; verify the exact publisher edition and printing.,,,Medium,https://openlibrary.org/works/OL32779899W,BROAD
openlibrary:OL19090749W,Matthias Harder,Lonnie Ali,Steve Schapiro: Then and Now,,2012,Hatje Cantz,,Specialist photography publisher backlist: Hatje Cantz,C,5,Work-level metadata only; verify the exact publisher edition and printing.,,,Medium,https://openlibrary.org/works/OL19090749W,BROAD
openlibrary:OL17586449W,Matthias Michalka,,Alejandro Cesarco,,2012,Hatje Cantz,,Specialist photography publisher backlist: Hatje Cantz,C,5,Work-level metadata only; verify the exact publisher edition and printing.,,,Medium,https://openlibrary.org/works/OL17586449W,BROAD
openlibrary:OL21286544W,Mauro Marinelli,,Burden of Wings,,2015,Kehrer,,Specialist photography publisher backlist: Kehrer,C,5,Work-level metadata only; verify the exact publisher edition and printing.,,,Medium,https://openlibrary.org/works/OL21286544W,BROAD
openlibrary:OL21602557W,Max Eicke,,Dominas,,2016,Kehrer,,Specialist photography publisher backlist: Kehrer,C,5,Work-level metadata only; verify the exact publisher edition and printing.,,,Medium,https://openlibrary.org/works/OL21602557W,BROAD
openlibrary:OL21693668W,Max Kozloff,,Carnival of Mimics,,2020,powerHouse Books,,Specialist photography publisher backlist: powerHouse Books,C,5,Work-level metadata only; verify the exact publisher edition and printing.,,,Medium,https://openlibrary.org/works/OL21693668W,BROAD
openlibrary:OL18430793W,Max Kozloff,,New Yorkers,,2003,powerHouse Books,,Specialist photography publisher backlist: powerHouse Books,C,5,Work-level metadata only; verify the exact publisher edition and printing.,,,Medium,https://openlibrary.org/works/OL18430793W,BROAD
openlibrary:OL3932468W,Max Kozloff,,The theatre of the face,,2007,Phaidon,,Specialist photography publisher backlist: Phaidon,C,5,Work-level metadata only; verify the exact publisher edition and printing.,,,Medium,https://openlibrary.org/works/OL3932468W,BROAD
openlibrary:OL22793342W,Max Scheler,,Max Scheler Fotografien,,2009,Schirmer/Mosel,,Specialist photography publisher backlist: Schirmer/Mosel,C,5,Work-level metadata only; verify the exact publisher edition and printing.,,,Medium,https://openlibrary.org/works/OL22793342W,BROAD
openlibrary:OL20524744W,Maxime Ballesteros,John Isaac | Nadine Barth,Maxime Ballesteros,,2018,Hatje Cantz,,Specialist photography publisher backlist: Hatje Cantz,C,5,Work-level metadata only; verify the exact publisher edition and printing.,,,Medium,https://openlibrary.org/works/OL20524744W,BROAD
openlibrary:OL9899422W,Maxine Henryson,,Red Leaves & Golden Curtains,,2007,Kehrer,,Specialist photography publisher backlist: Kehrer,C,5,Work-level metadata only; verify the exact publisher edition and printing.,,,Medium,https://openlibrary.org/works/OL9899422W,BROAD
openlibrary:OL17446438W,Maxine Henryson,,Ujjayis Journey,,2012,Kehrer,,Specialist photography publisher backlist: Kehrer,C,5,Work-level metadata only; verify the exact publisher edition and printing.,,,Medium,https://openlibrary.org/works/OL17446438W,BROAD
openlibrary:OL32915765W,Meike Fischer,,8 qm,,2011,Kehrer,,Specialist photography publisher backlist: Kehrer,C,5,Work-level metadata only; verify the exact publisher edition and printing.,,,Medium,https://openlibrary.org/works/OL32915765W,BROAD
openlibrary:OL24577818W,Merry A. Foresta,Thames & Hudson,Man Ray (Photofile),,1982,Thames & Hudson,,Specialist photography publisher backlist: Thames & Hudson,C,5,Work-level metadata only; verify the exact publisher edition and printing.,,,Medium,https://openlibrary.org/works/OL24577818W,BROAD
openlibrary:OL21040223W,Michael Connor,Sabine Himmelsbach | D. Burnett | Peter Coffin,Wild Sky,,2012,Hatje Cantz,,Specialist photography publisher backlist: Hatje Cantz,C,5,Work-level metadata only; verify the exact publisher edition and printing.,,,Medium,https://openlibrary.org/works/OL21040223W,BROAD
openlibrary:OL32790439W,Michael Danner,,Michael Danner,,2013,Kehrer,,Specialist photography publisher backlist: Kehrer,C,5,Work-level metadata only; verify the exact publisher edition and printing.,,,Medium,https://openlibrary.org/works/OL32790439W,BROAD
openlibrary:OL1025347W,Michael Freeman,,The complete guide to photography techniques and materials,,1982,Phaidon,,Specialist photography publisher backlist: Phaidon,C,5,Work-level metadata only; verify the exact publisher edition and printing.,,,Medium,https://openlibrary.org/works/OL1025347W,BROAD
openlibrary:OL3672140W,Michael Godby,,David Goldblatt: Photographs,,2007,Hatje Cantz,,Specialist photography publisher backlist: Hatje Cantz,C,5,Work-level metadata only; verify the exact publisher edition and printing.,,,Medium,https://openlibrary.org/works/OL3672140W,BROAD
openlibrary:OL1962446W,Michael Ignatieff,,Magnum Degrees,,1999,Phaidon,,Specialist photography publisher backlist: Phaidon,C,5,Work-level metadata only; verify the exact publisher edition and printing.,,,Medium,https://openlibrary.org/works/OL1962446W,BROAD
openlibrary:OL32223080W,Michael Kerstgens,,Neues Leben,,2012,Kehrer,,Specialist photography publisher backlist: Kehrer,C,5,Work-level metadata only; verify the exact publisher edition and printing.,,,Medium,https://openlibrary.org/works/OL32223080W,BROAD
openlibrary:OL21615128W,Michael L. Abramson,,Men Photographing Women in The 70s,,2018,Hoxton Mini Press,,Specialist photography publisher backlist: Hoxton Mini Press,C,5,Work-level metadata only; verify the exact publisher edition and printing.,,,Medium,https://openlibrary.org/works/OL21615128W,BROAD
openlibrary:OL21568786W,Michael Marten,,Godrevy,,2015,Kehrer,,Specialist photography publisher backlist: Kehrer,C,5,Work-level metadata only; verify the exact publisher edition and printing.,,,Medium,https://openlibrary.org/works/OL21568786W,BROAD
openlibrary:OL20995676W,Michael Musto,Tama Janowitz,So80s,,2003,powerHouse Books,,Specialist photography publisher backlist: powerHouse Books,C,5,Work-level metadata only; verify the exact publisher edition and printing.,,,Medium,https://openlibrary.org/works/OL20995676W,BROAD
openlibrary:OL9676986W,Michael Ormerod,,States of America,,1994,Cornerhouse,,Specialist photography publisher backlist: Cornerhouse,C,5,Work-level metadata only; verify the exact publisher edition and printing.,,,Medium,https://openlibrary.org/works/OL9676986W,BROAD
openlibrary:OL11886331W,Michael Spano,,Auto portraits,,2008,powerHouse Books,,Specialist photography publisher backlist: powerHouse Books,C,5,Work-level metadata only; verify the exact publisher edition and printing.,,,Medium,https://openlibrary.org/works/OL11886331W,BROAD
openlibrary:OL8925923W,Michael Spano,,Time Frames,,2002,powerHouse Books,,Specialist photography publisher backlist: powerHouse Books,C,5,Work-level metadata only; verify the exact publisher edition and printing.,,,Medium,https://openlibrary.org/works/OL8925923W,BROAD
openlibrary:OL33007804W,Michael Zibold,,Michael Zibold,,2011,Kehrer,,Specialist photography publisher backlist: Kehrer,C,5,Work-level metadata only; verify the exact publisher edition and printing.,,,Medium,https://openlibrary.org/works/OL33007804W,BROAD
openlibrary:OL20172819W,Michal Safdie,,Under My Window,,2018,powerHouse Books,,Specialist photography publisher backlist: powerHouse Books,C,5,Work-level metadata only; verify the exact publisher edition and printing.,,,Medium,https://openlibrary.org/works/OL20172819W,BROAD
openlibrary:OL7814033W,Michel Comte,,Michel Comte,,1999,Schirmer/Mosel,,Specialist photography publisher backlist: Schirmer/Mosel | Specialist photography publisher backlist: Steidl,C,5,Work-level metadata only; verify the exact publisher edition and printing.,,,Medium,https://openlibrary.org/works/OL7814033W,BROAD
openlibrary:OL18429835W,Michel Frizot,Cedric de Veigy,Photo trouvée,,2006,Phaidon,,Specialist photography publisher backlist: Phaidon,C,5,Work-level metadata only; verify the exact publisher edition and printing.,,,Medium,https://openlibrary.org/works/OL18429835W,BROAD
openlibrary:OL19924555W,Michel Hurst,Robert Swope,Casa Susanna,,2005,powerHouse Books,,Specialist photography publisher backlist: powerHouse Books,C,5,Work-level metadata only; verify the exact publisher edition and printing.,,,Medium,https://openlibrary.org/works/OL19924555W,BROAD
openlibrary:OL21258440W,Michel Vanden Eeckhoudt,Jean-Christophe Bailly,Bittersweet,,2014,Kehrer,,Specialist photography publisher backlist: Kehrer,C,5,Work-level metadata only; verify the exact publisher edition and printing.,,,Medium,https://openlibrary.org/works/OL21258440W,BROAD
openlibrary:OL3983028W,Mike McCartney,,Mike McCartney's Merseyside,,1992,Cornerhouse,,Specialist photography publisher backlist: Cornerhouse,C,5,Work-level metadata only; verify the exact publisher edition and printing.,,,Medium,https://openlibrary.org/works/OL3983028W,BROAD
openlibrary:OL21654612W,Mike Smith,Eric Paddock | Diana Stoll,Warning Shots,,2020,Kehrer,,Specialist photography publisher backlist: Kehrer,C,5,Work-level metadata only; verify the exact publisher edition and printing.,,,Medium,https://openlibrary.org/works/OL21654612W,BROAD
openlibrary:OL7527129W,"Miller, Wayne",,Wayne Miller,,2008,powerHouse Books,,Specialist photography publisher backlist: powerHouse Books,C,5,Work-level metadata only; verify the exact publisher edition and printing.,,,Medium,https://openlibrary.org/works/OL7527129W,BROAD
openlibrary:OL8527441W,Milton H. Greene,James Kotsilibas-Davis | Edited by Joshua Greene | Photography by Milton H. Greene,Milton's Marilyn,,1994,Schirmer/Mosel,,Specialist photography publisher backlist: Schirmer/Mosel,C,5,Work-level metadata only; verify the exact publisher edition and printing.,,,Medium,https://openlibrary.org/works/OL8527441W,BROAD
openlibrary:OL25773539W,Mimi Mollica,,East London up Close,,2021,Hoxton Mini Press,,Specialist photography publisher backlist: Hoxton Mini Press,C,5,Work-level metadata only; verify the exact publisher edition and printing.,,,Medium,https://openlibrary.org/works/OL25773539W,BROAD
openlibrary:OL32833571W,Miroslav Tichý,,Die Stadt der Frauen,,2013,Kehrer,,Specialist photography publisher backlist: Kehrer,C,5,Work-level metadata only; verify the exact publisher edition and printing.,,,Medium,https://openlibrary.org/works/OL32833571W,BROAD
openlibrary:OL9284657W,Miroslav Tichy,,Miroslav Tichy,,2007,Hatje Cantz,,Specialist photography publisher backlist: Hatje Cantz | Specialist photography publisher backlist: Steidl,C,5,Work-level metadata only; verify the exact publisher edition and printing.,,,Medium,https://openlibrary.org/works/OL9284657W,BROAD
openlibrary:OL3275782W,Mitch Epstein,,The City,,2001,powerHouse Books,,Specialist photography publisher backlist: powerHouse Books,C,5,Work-level metadata only; verify the exact publisher edition and printing.,,,Medium,https://openlibrary.org/works/OL3275782W,BROAD
openlibrary:OL34874752W,Mitra Tabrizian,"Pollock, Griselda.",Correct Distance,,1990,Cornerhouse,,Specialist photography publisher backlist: Cornerhouse,C,5,Work-level metadata only; verify the exact publisher edition and printing.,,,Medium,https://openlibrary.org/works/OL34874752W,BROAD
openlibrary:OL21279768W,Miyako Ishiuchi,Dragana Vujanovic | Louise Wolthers,Ishiuchi Miyako,,2015,Kehrer,,Specialist photography publisher backlist: Kehrer,C,5,Work-level metadata only; verify the exact publisher edition and printing.,,,Medium,https://openlibrary.org/works/OL21279768W,BROAD
openlibrary:OL9042313W,Mona Kuhn,,Mona Kuhn,,2004,Thames & Hudson,,Specialist photography publisher backlist: Thames & Hudson | Specialist photography publisher backlist: Steidl,C,5,Work-level metadata only; verify the exact publisher edition and printing.,,,Medium,https://openlibrary.org/works/OL9042313W,BROAD
openlibrary:OL21592635W,Monica Macdonald,,In Absence,,2016,Kehrer,,Specialist photography publisher backlist: Kehrer,C,5,Work-level metadata only; verify the exact publisher edition and printing.,,,Medium,https://openlibrary.org/works/OL21592635W,BROAD
openlibrary:OL18906618W,Monika Faber,Janos Frecot | Elisabeth Moortgat,Portraits of an age,,2005,Hatje Cantz,,Specialist photography publisher backlist: Hatje Cantz,C,5,Work-level metadata only; verify the exact publisher edition and printing.,,,Medium,https://openlibrary.org/works/OL18906618W,BROAD
openlibrary:OL20027386W,"Morris, Lindsay (Photographer)",,You are you,,2015,Kehrer,,Specialist photography publisher backlist: Kehrer,C,5,Work-level metadata only; verify the exact publisher edition and printing.,,,Medium,https://openlibrary.org/works/OL20027386W,BROAD
openlibrary:OL16282266W,Münchner Stadtmuseum. Sammlung Fotografie,,Nude visions,,2009,Kehrer,,Specialist photography publisher backlist: Kehrer,C,5,Work-level metadata only; verify the exact publisher edition and printing.,,,Medium,https://openlibrary.org/works/OL16282266W,BROAD
openlibrary:OL32776497W,Museum Folkwang Essen,,A medium in transition,,2012,Kehrer,,Specialist photography publisher backlist: Kehrer,C,5,Work-level metadata only; verify the exact publisher edition and printing.,,,Medium,https://openlibrary.org/works/OL32776497W,BROAD
openlibrary:OL9024753W,Museum Ludwig Cologne,,20th Century Photography,,1999,Taschen,,Specialist photography publisher backlist: Taschen,C,5,Work-level metadata only; verify the exact publisher edition and printing.,,,Medium,https://openlibrary.org/works/OL9024753W,BROAD
openlibrary:OL9024752W,Museum Ludwig Cologne,,20th Century Photography Museum Ludwig Cologne (Klotz),,1996,Taschen,,Specialist photography publisher backlist: Taschen,C,5,Work-level metadata only; verify the exact publisher edition and printing.,,,Medium,https://openlibrary.org/works/OL9024752W,BROAD
openlibrary:OL21660425W,Museum of Museum of Art and De,,Amateur,,2020,Kehrer,,Specialist photography publisher backlist: Kehrer,C,5,Work-level metadata only; verify the exact publisher edition and printing.,,,Medium,https://openlibrary.org/works/OL21660425W,BROAD
openlibrary:OL8925934W,Myriam Santos-Kayda,,David Bowie,,2003,powerHouse Books,,Specialist photography publisher backlist: powerHouse Books,C,5,Work-level metadata only; verify the exact publisher edition and printing.,,,Medium,https://openlibrary.org/works/OL8925934W,BROAD
openlibrary:OL20761467W,Nadav Kander,,Nadav Kander : Bodies,,2013,Hatje Cantz,,Specialist photography publisher backlist: Hatje Cantz,C,5,Work-level metadata only; verify the exact publisher edition and printing.,,,Medium,https://openlibrary.org/works/OL20761467W,BROAD
openlibrary:OL19981897W,Nan Goldin,,Eden and after,,2014,Phaidon,,Specialist photography publisher backlist: Phaidon,C,5,Work-level metadata only; verify the exact publisher edition and printing.,,,Medium,https://openlibrary.org/works/OL19981897W,BROAD
openlibrary:OL2794914W,Nan Goldin,,The devil's playground,,2003,Phaidon,,Specialist photography publisher backlist: Phaidon,C,5,Work-level metadata only; verify the exact publisher edition and printing.,,,Medium,https://openlibrary.org/works/OL2794914W,BROAD
openlibrary:OL4651287W,Nat Finkelstein,David Dalton,"Edie, Factory girl",,2006,powerHouse Books,,Specialist photography publisher backlist: powerHouse Books,C,5,Work-level metadata only; verify the exact publisher edition and printing.,,,Medium,https://openlibrary.org/works/OL4651287W,BROAD
openlibrary:OL29239798W,Natacha Merritt,Natasha Merrit,Digital diaries,,2004,Taschen,,Specialist photography publisher backlist: Taschen,C,5,Work-level metadata only; verify the exact publisher edition and printing.,,,Medium,https://openlibrary.org/works/OL29239798W,BROAD
openlibrary:OL20173425W,Nathan Benn,,A Peculiar Paradise,,2018,powerHouse Books,,Specialist photography publisher backlist: powerHouse Books,C,5,Work-level metadata only; verify the exact publisher edition and printing.,,,Medium,https://openlibrary.org/works/OL20173425W,BROAD
openlibrary:OL8925957W,Nathaniel Welch,Steve Appleford,Spring broke,,2004,powerHouse Books,,Specialist photography publisher backlist: powerHouse Books,C,5,Work-level metadata only; verify the exact publisher edition and printing.,,,Medium,https://openlibrary.org/works/OL8925957W,BROAD
openlibrary:OL24843787W,Neeta Madahar,,Neeta Madahar,,2005,Photoworks,,Specialist photography publisher backlist: Photoworks,C,5,Work-level metadata only; verify the exact publisher edition and printing.,,,Medium,https://openlibrary.org/works/OL24843787W,BROAD
openlibrary:OL8976584W,Neil Selkirk,,1000 on 42nd street,,2000,powerHouse Books,,Specialist photography publisher backlist: powerHouse Books,C,5,Work-level metadata only; verify the exact publisher edition and printing.,,,Medium,https://openlibrary.org/works/OL8976584W,BROAD
openlibrary:OL4114352W,"Newman, Arnold",,Arnold Newman,,2006,Taschen,,Specialist photography publisher backlist: Taschen,C,5,Work-level metadata only; verify the exact publisher edition and printing.,,,Medium,https://openlibrary.org/works/OL4114352W,BROAD
openlibrary:OL21283167W,Newsha Tavakolian,Anahita Ghabaian,Blank Pages of an Iranian Photo Album,,2015,Kehrer,,Specialist photography publisher backlist: Kehrer,C,5,Work-level metadata only; verify the exact publisher edition and printing.,,,Medium,https://openlibrary.org/works/OL21283167W,BROAD
openlibrary:OL20296635W,Nicholas Sack,,Lost in the City,,2015,Hoxton Mini Press,,Specialist photography publisher backlist: Hoxton Mini Press,C,5,Work-level metadata only; verify the exact publisher edition and printing.,,,Medium,https://openlibrary.org/works/OL20296635W,BROAD
openlibrary:OL8940095W,Nicholas Sinclair,,Crossing the Water,,2002,Photoworks,,Specialist photography publisher backlist: Photoworks,C,5,Work-level metadata only; verify the exact publisher edition and printing.,,,Medium,https://openlibrary.org/works/OL8940095W,BROAD
openlibrary:OL35224744W,Nick Stanley,Sue Isherwood,Creating Vision,,1994,Cornerhouse,,Specialist photography publisher backlist: Cornerhouse,C,5,Work-level metadata only; verify the exact publisher edition and printing.,,,Medium,https://openlibrary.org/works/OL35224744W,BROAD
openlibrary:OL20221634W,Nick Turpin,,On the Night Bus,,2017,Hoxton Mini Press,,Specialist photography publisher backlist: Hoxton Mini Press,C,5,Work-level metadata only; verify the exact publisher edition and printing.,,,Medium,https://openlibrary.org/works/OL20221634W,BROAD
openlibrary:OL3537363W,Nick Waplington,,Living room,,1991,Cornerhouse,,Specialist photography publisher backlist: Cornerhouse,C,5,Work-level metadata only; verify the exact publisher edition and printing.,,,Medium,https://openlibrary.org/works/OL3537363W,BROAD
openlibrary:OL32159772W,Niclas Holmström,Inka Lindergård,Watching humans watching,,2011,Kehrer,,Specialist photography publisher backlist: Kehrer,C,5,Work-level metadata only; verify the exact publisher edition and printing.,,,Medium,https://openlibrary.org/works/OL32159772W,BROAD
openlibrary:OL9288063W,Nicola Del Roscio,,Cy Twombly,,2006,Schirmer/Mosel,,Specialist photography publisher backlist: Schirmer/Mosel,C,5,Work-level metadata only; verify the exact publisher edition and printing.,,,Medium,https://openlibrary.org/works/OL9288063W,BROAD
openlibrary:OL25628692W,Nicole Nix-Hauck,,PETER SCHLÖR - BLACK AND WIDE,,2013,Kehrer,,Specialist photography publisher backlist: Kehrer,C,5,Work-level metadata only; verify the exact publisher edition and printing.,,,Medium,https://openlibrary.org/works/OL25628692W,BROAD
openlibrary:OL39024914W,Nigel Green,David Chandler | Jonathan Glancey,Dungeness,,2004,Photoworks,,Specialist photography publisher backlist: Photoworks,C,5,Work-level metadata only; verify the exact publisher edition and printing.,,,Medium,https://openlibrary.org/works/OL39024914W,BROAD
openlibrary:OL8925913W,Nigel Parry,,Blunt,,2006,powerHouse Books,,Specialist photography publisher backlist: powerHouse Books,C,5,Work-level metadata only; verify the exact publisher edition and printing.,,,Medium,https://openlibrary.org/works/OL8925913W,BROAD
openlibrary:OL15275071W,Nigel Parry,,Precious,,2004,powerHouse Books,,Specialist photography publisher backlist: powerHouse Books,C,5,Work-level metadata only; verify the exact publisher edition and printing.,,,Medium,https://openlibrary.org/works/OL15275071W,BROAD
openlibrary:OL8925914W,Nigel Parry,,Sharp,,2000,powerHouse Books,,Specialist photography publisher backlist: powerHouse Books,C,5,Work-level metadata only; verify the exact publisher edition and printing.,,,Medium,https://openlibrary.org/works/OL8925914W,BROAD
openlibrary:OL21655082W,Niina Vatanen,Leo Karhunen,Time Atlas,,2019,Kehrer,,Specialist photography publisher backlist: Kehrer,C,5,Work-level metadata only; verify the exact publisher edition and printing.,,,Medium,https://openlibrary.org/works/OL21655082W,BROAD
openlibrary:OL13537809W,Nikki S. Lee,,Projects,,2001,Hatje Cantz,,Specialist photography publisher backlist: Hatje Cantz,C,5,Work-level metadata only; verify the exact publisher edition and printing.,,,Medium,https://openlibrary.org/works/OL13537809W,BROAD
openlibrary:OL32867284W,Nikolaus Walter,Petra Zudrell,Begegnungen,,2015,Kehrer,,Specialist photography publisher backlist: Kehrer,C,5,Work-level metadata only; verify the exact publisher edition and printing.,,,Medium,https://openlibrary.org/works/OL32867284W,BROAD
openlibrary:OL12512108W,Nikolaus Walter,,Nikolaus Walter,,2006,Hatje Cantz,,Specialist photography publisher backlist: Hatje Cantz,C,5,Work-level metadata only; verify the exact publisher edition and printing.,,,Medium,https://openlibrary.org/works/OL12512108W,BROAD
openlibrary:OL21310818W,Nina Berman,Kimberly A. Stevens,Autobiography of Miss Wish,,2018,Kehrer,,Specialist photography publisher backlist: Kehrer,C,5,Work-level metadata only; verify the exact publisher edition and printing.,,,Medium,https://openlibrary.org/works/OL21310818W,BROAD
openlibrary:OL25222187W,Nina Röder,,Bath in Brilliant Green,,2019,Kehrer,,Specialist photography publisher backlist: Kehrer,C,5,Work-level metadata only; verify the exact publisher edition and printing.,,,Medium,https://openlibrary.org/works/OL25222187W,BROAD
openlibrary:OL5500088W,"Nishii, Kazuo",,Daido Moriyama,,2001,Phaidon,,Specialist photography publisher backlist: Phaidon,C,5,Work-level metadata only; verify the exact publisher edition and printing.,,,Medium,https://openlibrary.org/works/OL5500088W,BROAD
openlibrary:OL2051255W,Nobuyoshi Araki,Akiko Miki | Yoshiko Isshiki | Tomoko Sato,Araki,,1997,Taschen,,Specialist photography publisher backlist: Taschen | Specialist photography publisher backlist: Thames & Hudson | Specialist photography publisher backlist: Phaidon,C,5,Work-level metadata only; verify the exact publisher edition and printing.,,,Medium,https://openlibrary.org/works/OL2051255W,BROAD
openlibrary:OL20344784W,Nobuyoshi Araki,,Araki by Araki,,2018,Taschen,,Specialist photography publisher backlist: Taschen,C,5,Work-level metadata only; verify the exact publisher edition and printing.,,,Medium,https://openlibrary.org/works/OL20344784W,BROAD
openlibrary:OL21099096W,Nobuyoshi Araki,,Araki - Tokyo Lucky Hole,,2015,Taschen,,Specialist photography publisher backlist: Taschen,C,5,Work-level metadata only; verify the exact publisher edition and printing.,,,Medium,https://openlibrary.org/works/OL21099096W,BROAD
openlibrary:OL8265415W,Nobuyoshi Araki,,Dirty Pretty Things,,2007,powerHouse Books,,Specialist photography publisher backlist: powerHouse Books,C,5,Work-level metadata only; verify the exact publisher edition and printing.,,,Medium,https://openlibrary.org/works/OL8265415W,BROAD
openlibrary:OL21294895W,Nobuyoshi Araki,Amanda Singer | Anton Kern Gallery,Nobuyoshi Araki,,2006,Kehrer,,Specialist photography publisher backlist: Kehrer | Specialist photography publisher backlist: Phaidon,C,5,Work-level metadata only; verify the exact publisher edition and printing.,,,Medium,https://openlibrary.org/works/OL21294895W,BROAD
openlibrary:OL8369906W,Noel Bourcier,,Andre Kertesz,,2006,Phaidon,,Specialist photography publisher backlist: Phaidon,C,5,Work-level metadata only; verify the exact publisher edition and printing.,,,Medium,https://openlibrary.org/works/OL8369906W,BROAD
openlibrary:OL32884642W,Norbert Frei,Lothar Schirmer,1945,,2015,Schirmer/Mosel,,Specialist photography publisher backlist: Schirmer/Mosel,C,5,Work-level metadata only; verify the exact publisher edition and printing.,,,Medium,https://openlibrary.org/works/OL32884642W,BROAD
openlibrary:OL21273468W,Noritaka Minami,Julian Rose | Ken-ichi Yoshida,1972,,2015,Kehrer,,Specialist photography publisher backlist: Kehrer,C,5,Work-level metadata only; verify the exact publisher edition and printing.,,,Medium,https://openlibrary.org/works/OL21273468W,BROAD
openlibrary:OL25631937W,Normand Rajotte,Alexis Desgagnés,Comme un Murmure / Like a Whisper,,2016,Kehrer,,Specialist photography publisher backlist: Kehrer,C,5,Work-level metadata only; verify the exact publisher edition and printing.,,,Medium,https://openlibrary.org/works/OL25631937W,BROAD
openlibrary:OL3368891W,Nubar Alexanian,,Stones in the road,,1991,Cornerhouse,,Specialist photography publisher backlist: Cornerhouse,C,5,Work-level metadata only; verify the exact publisher edition and printing.,,,Medium,https://openlibrary.org/works/OL3368891W,BROAD
openlibrary:OL15030841W,Okwui Enwezor,,Life & Afterlife in Benin,,2005,Phaidon,,Specialist photography publisher backlist: Phaidon,C,5,Work-level metadata only; verify the exact publisher edition and printing.,,,Medium,https://openlibrary.org/works/OL15030841W,BROAD
openlibrary:OL9098679W,Ola Kolehmainen,,Ola Kolehmainen,,2007,Hatje Cantz,,Specialist photography publisher backlist: Hatje Cantz,C,5,Work-level metadata only; verify the exact publisher edition and printing.,,,Medium,https://openlibrary.org/works/OL9098679W,BROAD
openlibrary:OL9052403W,Olaf Breuning,Dorothea Strauss | Christopher Doswald | Gianni Jetzer,Ugly,,2001,Hatje Cantz,,Specialist photography publisher backlist: Hatje Cantz,C,5,Work-level metadata only; verify the exact publisher edition and printing.,,,Medium,https://openlibrary.org/works/OL9052403W,BROAD
openlibrary:OL11596920W,Olafur Eliasson,Jill Medvedow | Frederic Brown | Rodney Cotterill,Olafur Eliasson,,2001,Hatje Cantz,,Specialist photography publisher backlist: Hatje Cantz,C,5,Work-level metadata only; verify the exact publisher edition and printing.,,,Medium,https://openlibrary.org/works/OL11596920W,BROAD
openlibrary:OL11596915W,Olafur Eliasson,Susanne Gaensheimer,Sonne statt Regen,,2003,Hatje Cantz,,Specialist photography publisher backlist: Hatje Cantz,C,5,Work-level metadata only; verify the exact publisher edition and printing.,,,Medium,https://openlibrary.org/works/OL11596915W,BROAD
openlibrary:OL20252329W,Oli Kellett,Alex Holder,Hand Jobs,,2017,Hoxton Mini Press,,Specialist photography publisher backlist: Hoxton Mini Press,C,5,Work-level metadata only; verify the exact publisher edition and printing.,,,Medium,https://openlibrary.org/works/OL20252329W,BROAD
openlibrary:OL22355126W,Ori Gersht,,Artist book,,2012,Photoworks,,Specialist photography publisher backlist: Photoworks,C,5,Work-level metadata only; verify the exact publisher edition and printing.,,,Medium,https://openlibrary.org/works/OL22355126W,BROAD
openlibrary:OL21679105W,Orlando Gili,,Trivial Pursuits,,2020,Hoxton Mini Press,,Specialist photography publisher backlist: Hoxton Mini Press,C,5,Work-level metadata only; verify the exact publisher edition and printing.,,,Medium,https://openlibrary.org/works/OL21679105W,BROAD
openlibrary:OL19972120W,Ormond Gigli,,Girls in the windows,,2013,powerHouse Books,,Specialist photography publisher backlist: powerHouse Books,C,5,Work-level metadata only; verify the exact publisher edition and printing.,,,Medium,https://openlibrary.org/works/OL19972120W,BROAD
openlibrary:OL19099327W,Otto Hainzl,,Corviale,,2015,Kehrer,,Specialist photography publisher backlist: Kehrer,C,5,Work-level metadata only; verify the exact publisher edition and printing.,,,Medium,https://openlibrary.org/works/OL19099327W,BROAD
openlibrary:OL872375W,Owen Logan,Tahar Ben Jelloun,Bloodlines =,,1994,Cornerhouse,,Specialist photography publisher backlist: Cornerhouse,C,5,Work-level metadata only; verify the exact publisher edition and printing.,,,Medium,https://openlibrary.org/works/OL872375W,BROAD
openlibrary:OL16028887W,Paola Gianturco,,Celebrating women,,2004,powerHouse Books,,Specialist photography publisher backlist: powerHouse Books,C,5,Work-level metadata only; verify the exact publisher edition and printing.,,,Medium,https://openlibrary.org/works/OL16028887W,BROAD
openlibrary:OL20545551W,Paola Gianturco,Toby Tuttle,In her hands,,2004,powerHouse Books,,Specialist photography publisher backlist: powerHouse Books,C,5,Work-level metadata only; verify the exact publisher edition and printing.,,,Medium,https://openlibrary.org/works/OL20545551W,BROAD
openlibrary:OL15996996W,Paola Gianturco,,Women who light the dark,,2007,powerHouse Books,,Specialist photography publisher backlist: powerHouse Books,C,5,Work-level metadata only; verify the exact publisher edition and printing.,,,Medium,https://openlibrary.org/works/OL15996996W,BROAD
openlibrary:OL4026940W,"Parker, David",David Parker | Helaine Silverman | Gerry Badger,Broken images,,1992,Cornerhouse,,Specialist photography publisher backlist: Cornerhouse,C,5,Work-level metadata only; verify the exact publisher edition and printing.,,,Medium,https://openlibrary.org/works/OL4026940W,BROAD
openlibrary:OL15303768W,Pascal Beausse,,Candida Höfer,,2003,Schirmer/Mosel,,Specialist photography publisher backlist: Schirmer/Mosel,C,5,Work-level metadata only; verify the exact publisher edition and printing.,,,Medium,https://openlibrary.org/works/OL15303768W,BROAD
openlibrary:OL20170700W,Patricia Bosworth,Tom Palumbo | Joyce Carol Oates,Dreamer With a Thousand Thrills,,2018,powerHouse Books,,Specialist photography publisher backlist: powerHouse Books,C,5,Work-level metadata only; verify the exact publisher edition and printing.,,,Medium,https://openlibrary.org/works/OL20170700W,BROAD
openlibrary:OL17415163W,Patrick Amsellem,,Short Stories Of The Transparent Mind,,2010,powerHouse Books,,Specialist photography publisher backlist: powerHouse Books,C,5,Work-level metadata only; verify the exact publisher edition and printing.,,,Medium,https://openlibrary.org/works/OL17415163W,BROAD
openlibrary:OL2694659W,Patrick Cariou,,Surfers,,1997,powerHouse Books,,Specialist photography publisher backlist: powerHouse Books,C,5,Work-level metadata only; verify the exact publisher edition and printing.,,,Medium,https://openlibrary.org/works/OL2694659W,BROAD
openlibrary:OL3002661W,Patrick Demarchelier,,Patrick Demarchelier,,1995,Thames & Hudson,,Specialist photography publisher backlist: Thames & Hudson | Specialist photography publisher backlist: Steidl,C,5,Work-level metadata only; verify the exact publisher edition and printing.,,,Medium,https://openlibrary.org/works/OL3002661W,BROAD
openlibrary:OL9153738W,Patrick McMullan,,InTents,,2004,powerHouse Books,,Specialist photography publisher backlist: powerHouse Books,C,5,Work-level metadata only; verify the exact publisher edition and printing.,,,Medium,https://openlibrary.org/works/OL9153738W,BROAD
openlibrary:OL23860062W,Patrick McMullan,,So80s,,2003,powerHouse Books,,Specialist photography publisher backlist: powerHouse Books,C,5,Work-level metadata only; verify the exact publisher edition and printing.,,,Medium,https://openlibrary.org/works/OL23860062W,BROAD
openlibrary:OL21302471W,Patrick Willocq,Patrick Willocq | Martin Boilo | Laurence Butet-Roch,Songs of the Wales,,2018,Kehrer,,Specialist photography publisher backlist: Kehrer,C,5,Work-level metadata only; verify the exact publisher edition and printing.,,,Medium,https://openlibrary.org/works/OL21302471W,BROAD
openlibrary:OL7944702W,Paul Graham,,In Umbra Res,,1990,Cornerhouse,,Specialist photography publisher backlist: Cornerhouse,C,5,Work-level metadata only; verify the exact publisher edition and printing.,,,Medium,https://openlibrary.org/works/OL7944702W,BROAD
openlibrary:OL10546183W,Paul Graham,,New Europe,,1993,Cornerhouse,,Specialist photography publisher backlist: Cornerhouse,C,5,Work-level metadata only; verify the exact publisher edition and printing.,,,Medium,https://openlibrary.org/works/OL10546183W,BROAD
openlibrary:OL19337200W,Paul Koudounaris,,Heavenly Bodies,,2013,Thames & Hudson,,Specialist photography publisher backlist: Thames & Hudson,C,5,Work-level metadata only; verify the exact publisher edition and printing.,,,Medium,https://openlibrary.org/works/OL19337200W,BROAD
openlibrary:OL20000380W,Paul Koudounaris,,Memento mori,,2015,Thames & Hudson,,Specialist photography publisher backlist: Thames & Hudson,C,5,Work-level metadata only; verify the exact publisher edition and printing.,,,Medium,https://openlibrary.org/works/OL20000380W,BROAD
openlibrary:OL16420620W,Paul Koudounaris,,The Empire of Death,,2011,Thames & Hudson,,Specialist photography publisher backlist: Thames & Hudson,C,5,Work-level metadata only; verify the exact publisher edition and printing.,,,Medium,https://openlibrary.org/works/OL16420620W,BROAD
openlibrary:OL5967602W,Paul Oliver,,Dwellings,,1987,Phaidon,,Specialist photography publisher backlist: Phaidon,C,5,Work-level metadata only; verify the exact publisher edition and printing.,,,Medium,https://openlibrary.org/works/OL5967602W,BROAD
openlibrary:OL6926845W,Paul Outerbridge,,"Paul Outerbridge, Jr",,1976,Schirmer/Mosel,,Specialist photography publisher backlist: Schirmer/Mosel,C,5,Work-level metadata only; verify the exact publisher edition and printing.,,,Medium,https://openlibrary.org/works/OL6926845W,BROAD
openlibrary:OL21692613W,Paul Trevor,,In Your Face,,2020,Hoxton Mini Press,,Specialist photography publisher backlist: Hoxton Mini Press,C,5,Work-level metadata only; verify the exact publisher edition and printing.,,,Medium,https://openlibrary.org/works/OL21692613W,BROAD
openlibrary:OL21360190W,Paul Trevor,,Once upon a Time in Brick Lane,,2019,Hoxton Mini Press,,Specialist photography publisher backlist: Hoxton Mini Press,C,5,Work-level metadata only; verify the exact publisher edition and printing.,,,Medium,https://openlibrary.org/works/OL21360190W,BROAD
openlibrary:OL21346762W,Paul Wenham-Clarke,,Urban Gypsies,,2019,Hoxton Mini Press,,Specialist photography publisher backlist: Hoxton Mini Press,C,5,Work-level metadata only; verify the exact publisher edition and printing.,,,Medium,https://openlibrary.org/works/OL21346762W,BROAD
openlibrary:OL21332704W,Paul Wolff,Hans-Michael Koetzle,Dr. Paul Wolff,,2019,Kehrer,,Specialist photography publisher backlist: Kehrer,C,5,Work-level metadata only; verify the exact publisher edition and printing.,,,Medium,https://openlibrary.org/works/OL21332704W,BROAD
openlibrary:OL18623018W,Paula Rae Gibson,,Paula Rae Gibson,,2005,Kehrer,,Specialist photography publisher backlist: Kehrer,C,5,Work-level metadata only; verify the exact publisher edition and printing.,,,Medium,https://openlibrary.org/works/OL18623018W,BROAD
openlibrary:OL2565728W,Paula Richardson Fleming,,The North American Indians in early photographs,,1986,Phaidon,,Specialist photography publisher backlist: Phaidon,C,5,Work-level metadata only; verify the exact publisher edition and printing.,,,Medium,https://openlibrary.org/works/OL2565728W,BROAD
openlibrary:OL13542553W,Peter Bialobrzeski,Florian Hanig | Christof Ribbat,Neontigers,,2004,Hatje Cantz,,Specialist photography publisher backlist: Hatje Cantz,C,5,Work-level metadata only; verify the exact publisher edition and printing.,,,Medium,https://openlibrary.org/works/OL13542553W,BROAD
openlibrary:OL13542554W,Peter Bialobrzeski,,Peter Bialobrzeski,,2007,Hatje Cantz,,Specialist photography publisher backlist: Hatje Cantz,C,5,Work-level metadata only; verify the exact publisher edition and printing.,,,Medium,https://openlibrary.org/works/OL13542554W,BROAD
openlibrary:OL32634790W,Peter Braunholz,,Peter Braunholz,,2017,Kehrer,,Specialist photography publisher backlist: Kehrer,C,5,Work-level metadata only; verify the exact publisher edition and printing.,,,Medium,https://openlibrary.org/works/OL32634790W,BROAD
openlibrary:OL21678373W,Peter Fink,,My Mind's Eye,,2020,Kehrer,,Specialist photography publisher backlist: Kehrer,C,5,Work-level metadata only; verify the exact publisher edition and printing.,,,Medium,https://openlibrary.org/works/OL21678373W,BROAD
openlibrary:OL12278560W,Peter Granser,Fritz A. Henn | Christoph Ribbat | Sibylle Heeg,Alzheimer,,2005,Kehrer,,Specialist photography publisher backlist: Kehrer,C,5,Work-level metadata only; verify the exact publisher edition and printing.,,,Medium,https://openlibrary.org/works/OL12278560W,BROAD
openlibrary:OL12278562W,Peter Granser,Vicki Goldberg,Peter Granser,,2006,Hatje Cantz,,Specialist photography publisher backlist: Hatje Cantz,C,5,Work-level metadata only; verify the exact publisher edition and printing.,,,Medium,https://openlibrary.org/works/OL12278562W,BROAD
openlibrary:OL5489443W,Peter Kühnst,,Physique,,2004,Thames & Hudson,,Specialist photography publisher backlist: Thames & Hudson,C,5,Work-level metadata only; verify the exact publisher edition and printing.,,,Medium,https://openlibrary.org/works/OL5489443W,BROAD
openlibrary:OL8892410W,Peter Lindbergh,,10 women,,1996,Schirmer/Mosel,,Specialist photography publisher backlist: Schirmer/Mosel,C,5,Work-level metadata only; verify the exact publisher edition and printing.,,,Medium,https://openlibrary.org/works/OL8892410W,BROAD
openlibrary:OL19095585W,Peter Lindbergh,,Images of Women II: 2005-2014,,2015,Schirmer/Mosel,,Specialist photography publisher backlist: Schirmer/Mosel,C,5,Work-level metadata only; verify the exact publisher edition and printing.,,,Medium,https://openlibrary.org/works/OL19095585W,BROAD
openlibrary:OL8892412W,Peter Lindbergh,,Peter Lindbergh,,1998,Schirmer/Mosel,,Specialist photography publisher backlist: Schirmer/Mosel,C,5,Work-level metadata only; verify the exact publisher edition and printing.,,,Medium,https://openlibrary.org/works/OL8892412W,BROAD
openlibrary:OL10470048W,Peter Pollack,,The picture history of photography,,1958,Thames & Hudson,,Specialist photography publisher backlist: Thames & Hudson,C,5,Work-level metadata only; verify the exact publisher edition and printing.,,,Medium,https://openlibrary.org/works/OL10470048W,BROAD
openlibrary:OL13670679W,Peter Schlör,Dorothee Baer-Bogenschutz | Harald Kraemer | Daniel Spanke,Peter Schlör,,2006,Hatje Cantz,,Specialist photography publisher backlist: Hatje Cantz,C,5,Work-level metadata only; verify the exact publisher edition and printing.,,,Medium,https://openlibrary.org/works/OL13670679W,BROAD
openlibrary:OL20173212W,Peter Steinhauer,,Cocoons,,2018,powerHouse Books,,Specialist photography publisher backlist: powerHouse Books,C,5,Work-level metadata only; verify the exact publisher edition and printing.,,,Medium,https://openlibrary.org/works/OL20173212W,BROAD
openlibrary:OL15906625W,Peter Sutherland,,Buck shots,,2007,powerHouse Books,,Specialist photography publisher backlist: powerHouse Books,C,5,Work-level metadata only; verify the exact publisher edition and printing.,,,Medium,https://openlibrary.org/works/OL15906625W,BROAD
openlibrary:OL12286104W,Peter Sutherland,Zephyr | Ken Miller | Swoon,Pedal,,2006,powerHouse Books,,Specialist photography publisher backlist: powerHouse Books,C,5,Work-level metadata only; verify the exact publisher edition and printing.,,,Medium,https://openlibrary.org/works/OL12286104W,BROAD
openlibrary:OL3552853W,Peter Weiermair,Wilhelm von Gloeden,Wilhelm Van Gloeden,,1994,Taschen,,Specialist photography publisher backlist: Taschen,C,5,Work-level metadata only; verify the exact publisher edition and printing.,,,Medium,https://openlibrary.org/works/OL3552853W,BROAD
openlibrary:OL20221304W,Peter Zelewski,,People of London,,2017,Hoxton Mini Press,,Specialist photography publisher backlist: Hoxton Mini Press,C,5,Work-level metadata only; verify the exact publisher edition and printing.,,,Medium,https://openlibrary.org/works/OL20221304W,BROAD
openlibrary:OL20162766W,Peter Zelewski,,Twins,,2019,Hoxton Mini Press,,Specialist photography publisher backlist: Hoxton Mini Press,C,5,Work-level metadata only; verify the exact publisher edition and printing.,,,Medium,https://openlibrary.org/works/OL20162766W,BROAD
openlibrary:OL2015058W,"Peterson, Charles",,Cypher,,2008,powerHouse Books,,Specialist photography publisher backlist: powerHouse Books,C,5,Work-level metadata only; verify the exact publisher edition and printing.,,,Medium,https://openlibrary.org/works/OL2015058W,BROAD
openlibrary:OL17586458W,Petra Wittmar,,Petra Wittmar Medebach Fotografien Photographs 20092011,,2013,Hatje Cantz,,Specialist photography publisher backlist: Hatje Cantz,C,5,Work-level metadata only; verify the exact publisher edition and printing.,,,Medium,https://openlibrary.org/works/OL17586458W,BROAD
openlibrary:OL25330657W,Phaidon Editors,Joseph L. Underwood | Chika Okeke-Agulu,African Artists,,2021,Phaidon,,Specialist photography publisher backlist: Phaidon,C,5,Work-level metadata only; verify the exact publisher edition and printing.,,,Medium,https://openlibrary.org/works/OL25330657W,BROAD
openlibrary:OL18294637W,Phaidon Press,,The photography book,,1997,Phaidon,,Specialist photography publisher backlist: Phaidon,C,5,Work-level metadata only; verify the exact publisher edition and printing.,,,Medium,https://openlibrary.org/works/OL18294637W,BROAD
openlibrary:OL11775307W,Phil Collins,Caoimhin Mac Giolla Leith | Andrew Renton | David Chandler,I only want you to love me,,2003,Photoworks,,Specialist photography publisher backlist: Photoworks,C,5,Work-level metadata only; verify the exact publisher edition and printing.,,,Medium,https://openlibrary.org/works/OL11775307W,BROAD
openlibrary:OL20995680W,Phil Stern,Brett Ratner,Phil Stern,,2003,powerHouse Books,,Specialist photography publisher backlist: powerHouse Books,C,5,Work-level metadata only; verify the exact publisher edition and printing.,,,Medium,https://openlibrary.org/works/OL20995680W,BROAD
openlibrary:OL32830290W,Philip Bussmann,,Philip Bussmann,,2012,Kehrer,,Specialist photography publisher backlist: Kehrer,C,5,Work-level metadata only; verify the exact publisher edition and printing.,,,Medium,https://openlibrary.org/works/OL32830290W,BROAD
openlibrary:OL585325W,Philippe Garner,,Through the Light Barrier,,1999,Schirmer/Mosel,,Specialist photography publisher backlist: Schirmer/Mosel,C,5,Work-level metadata only; verify the exact publisher edition and printing.,,,Medium,https://openlibrary.org/works/OL585325W,BROAD
openlibrary:OL20157394W,Phillip Prodger,Martin Parr | Grayson Perry,Only Human,,2019,Phaidon,,Specialist photography publisher backlist: Phaidon,C,5,Work-level metadata only; verify the exact publisher edition and printing.,,,Medium,https://openlibrary.org/works/OL20157394W,BROAD
openlibrary:OL4361680W,Pierre.,Momus | Bensusan Pierre | Dan Cameron,Pierre et Gilles,,1991,Taschen,,Specialist photography publisher backlist: Taschen,C,5,Work-level metadata only; verify the exact publisher edition and printing.,,,Medium,https://openlibrary.org/works/OL4361680W,BROAD
openlibrary:OL8925911W,Polly Borland,,The Babies,,2001,powerHouse Books,,Specialist photography publisher backlist: powerHouse Books,C,5,Work-level metadata only; verify the exact publisher edition and printing.,,,Medium,https://openlibrary.org/works/OL8925911W,BROAD
openlibrary:OL21596740W,Polly Braden,David Campany,Adventures in Lea Valley,,2016,Hoxton Mini Press,,Specialist photography publisher backlist: Hoxton Mini Press,C,5,Work-level metadata only; verify the exact publisher edition and printing.,,,Medium,https://openlibrary.org/works/OL21596740W,BROAD
openlibrary:OL20162822W,Polly Braden,David Kynaston,London's Square Mile,,2019,Hoxton Mini Press,,Specialist photography publisher backlist: Hoxton Mini Press,C,5,Work-level metadata only; verify the exact publisher edition and printing.,,,Medium,https://openlibrary.org/works/OL20162822W,BROAD
openlibrary:OL18930870W,Polly Devlin,,Vogue book of fashion photography,,1979,Thames & Hudson,,Specialist photography publisher backlist: Thames & Hudson,C,5,Work-level metadata only; verify the exact publisher edition and printing.,,,Medium,https://openlibrary.org/works/OL18930870W,BROAD
openlibrary:OL17393459W,Powerhouse Books,,Gotta Have It,,2008,powerHouse Books,,Specialist photography publisher backlist: powerHouse Books,C,5,Work-level metadata only; verify the exact publisher edition and printing.,,,Medium,https://openlibrary.org/works/OL17393459W,BROAD
openlibrary:OL11870037W,Rachel Papo,,Serial no. 3817131,,2008,powerHouse Books,,Specialist photography publisher backlist: powerHouse Books,C,5,Work-level metadata only; verify the exact publisher edition and printing.,,,Medium,https://openlibrary.org/works/OL11870037W,BROAD
openlibrary:OL20178851W,Rachel Segal-Hamilton,,Unseen London,,2018,Hoxton Mini Press,,Specialist photography publisher backlist: Hoxton Mini Press,C,5,Work-level metadata only; verify the exact publisher edition and printing.,,,Medium,https://openlibrary.org/works/OL20178851W,BROAD
openlibrary:OL606252W,Raghubir Singh,,A way into India,,2002,Phaidon,,Specialist photography publisher backlist: Phaidon,C,5,Work-level metadata only; verify the exact publisher edition and printing.,,,Medium,https://openlibrary.org/works/OL606252W,BROAD
openlibrary:OL606258W,Raghubir Singh,,River of colour,,1998,Phaidon,,Specialist photography publisher backlist: Phaidon,C,5,Work-level metadata only; verify the exact publisher edition and printing.,,,Medium,https://openlibrary.org/works/OL606258W,BROAD
openlibrary:OL606250W,Raghubir Singh,,River of Colour the India of Raghubir Singh,,2006,Phaidon,,Specialist photography publisher backlist: Phaidon,C,5,Work-level metadata only; verify the exact publisher edition and printing.,,,Medium,https://openlibrary.org/works/OL606250W,BROAD
openlibrary:OL22149786W,Ragnar Axelsson,Einar Geir Ingvarsson,Artic Heroes,,2020,Kehrer,,Specialist photography publisher backlist: Kehrer,C,5,Work-level metadata only; verify the exact publisher edition and printing.,,,Medium,https://openlibrary.org/works/OL22149786W,BROAD
openlibrary:OL32674617W,Rainer Viertlböck,,Oktoberfest,,2016,Schirmer/Mosel,,Specialist photography publisher backlist: Schirmer/Mosel,C,5,Work-level metadata only; verify the exact publisher edition and printing.,,,Medium,https://openlibrary.org/works/OL32674617W,BROAD
openlibrary:OL33041061W,Ralf Peters,,Ralf Peters,,2010,Hatje Cantz,,Specialist photography publisher backlist: Hatje Cantz,C,5,Work-level metadata only; verify the exact publisher edition and printing.,,,Medium,https://openlibrary.org/works/OL33041061W,BROAD
openlibrary:OL8625598W,Ralph Gibson,,Deus Ex Machina (Klotz),,1999,Taschen,,Specialist photography publisher backlist: Taschen,C,5,Work-level metadata only; verify the exact publisher edition and printing.,,,Medium,https://openlibrary.org/works/OL8625598W,BROAD
openlibrary:OL8625609W,Ralph Gibson,,Ex Libris,,2001,powerHouse Books,,Specialist photography publisher backlist: powerHouse Books,C,5,Work-level metadata only; verify the exact publisher edition and printing.,,,Medium,https://openlibrary.org/works/OL8625609W,BROAD
openlibrary:OL19017443W,Ralph Melcher,,Off-Time,,2007,Kehrer,,Specialist photography publisher backlist: Kehrer,C,5,Work-level metadata only; verify the exact publisher edition and printing.,,,Medium,https://openlibrary.org/works/OL19017443W,BROAD
openlibrary:OL4492549W,Reagan Louie,,Orientalia,,2003,powerHouse Books,,Specialist photography publisher backlist: powerHouse Books,C,5,Work-level metadata only; verify the exact publisher edition and printing.,,,Medium,https://openlibrary.org/works/OL4492549W,BROAD
openlibrary:OL25466761W,Renate Aller,Makeda Best,Space Between Memory and Expectation,,2021,Kehrer,,Specialist photography publisher backlist: Kehrer,C,5,Work-level metadata only; verify the exact publisher edition and printing.,,,Medium,https://openlibrary.org/works/OL25466761W,BROAD
openlibrary:OL4624358W,Renate Ponsold,"Dore Ashton | Motherwell, Robert.",Eye to eye,,1988,Phaidon,,Specialist photography publisher backlist: Phaidon,C,5,Work-level metadata only; verify the exact publisher edition and printing.,,,Medium,https://openlibrary.org/works/OL4624358W,BROAD
openlibrary:OL15396580W,Renate Wiehager,Rudolf Scheutle | Renate Wiehager,Moving pictures,,2001,Hatje Cantz,,Specialist photography publisher backlist: Hatje Cantz,C,5,Work-level metadata only; verify the exact publisher edition and printing.,,,Medium,https://openlibrary.org/works/OL15396580W,BROAD
openlibrary:OL9169891W,René Burri,René Burri,Die Deutschen,,1986,Schirmer/Mosel,,Specialist photography publisher backlist: Schirmer/Mosel,C,5,Work-level metadata only; verify the exact publisher edition and printing.,,,Medium,https://openlibrary.org/works/OL9169891W,BROAD
openlibrary:OL7945574W,Reuters,,Reuters,,1898,Thames & Hudson,,Specialist photography publisher backlist: Thames & Hudson,C,5,Work-level metadata only; verify the exact publisher edition and printing.,,,Medium,https://openlibrary.org/works/OL7945574W,BROAD
openlibrary:OL19337581W,Rhiannon Adam,,Polaroid: The Complete Guide to Experimental Instant Photography,,2017,Thames & Hudson,,Specialist photography publisher backlist: Thames & Hudson,C,5,Work-level metadata only; verify the exact publisher edition and printing.,,,Medium,https://openlibrary.org/works/OL19337581W,BROAD
openlibrary:OL23835252W,Richard Avedon,Annelie Lütgens | Laura Wilson,Richard Avedon,,2001,Hatje Cantz,,Specialist photography publisher backlist: Hatje Cantz | Specialist photography publisher backlist: Steidl,C,5,Work-level metadata only; verify the exact publisher edition and printing.,,,Medium,https://openlibrary.org/works/OL23835252W,BROAD
openlibrary:OL25314506W,Richard Gosnold,,It Starts with Silence,,2021,Kehrer,,Specialist photography publisher backlist: Kehrer,C,5,Work-level metadata only; verify the exact publisher edition and printing.,,,Medium,https://openlibrary.org/works/OL25314506W,BROAD
openlibrary:OL16151370W,Richard Phibbs,,Chasing beauty,,2010,powerHouse Books,,Specialist photography publisher backlist: powerHouse Books,C,5,Work-level metadata only; verify the exact publisher edition and printing.,,,Medium,https://openlibrary.org/works/OL16151370W,BROAD
openlibrary:OL2443213W,Richard Prince,Jan Seewald,Richard Prince,,1983,Hatje Cantz,,Specialist photography publisher backlist: Hatje Cantz,C,5,Work-level metadata only; verify the exact publisher edition and printing.,,,Medium,https://openlibrary.org/works/OL2443213W,BROAD
openlibrary:OL20237736W,Richard Sandler,,The Eyes of the City,,2016,powerHouse Books,,Specialist photography publisher backlist: powerHouse Books,C,5,Work-level metadata only; verify the exact publisher edition and printing.,,,Medium,https://openlibrary.org/works/OL20237736W,BROAD
openlibrary:OL21692808W,Rick Schatzberg,,Boys,,2020,powerHouse Books,,Specialist photography publisher backlist: powerHouse Books,C,5,Work-level metadata only; verify the exact publisher edition and printing.,,,Medium,https://openlibrary.org/works/OL21692808W,BROAD
openlibrary:OL19095574W,Rineke Dijkstra,,Portraits,,2004,Schirmer/Mosel,,Specialist photography publisher backlist: Schirmer/Mosel,C,5,Work-level metadata only; verify the exact publisher edition and printing.,,,Medium,https://openlibrary.org/works/OL19095574W,BROAD
openlibrary:OL903146W,Rineke Dijkstra,,Rineke Dijkstra,,2001,Hatje Cantz,,Specialist photography publisher backlist: Hatje Cantz,C,5,Work-level metadata only; verify the exact publisher edition and printing.,,,Medium,https://openlibrary.org/works/OL903146W,BROAD
openlibrary:OL17424024W,Rinko Kawauchi,,Illuminance,,2011,Kehrer,,Specialist photography publisher backlist: Kehrer | Specialist photography publisher backlist: Aperture,C,5,Work-level metadata only; verify the exact publisher edition and printing.,,,Medium,https://openlibrary.org/works/OL17424024W,BROAD
openlibrary:OL21333283W,Rob Ball,,Funland,,2019,Hoxton Mini Press,,Specialist photography publisher backlist: Hoxton Mini Press,C,5,Work-level metadata only; verify the exact publisher edition and printing.,,,Medium,https://openlibrary.org/works/OL21333283W,BROAD
openlibrary:OL103032W,Robert Capa,,Robert Capa,,1969,Phaidon,,Specialist photography publisher backlist: Phaidon,C,5,Work-level metadata only; verify the exact publisher edition and printing.,,,Medium,https://openlibrary.org/works/OL103032W,BROAD
openlibrary:OL9098678W,Robert Enoch,,Ville Lenkkeri,,2007,Hatje Cantz,,Specialist photography publisher backlist: Hatje Cantz,C,5,Work-level metadata only; verify the exact publisher edition and printing.,,,Medium,https://openlibrary.org/works/OL9098678W,BROAD
openlibrary:OL2265236W,Robert F. Hammerstiel,,Glücksfutter,,1998,Kehrer,,Specialist photography publisher backlist: Kehrer,C,5,Work-level metadata only; verify the exact publisher edition and printing.,,,Medium,https://openlibrary.org/works/OL2265236W,BROAD
openlibrary:OL13470945W,Robert Häusser,,Robert Häusser,,1972,Kehrer,,Specialist photography publisher backlist: Kehrer,C,5,Work-level metadata only; verify the exact publisher edition and printing.,,,Medium,https://openlibrary.org/works/OL13470945W,BROAD
openlibrary:OL2051110W,Robert Mapplethorpe,,Flowers,,1990,Schirmer/Mosel,,Specialist photography publisher backlist: Schirmer/Mosel,C,5,Work-level metadata only; verify the exact publisher edition and printing.,,,Medium,https://openlibrary.org/works/OL2051110W,BROAD
openlibrary:OL2051114W,Robert Mapplethorpe,,"Lady, Lisa Lyon",,1983,Schirmer/Mosel,,Specialist photography publisher backlist: Schirmer/Mosel,C,5,Work-level metadata only; verify the exact publisher edition and printing.,,,Medium,https://openlibrary.org/works/OL2051114W,BROAD
openlibrary:OL2051119W,Robert Mapplethorpe,,Robert Mapplethorpe,,1981,Schirmer/Mosel,,Specialist photography publisher backlist: Schirmer/Mosel,C,5,Work-level metadata only; verify the exact publisher edition and printing.,,,Medium,https://openlibrary.org/works/OL2051119W,BROAD
openlibrary:OL2051106W,Robert Mapplethorpe,Els Barents,Ten by ten,,1988,Schirmer/Mosel,,Specialist photography publisher backlist: Schirmer/Mosel,C,5,Work-level metadata only; verify the exact publisher edition and printing.,,,Medium,https://openlibrary.org/works/OL2051106W,BROAD
openlibrary:OL2051113W,Robert Mapplethorpe,,The Black book,,1986,Schirmer/Mosel,,Specialist photography publisher backlist: Schirmer/Mosel,C,5,Work-level metadata only; verify the exact publisher edition and printing.,,,Medium,https://openlibrary.org/works/OL2051113W,BROAD
openlibrary:OL15487730W,Roberto Koch,,Photo:box,,2009,Thames & Hudson,,Specialist photography publisher backlist: Thames & Hudson,C,5,Work-level metadata only; verify the exact publisher edition and printing.,,,Medium,https://openlibrary.org/works/OL15487730W,BROAD
openlibrary:OL19993778W,Robin Layton,,Hoop,,2013,powerHouse Books,,Specialist photography publisher backlist: powerHouse Books,C,5,Work-level metadata only; verify the exact publisher edition and printing.,,,Medium,https://openlibrary.org/works/OL19993778W,BROAD
openlibrary:OL8265356W,Robin Muir,,Tim Walker,,2008,Hatje Cantz,,Specialist photography publisher backlist: Hatje Cantz | Specialist photography publisher backlist: Thames & Hudson,C,5,Work-level metadata only; verify the exact publisher edition and printing.,,,Medium,https://openlibrary.org/works/OL8265356W,BROAD
openlibrary:OL20035076W,Robin Muir,,Vogue 100,,2016,Hatje Cantz,,Specialist photography publisher backlist: Hatje Cantz,C,5,Work-level metadata only; verify the exact publisher edition and printing.,,,Medium,https://openlibrary.org/works/OL20035076W,BROAD
openlibrary:OL18368064W,Rodrigo Alonso,,Vitamin Ph,,2006,Phaidon,,Specialist photography publisher backlist: Phaidon,C,5,Work-level metadata only; verify the exact publisher edition and printing.,,,Medium,https://openlibrary.org/works/OL18368064W,BROAD
openlibrary:OL20307334W,Roger Ballen,Elisabeth Sussman | Peter Weiermair,Outland,,2001,Phaidon,,Specialist photography publisher backlist: Phaidon,C,5,Work-level metadata only; verify the exact publisher edition and printing.,,,Medium,https://openlibrary.org/works/OL20307334W,BROAD
openlibrary:OL31891990W,Roger Fritz,,Boulevard der Eitelkeiten,,2022,Schirmer/Mosel,,Specialist photography publisher backlist: Schirmer/Mosel,C,5,Work-level metadata only; verify the exact publisher edition and printing.,,,Medium,https://openlibrary.org/works/OL31891990W,BROAD
openlibrary:OL28024762W,Roger Grasas,,Ha Aretz,,2022,Kehrer,,Specialist photography publisher backlist: Kehrer,C,5,Work-level metadata only; verify the exact publisher edition and printing.,,,Medium,https://openlibrary.org/works/OL28024762W,BROAD
openlibrary:OL25104397W,Rolf Hengesbach,Martin Hochleitner | Michael Reisch,Michael Reisch,,2006,Hatje Cantz,,Specialist photography publisher backlist: Hatje Cantz,C,5,Work-level metadata only; verify the exact publisher edition and printing.,,,Medium,https://openlibrary.org/works/OL25104397W,BROAD
openlibrary:OL21600481W,Rolf Sachs,,Camera in Motion,,2016,Kehrer,,Specialist photography publisher backlist: Kehrer,C,5,Work-level metadata only; verify the exact publisher edition and printing.,,,Medium,https://openlibrary.org/works/OL21600481W,BROAD
openlibrary:OL31515776W,Rolf Sachsse,Gunther Geltinger | Alexandra Cox,Anja Schlamann,,2014,Kehrer,,Specialist photography publisher backlist: Kehrer,C,5,Work-level metadata only; verify the exact publisher edition and printing.,,,Medium,https://openlibrary.org/works/OL31515776W,BROAD
openlibrary:OL19123342W,Rolf Sachsse,,East,,2001,Hatje Cantz,,Specialist photography publisher backlist: Hatje Cantz,C,5,Work-level metadata only; verify the exact publisher edition and printing.,,,Medium,https://openlibrary.org/works/OL19123342W,BROAD
openlibrary:OL18707784W,Ron Galella,,Disco years,,2006,powerHouse Books,,Specialist photography publisher backlist: powerHouse Books,C,5,Work-level metadata only; verify the exact publisher edition and printing.,,,Medium,https://openlibrary.org/works/OL18707784W,BROAD
openlibrary:OL21278283W,Ronan Guillou,Bill Kouwenhoven | Michel Poivert,Country Limit,,2016,Kehrer,,Specialist photography publisher backlist: Kehrer,C,5,Work-level metadata only; verify the exact publisher edition and printing.,,,Medium,https://openlibrary.org/works/OL21278283W,BROAD
openlibrary:OL20252377W,Ronni Campana,,Badly Repaired Cars,,2019,Hoxton Mini Press,,Specialist photography publisher backlist: Hoxton Mini Press,C,5,Work-level metadata only; verify the exact publisher edition and printing.,,,Medium,https://openlibrary.org/works/OL20252377W,BROAD
openlibrary:OL16656082W,Rose Issa,Michket Krifa | Marta Rachel Weiss,Arab photography now,,2011,Kehrer,,Specialist photography publisher backlist: Kehrer,C,5,Work-level metadata only; verify the exact publisher edition and printing.,,,Medium,https://openlibrary.org/works/OL16656082W,BROAD
openlibrary:OL21678382W,Rosemarie Zens,,Moon Rabbit,,2020,Kehrer,,Specialist photography publisher backlist: Kehrer,C,5,Work-level metadata only; verify the exact publisher edition and printing.,,,Medium,https://openlibrary.org/works/OL21678382W,BROAD
openlibrary:OL551100W,Roy C. Strong,Cecil Beaton,"Cecil Beaton, The Royal Portraits",,1963,Thames & Hudson,,Specialist photography publisher backlist: Thames & Hudson,C,5,Work-level metadata only; verify the exact publisher edition and printing.,,,Medium,https://openlibrary.org/works/OL551100W,BROAD
openlibrary:OL6224410W,Roy Stuart,,Roy Stuart,,1998,Taschen,,Specialist photography publisher backlist: Taschen,C,5,Work-level metadata only; verify the exact publisher edition and printing.,,,Medium,https://openlibrary.org/works/OL6224410W,BROAD
openlibrary:OL6224408W,Roy Stuart,,"Roy Stuart, Vol. 2",,2003,Taschen,,Specialist photography publisher backlist: Taschen,C,5,Work-level metadata only; verify the exact publisher edition and printing.,,,Medium,https://openlibrary.org/works/OL6224408W,BROAD
openlibrary:OL8725809W,Runa Islam,,Runa Islam,,2008,Kehrer,,Specialist photography publisher backlist: Kehrer,C,5,Work-level metadata only; verify the exact publisher edition and printing.,,,Medium,https://openlibrary.org/works/OL8725809W,BROAD
openlibrary:OL32422490W,Ruth Stoltenberg,,Schengen,,2018,Kehrer,,Specialist photography publisher backlist: Kehrer,C,5,Work-level metadata only; verify the exact publisher edition and printing.,,,Medium,https://openlibrary.org/works/OL32422490W,BROAD
openlibrary:OL4580700W,"Ryan, Paul",,Willy Ronis,,2002,Phaidon,,Specialist photography publisher backlist: Phaidon,C,5,Work-level metadata only; verify the exact publisher edition and printing.,,,Medium,https://openlibrary.org/works/OL4580700W,BROAD
openlibrary:OL19641301W,Ryann Ford,,The Last Stop: Vanishing Rest Stops of the American Roadside,,2016,powerHouse Books,,Specialist photography publisher backlist: powerHouse Books,C,5,Work-level metadata only; verify the exact publisher edition and printing.,,,Medium,https://openlibrary.org/works/OL19641301W,BROAD
openlibrary:OL21227581W,Sabau,,Concept Photography Real,,2009,Hatje Cantz,,Specialist photography publisher backlist: Hatje Cantz,C,5,Work-level metadata only; verify the exact publisher edition and printing.,,,Medium,https://openlibrary.org/works/OL21227581W,BROAD
openlibrary:OL32133984W,Sabine Schirdewahn,Sabine Seitz | Anne-Marie Beckmann | Ralf Dingeldein,Ray 2021,,2021,Kehrer,,Specialist photography publisher backlist: Kehrer,C,5,Work-level metadata only; verify the exact publisher edition and printing.,,,Medium,https://openlibrary.org/works/OL32133984W,BROAD
openlibrary:OL21631178W,Sabine Schnakenberg,,Street. Life. Photography,,2018,Kehrer,,Specialist photography publisher backlist: Kehrer,C,5,Work-level metadata only; verify the exact publisher edition and printing.,,,Medium,https://openlibrary.org/works/OL21631178W,BROAD
openlibrary:OL20053932W,Sage Sohier,,Witness to beauty,,2016,Kehrer,,Specialist photography publisher backlist: Kehrer,C,5,Work-level metadata only; verify the exact publisher edition and printing.,,,Medium,https://openlibrary.org/works/OL20053932W,BROAD
openlibrary:OL20990837W,Salvo Galano,Patrick Markee,Sidewalk Stories,,2001,powerHouse Books,,Specialist photography publisher backlist: powerHouse Books,C,5,Work-level metadata only; verify the exact publisher edition and printing.,,,Medium,https://openlibrary.org/works/OL20990837W,BROAD
openlibrary:OL12239889M,Sam Samore,,Situations,,2000,powerHouse Books,,Specialist photography publisher backlist: powerHouse Books,C,5,Work-level metadata only; verify the exact publisher edition and printing.,,,Medium,https://openlibrary.org/works/OL12239889M,BROAD
openlibrary:OL5972219W,Sam Stephenson,,W. Eugene Smith,,2001,Phaidon,,Specialist photography publisher backlist: Phaidon,C,5,Work-level metadata only; verify the exact publisher edition and printing.,,,Medium,https://openlibrary.org/works/OL5972219W,BROAD
openlibrary:OL20179699W,Samuel Zeller,,Botanical,,2018,Hoxton Mini Press,,Specialist photography publisher backlist: Hoxton Mini Press,C,5,Work-level metadata only; verify the exact publisher edition and printing.,,,Medium,https://openlibrary.org/works/OL20179699W,BROAD
openlibrary:OL19967715W,Sandi Haber Fifield,,After the threshold,,2013,Kehrer,,Specialist photography publisher backlist: Kehrer,C,5,Work-level metadata only; verify the exact publisher edition and printing.,,,Medium,https://openlibrary.org/works/OL19967715W,BROAD
openlibrary:OL12053421W,Sandra Mann,,Night life,,2003,Kehrer,,Specialist photography publisher backlist: Kehrer,C,5,Work-level metadata only; verify the exact publisher edition and printing.,,,Medium,https://openlibrary.org/works/OL12053421W,BROAD
openlibrary:OL136740W,Sante D'Orazio,,A Private View,,1998,Schirmer/Mosel,,Specialist photography publisher backlist: Schirmer/Mosel,C,5,Work-level metadata only; verify the exact publisher edition and printing.,,,Medium,https://openlibrary.org/works/OL136740W,BROAD
openlibrary:OL136741W,Sante D'Orazio,,Sante D'Orazio,,1998,Schirmer/Mosel,,Specialist photography publisher backlist: Schirmer/Mosel,C,5,Work-level metadata only; verify the exact publisher edition and printing.,,,Medium,https://openlibrary.org/works/OL136741W,BROAD
openlibrary:OL21676406W,Santeri Tuori,,Santeri Tuori,,2006,Hatje Cantz,,Specialist photography publisher backlist: Hatje Cantz,C,5,Work-level metadata only; verify the exact publisher edition and printing.,,,Medium,https://openlibrary.org/works/OL21676406W,BROAD
openlibrary:OL26119992W,Sara Macel,,What Did the Deep Sea Say,,2022,Kehrer,,Specialist photography publisher backlist: Kehrer,C,5,Work-level metadata only; verify the exact publisher edition and printing.,,,Medium,https://openlibrary.org/works/OL26119992W,BROAD
openlibrary:OL21620443W,Sarah Cooper,Nina Gorfer,I Know Not These My Hands,,2017,Kehrer,,Specialist photography publisher backlist: Kehrer,C,5,Work-level metadata only; verify the exact publisher edition and printing.,,,Medium,https://openlibrary.org/works/OL21620443W,BROAD
openlibrary:OL27973530W,Sarah Dobai,"Jan Baetens | Green, David | Joanna Lowry",Theatres of the real,,2009,Photoworks,,Specialist photography publisher backlist: Photoworks,C,5,Work-level metadata only; verify the exact publisher edition and printing.,,,Medium,https://openlibrary.org/works/OL27973530W,BROAD
openlibrary:OL15451440W,Sarah Moon,,Sarah Moon,,2016,Kehrer,,Specialist photography publisher backlist: Kehrer,C,5,Work-level metadata only; verify the exact publisher edition and printing.,,,Medium,https://openlibrary.org/works/OL15451440W,BROAD
openlibrary:OL6212423W,Sarajane Hoare,,Talking fashion Sarajane Hoare,,2002,powerHouse Books,,Specialist photography publisher backlist: powerHouse Books,C,5,Work-level metadata only; verify the exact publisher edition and printing.,,,Medium,https://openlibrary.org/works/OL6212423W,BROAD
openlibrary:OL19981899W,Sarina Finkelstein,,The new forty-niners,,2013,Kehrer,,Specialist photography publisher backlist: Kehrer,C,5,Work-level metadata only; verify the exact publisher edition and printing.,,,Medium,https://openlibrary.org/works/OL19981899W,BROAD
openlibrary:OL12948255W,Savage.,,This is yours now / [Savage],,2007,Cornerhouse,,Specialist photography publisher backlist: Cornerhouse,C,5,Work-level metadata only; verify the exact publisher edition and printing.,,,Medium,https://openlibrary.org/works/OL12948255W,BROAD
openlibrary:OL21257084W,Scarlett Hooft Graafland,Els Barents | Sue Steward,Soft Horizons,,2012,Kehrer,,Specialist photography publisher backlist: Kehrer,C,5,Work-level metadata only; verify the exact publisher edition and printing.,,,Medium,https://openlibrary.org/works/OL21257084W,BROAD
openlibrary:OL9098505W,Schmalriede Manfred,,What Germans Wanted,,1999,Hatje Cantz,,Specialist photography publisher backlist: Hatje Cantz,C,5,Work-level metadata only; verify the exact publisher edition and printing.,,,Medium,https://openlibrary.org/works/OL9098505W,BROAD
openlibrary:OL32893758W,Sebastian Kusenberg,,Sebastian Kusenberg,,2015,Kehrer,,Specialist photography publisher backlist: Kehrer,C,5,Work-level metadata only; verify the exact publisher edition and printing.,,,Medium,https://openlibrary.org/works/OL32893758W,BROAD
openlibrary:OL520221W,Sebastião Salgado,Mia Couto | Lélia Wanick Salgado,Africa,,2007,Taschen,,Specialist photography publisher backlist: Taschen,C,5,Work-level metadata only; verify the exact publisher edition and printing.,,,Medium,https://openlibrary.org/works/OL520221W,BROAD
openlibrary:OL19670487W,Sebastião Salgado,Lélia Wanick Salgado | Lelia Wanick Salgado,Genesis,,2013,Taschen,,Specialist photography publisher backlist: Taschen,C,5,Work-level metadata only; verify the exact publisher edition and printing.,,,Medium,https://openlibrary.org/works/OL19670487W,BROAD
openlibrary:OL25735354W,Serge Clement,Celina Lunsford | Catherine Bedard,Dépaysé,,2014,Kehrer,,Specialist photography publisher backlist: Kehrer,C,5,Work-level metadata only; verify the exact publisher edition and printing.,,,Medium,https://openlibrary.org/works/OL25735354W,BROAD
openlibrary:OL6144079W,Serge Nazarieff,,Early erotic photography,,1993,Taschen,,Specialist photography publisher backlist: Taschen,C,5,Work-level metadata only; verify the exact publisher edition and printing.,,,Medium,https://openlibrary.org/works/OL6144079W,BROAD
openlibrary:OL21016851W,Seth Kushner,Anthony LaSala,Brooklynites,,2007,powerHouse Books,,Specialist photography publisher backlist: powerHouse Books,C,5,Work-level metadata only; verify the exact publisher edition and printing.,,,Medium,https://openlibrary.org/works/OL21016851W,BROAD
openlibrary:OL21234053W,Shelley Calton,Tracy Xavia Carner,Hard Knocks,,2009,Kehrer,,Specialist photography publisher backlist: Kehrer,C,5,Work-level metadata only; verify the exact publisher edition and printing.,,,Medium,https://openlibrary.org/works/OL21234053W,BROAD
openlibrary:OL21350540W,Sheron Rupp,Sheron Rupp | Peter Galassi Peter,Taken from Memory,,2019,Kehrer,,Specialist photography publisher backlist: Kehrer,C,5,Work-level metadata only; verify the exact publisher edition and printing.,,,Medium,https://openlibrary.org/works/OL21350540W,BROAD
openlibrary:OL20162758W,Shirley Baker,,Dog Show,,2019,Hoxton Mini Press,,Specialist photography publisher backlist: Hoxton Mini Press,C,5,Work-level metadata only; verify the exact publisher edition and printing.,,,Medium,https://openlibrary.org/works/OL20162758W,BROAD
openlibrary:OL12327910W,Shoich Aoki,,Fruits,,2001,Phaidon,,Specialist photography publisher backlist: Phaidon,C,5,Work-level metadata only; verify the exact publisher edition and printing.,,,Medium,https://openlibrary.org/works/OL12327910W,BROAD
openlibrary:OL6224929W,Shōichi Aoki,,Fresh fruits,,2005,Phaidon,,Specialist photography publisher backlist: Phaidon,C,5,Work-level metadata only; verify the exact publisher edition and printing.,,,Medium,https://openlibrary.org/works/OL6224929W,BROAD
openlibrary:OL6224930W,Shōichi Aoki,,Fruits,,2001,Phaidon,,Specialist photography publisher backlist: Phaidon,C,5,Work-level metadata only; verify the exact publisher edition and printing.,,,Medium,https://openlibrary.org/works/OL6224930W,BROAD
openlibrary:OL15946348W,Shosuke Ishizu,,Take Ivy,,2010,powerHouse Books,,Specialist photography publisher backlist: powerHouse Books,C,5,Work-level metadata only; verify the exact publisher edition and printing.,,,Medium,https://openlibrary.org/works/OL15946348W,BROAD
openlibrary:OL32990152W,Sibylle Fendt,,Gärtners Reise = Gärtners' voyage,,2012,Kehrer,,Specialist photography publisher backlist: Kehrer,C,5,Work-level metadata only; verify the exact publisher edition and printing.,,,Medium,https://openlibrary.org/works/OL32990152W,BROAD
openlibrary:OL21574144W,Simon Crofts,,Expectations,,2015,Kehrer,,Specialist photography publisher backlist: Kehrer,C,5,Work-level metadata only; verify the exact publisher edition and printing.,,,Medium,https://openlibrary.org/works/OL21574144W,BROAD
openlibrary:OL21548827W,Simone Egidio Sartori,,Atmen Ohne Pause,,2014,Kehrer,,Specialist photography publisher backlist: Kehrer,C,5,Work-level metadata only; verify the exact publisher edition and printing.,,,Medium,https://openlibrary.org/works/OL21548827W,BROAD
openlibrary:OL32750322W,Simone Nieweg,,"Der Wald, die Bäume, das Licht",,2016,Schirmer/Mosel,,Specialist photography publisher backlist: Schirmer/Mosel,C,5,Work-level metadata only; verify the exact publisher edition and printing.,,,Medium,https://openlibrary.org/works/OL32750322W,BROAD
openlibrary:OL13597067W,Simone Nieweg,,Simone Nieweg,,2002,Schirmer/Mosel,,Specialist photography publisher backlist: Schirmer/Mosel,C,5,Work-level metadata only; verify the exact publisher edition and printing.,,,Medium,https://openlibrary.org/works/OL13597067W,BROAD
openlibrary:OL18355223W,SK Stiftung Kultur. Photographische Sammlung,,Vergleichende Konzeptionen,,1997,Schirmer/Mosel,,Specialist photography publisher backlist: Schirmer/Mosel,C,5,Work-level metadata only; verify the exact publisher edition and printing.,,,Medium,https://openlibrary.org/works/OL18355223W,BROAD
openlibrary:OL20200683W,Slava Mogutin,,Bros & Brosephines,,2017,powerHouse Books,,Specialist photography publisher backlist: powerHouse Books,C,5,Work-level metadata only; verify the exact publisher edition and printing.,,,Medium,https://openlibrary.org/works/OL20200683W,BROAD
openlibrary:OL8925977W,Slava Mogutin,,Lost Boys,,2001,powerHouse Books,,Specialist photography publisher backlist: powerHouse Books,C,5,Work-level metadata only; verify the exact publisher edition and printing.,,,Medium,https://openlibrary.org/works/OL8925977W,BROAD
openlibrary:OL20146995W,Snorri Bros.,,Barflies,,2018,powerHouse Books,,Specialist photography publisher backlist: powerHouse Books,C,5,Work-level metadata only; verify the exact publisher edition and printing.,,,Medium,https://openlibrary.org/works/OL20146995W,BROAD
openlibrary:OL21263659W,Sol Neelman,Mike Davies | Brandy Rettig,Weird Sports 2,,2015,Kehrer,,Specialist photography publisher backlist: Kehrer,C,5,Work-level metadata only; verify the exact publisher edition and printing.,,,Medium,https://openlibrary.org/works/OL21263659W,BROAD
openlibrary:OL21245980W,Solvej Helweg Ovesen,Katerina Gregos,Eye Is a Lonely Hunter,,2012,Kehrer,,Specialist photography publisher backlist: Kehrer,C,5,Work-level metadata only; verify the exact publisher edition and printing.,,,Medium,https://openlibrary.org/works/OL21245980W,BROAD
openlibrary:OL25316274W,Sophia Spring,,Park Life,,2021,Hoxton Mini Press,,Specialist photography publisher backlist: Hoxton Mini Press,C,5,Work-level metadata only; verify the exact publisher edition and printing.,,,Medium,https://openlibrary.org/works/OL25316274W,BROAD
openlibrary:OL2289148W,Sophie Calle,,Exquisite pain,,2004,Thames & Hudson,,Specialist photography publisher backlist: Thames & Hudson,C,5,Work-level metadata only; verify the exact publisher edition and printing.,,,Medium,https://openlibrary.org/works/OL2289148W,BROAD
openlibrary:OL18259495W,Sophie Dahl,,Rare birds,,2005,powerHouse Books,,Specialist photography publisher backlist: powerHouse Books,C,5,Work-level metadata only; verify the exact publisher edition and printing.,,,Medium,https://openlibrary.org/works/OL18259495W,BROAD
openlibrary:OL20178854W,Sophie Harris-Taylor,,Sisters,,2018,Hoxton Mini Press,,Specialist photography publisher backlist: Hoxton Mini Press,C,5,Work-level metadata only; verify the exact publisher edition and printing.,,,Medium,https://openlibrary.org/works/OL20178854W,BROAD
openlibrary:OL16495127W,Sophie Howarth,,Street photography now,,2010,Thames & Hudson,,Specialist photography publisher backlist: Thames & Hudson,C,5,Work-level metadata only; verify the exact publisher edition and printing.,,,Medium,https://openlibrary.org/works/OL16495127W,BROAD
openlibrary:OL8369784W,Sophie Spencer-Wood,,Family,,2005,Phaidon,,Specialist photography publisher backlist: Phaidon,C,5,Work-level metadata only; verify the exact publisher edition and printing.,,,Medium,https://openlibrary.org/works/OL8369784W,BROAD
openlibrary:OL13786331W,Sophy Rickett,Mark Durden | Urs Stahel | David Chandler,Sophy Rickett,,2005,Photoworks,,Specialist photography publisher backlist: Photoworks | Specialist photography publisher backlist: Steidl,C,5,Work-level metadata only; verify the exact publisher edition and printing.,,,Medium,https://openlibrary.org/works/OL13786331W,BROAD
openlibrary:OL20223229W,Spencer Murphy,,Urban Dirt Bikers,,2017,Hoxton Mini Press,,Specialist photography publisher backlist: Hoxton Mini Press,C,5,Work-level metadata only; verify the exact publisher edition and printing.,,,Medium,https://openlibrary.org/works/OL20223229W,BROAD
openlibrary:OL32857728W,Staatliche Kunstsammlungen Dresden,,Wols Photograph,,2013,Hatje Cantz,,Specialist photography publisher backlist: Hatje Cantz,C,5,Work-level metadata only; verify the exact publisher edition and printing.,,,Medium,https://openlibrary.org/works/OL32857728W,BROAD
openlibrary:OL13760957W,Stanford Lipsey,,Affinity of form,,2009,powerHouse Books,,Specialist photography publisher backlist: powerHouse Books,C,5,Work-level metadata only; verify the exact publisher edition and printing.,,,Medium,https://openlibrary.org/works/OL13760957W,BROAD
openlibrary:OL32679306W,Stefan Gronert,,Jeff Wall,,2016,Schirmer/Mosel,,Specialist photography publisher backlist: Schirmer/Mosel,C,5,Work-level metadata only; verify the exact publisher edition and printing.,,,Medium,https://openlibrary.org/works/OL32679306W,BROAD
openlibrary:OL22798245W,Steffi Klenz,,Polo,,2009,Cornerhouse,,Specialist photography publisher backlist: Cornerhouse,C,5,Work-level metadata only; verify the exact publisher edition and printing.,,,Medium,https://openlibrary.org/works/OL22798245W,BROAD
openlibrary:OL19132355W,Stephan Berg,Bernd Schulz,Unschärferelation,,2000,Hatje Cantz,,Specialist photography publisher backlist: Hatje Cantz,C,5,Work-level metadata only; verify the exact publisher edition and printing.,,,Medium,https://openlibrary.org/works/OL19132355W,BROAD
openlibrary:OL25273625W,Stephan Erfurt,,On the Road,,2018,Kehrer,,Specialist photography publisher backlist: Kehrer,C,5,Work-level metadata only; verify the exact publisher edition and printing.,,,Medium,https://openlibrary.org/works/OL25273625W,BROAD
openlibrary:OL12327757W,Stéphane Marais,,Beauty flash,,2001,Thames & Hudson,,Specialist photography publisher backlist: Thames & Hudson | Specialist photography publisher backlist: Steidl,C,5,Work-level metadata only; verify the exact publisher edition and printing.,,,Medium,https://openlibrary.org/works/OL12327757W,BROAD
openlibrary:OL17531477W,Stephanie von Spreter,,Mette Tronvoll Photographs Fotografien,,2010,Schirmer/Mosel,,Specialist photography publisher backlist: Schirmer/Mosel,C,5,Work-level metadata only; verify the exact publisher edition and printing.,,,Medium,https://openlibrary.org/works/OL17531477W,BROAD
openlibrary:OL20178988W,Stephen McLaren,,The Crash,,2018,Hoxton Mini Press,,Specialist photography publisher backlist: Hoxton Mini Press,C,5,Work-level metadata only; verify the exact publisher edition and printing.,,,Medium,https://openlibrary.org/works/OL20178988W,BROAD
openlibrary:OL2673845W,Stephen Shore,Lynne Tillman | Stephan Schmidt-Wulffen,Stephen Shore,,1993,Schirmer/Mosel,,Specialist photography publisher backlist: Schirmer/Mosel | Specialist photography publisher backlist: Aperture | Specialist photography publisher backlist: Phaidon,C,5,Work-level metadata only; verify the exact publisher edition and printing.,,,Medium,https://openlibrary.org/works/OL2673845W,BROAD
openlibrary:OL2673843W,Stephen Shore,,The nature of photographs,,1998,Phaidon,,Specialist photography publisher backlist: Phaidon,C,5,Work-level metadata only; verify the exact publisher edition and printing.,,,Medium,https://openlibrary.org/works/OL2673843W,BROAD
openlibrary:OL2673844W,Stephen Shore,,Uncommon places,,1982,Schirmer/Mosel,,Specialist photography publisher backlist: Schirmer/Mosel | Specialist photography publisher backlist: Aperture,C,5,Work-level metadata only; verify the exact publisher edition and printing.,,,Medium,https://openlibrary.org/works/OL2673844W,BROAD
openlibrary:OL4989844W,Steve McCurry,,Portraits,,1999,Phaidon,,Specialist photography publisher backlist: Phaidon,C,5,Work-level metadata only; verify the exact publisher edition and printing.,,,Medium,https://openlibrary.org/works/OL4989844W,BROAD
openlibrary:OL4989845W,Steve McCurry,,Retratos,,2004,Phaidon,,Specialist photography publisher backlist: Phaidon,C,5,Work-level metadata only; verify the exact publisher edition and printing.,,,Medium,https://openlibrary.org/works/OL4989845W,BROAD
openlibrary:OL17741482W,Steve McCurry,,Steve McCurry,,2004,Phaidon,,Specialist photography publisher backlist: Phaidon,C,5,Work-level metadata only; verify the exact publisher edition and printing.,,,Medium,https://openlibrary.org/works/OL17741482W,BROAD
openlibrary:OL21190099W,Steve McCurry,William Kerry Purcell,Steve Mccurry Untold,,2013,Phaidon,,Specialist photography publisher backlist: Phaidon,C,5,Work-level metadata only; verify the exact publisher edition and printing.,,,Medium,https://openlibrary.org/works/OL21190099W,BROAD
openlibrary:OL17465474W,Steve McCurry,,The Iconic Photographs,,2012,Phaidon,,Specialist photography publisher backlist: Phaidon,C,5,Work-level metadata only; verify the exact publisher edition and printing.,,,Medium,https://openlibrary.org/works/OL17465474W,BROAD
openlibrary:OL16174035W,Steve McCurry,,The unguarded moment,,2009,Phaidon,,Specialist photography publisher backlist: Phaidon,C,5,Work-level metadata only; verify the exact publisher edition and printing.,,,Medium,https://openlibrary.org/works/OL16174035W,BROAD
openlibrary:OL17434560W,Steve McCurry,,Untold The Stories Behind The Photographs,,2012,Phaidon,,Specialist photography publisher backlist: Phaidon,C,5,Work-level metadata only; verify the exact publisher edition and printing.,,,Medium,https://openlibrary.org/works/OL17434560W,BROAD
openlibrary:OL3165615W,Steve Pyke,,Philosophers,,1993,Cornerhouse,,Specialist photography publisher backlist: Cornerhouse,C,5,Work-level metadata only; verify the exact publisher edition and printing.,,,Medium,https://openlibrary.org/works/OL3165615W,BROAD
openlibrary:OL7800185W,Steve Schapiro,,Schapiro's Heroes,,2007,powerHouse Books,,Specialist photography publisher backlist: powerHouse Books,C,5,Work-level metadata only; verify the exact publisher edition and printing.,,,Medium,https://openlibrary.org/works/OL7800185W,BROAD
openlibrary:OL20202979W,Steven Burton,,Skin Deep,,2017,powerHouse Books,,Specialist photography publisher backlist: powerHouse Books,C,5,Work-level metadata only; verify the exact publisher edition and printing.,,,Medium,https://openlibrary.org/works/OL20202979W,BROAD
openlibrary:OL20229084W,Steven Hirsch,,Gowanus Waters,,2016,powerHouse Books,,Specialist photography publisher backlist: powerHouse Books,C,5,Work-level metadata only; verify the exact publisher edition and printing.,,,Medium,https://openlibrary.org/works/OL20229084W,BROAD
openlibrary:OL32639193W,Stina Brockman,,Stina Brockman,,2016,Kehrer,,Specialist photography publisher backlist: Kehrer,C,5,Work-level metadata only; verify the exact publisher edition and printing.,,,Medium,https://openlibrary.org/works/OL32639193W,BROAD
openlibrary:OL19095573W,Struth Thomas,,Thomas Struth: Pergamon Museum 1-6,,2004,Schirmer/Mosel,,Specialist photography publisher backlist: Schirmer/Mosel,C,5,Work-level metadata only; verify the exact publisher edition and printing.,,,Medium,https://openlibrary.org/works/OL19095573W,BROAD
openlibrary:OL35381096W,Stuart Cosgrove,Val Williams | Paul Reas,Flogging a Dead Horse,,1993,Cornerhouse,,Specialist photography publisher backlist: Cornerhouse,C,5,Work-level metadata only; verify the exact publisher edition and printing.,,,Medium,https://openlibrary.org/works/OL35381096W,BROAD
openlibrary:OL19369500W,Stuart Franklin,,The Documentary Impulse,,2016,Phaidon,,Specialist photography publisher backlist: Phaidon,C,5,Work-level metadata only; verify the exact publisher edition and printing.,,,Medium,https://openlibrary.org/works/OL19369500W,BROAD
openlibrary:OL22630635W,Stuart Griffiths,,The myth of the airborne warrior,,2011,Photoworks,,Specialist photography publisher backlist: Photoworks,C,5,Work-level metadata only; verify the exact publisher edition and printing.,,,Medium,https://openlibrary.org/works/OL22630635W,BROAD
openlibrary:OL15392116W,Studs Terkel,,Young Bob,,2003,powerHouse Books,,Specialist photography publisher backlist: powerHouse Books,C,5,Work-level metadata only; verify the exact publisher edition and printing.,,,Medium,https://openlibrary.org/works/OL15392116W,BROAD
openlibrary:OL19641278W,Susan Anderson,,High Glitz: The Extravagant World of Child Beauty Pageants,,2009,powerHouse Books,,Specialist photography publisher backlist: powerHouse Books,C,5,Work-level metadata only; verify the exact publisher edition and printing.,,,Medium,https://openlibrary.org/works/OL19641278W,BROAD
openlibrary:OL17403050W,Susan Kismaric,,Time Frames City Pictures,,2008,powerHouse Books,,Specialist photography publisher backlist: powerHouse Books,C,5,Work-level metadata only; verify the exact publisher edition and printing.,,,Medium,https://openlibrary.org/works/OL17403050W,BROAD
openlibrary:OL12239888M,Susan Lipper,,Grapevine,,2000,powerHouse Books,,Specialist photography publisher backlist: powerHouse Books | Specialist photography publisher backlist: Cornerhouse,C,5,Work-level metadata only; verify the exact publisher edition and printing.,,,Medium,https://openlibrary.org/works/OL12239888M,BROAD
openlibrary:OL18402073W,Susan Meiselas,,Susan Meiselas,,2008,Thames & Hudson,,Specialist photography publisher backlist: Thames & Hudson | Specialist photography publisher backlist: Steidl,C,5,Work-level metadata only; verify the exact publisher edition and printing.,,,Medium,https://openlibrary.org/works/OL18402073W,BROAD
openlibrary:OL21603844W,Susanna Majuri,,Sense of Water,,2016,Kehrer,,Specialist photography publisher backlist: Kehrer,C,5,Work-level metadata only; verify the exact publisher edition and printing.,,,Medium,https://openlibrary.org/works/OL21603844W,BROAD
openlibrary:OL20178799W,Susannah Ray,,New York Waterways,,2018,Hoxton Mini Press,,Specialist photography publisher backlist: Hoxton Mini Press,C,5,Work-level metadata only; verify the exact publisher edition and printing.,,,Medium,https://openlibrary.org/works/OL20178799W,BROAD
openlibrary:OL21559741W,Susanne Hefti,,Peach,,2014,Kehrer,,Specialist photography publisher backlist: Kehrer,C,5,Work-level metadata only; verify the exact publisher edition and printing.,,,Medium,https://openlibrary.org/works/OL21559741W,BROAD
openlibrary:OL19492875W,Susanne Pfleger,Bernhard Jussen | Klaus Kruger | Isabell Schenk-Weininger,Jörg Herold,,2006,Hatje Cantz,,Specialist photography publisher backlist: Hatje Cantz,C,5,Work-level metadata only; verify the exact publisher edition and printing.,,,Medium,https://openlibrary.org/works/OL19492875W,BROAD
openlibrary:OL21303118W,Susanne von Meiss,The Susanne The Susanne von Meiss Collection | Birgit Filzmeier | Felix Hoffmann,Allure,,2016,Kehrer,,Specialist photography publisher backlist: Kehrer,C,5,Work-level metadata only; verify the exact publisher edition and printing.,,,Medium,https://openlibrary.org/works/OL21303118W,BROAD
openlibrary:OL16801225W,"Susen Hefuna, Hans Ulrich Obrist",,Pars Pro Toto,,2008,Kehrer,,Specialist photography publisher backlist: Kehrer,C,5,Work-level metadata only; verify the exact publisher edition and printing.,,,Medium,https://openlibrary.org/works/OL16801225W,BROAD
openlibrary:OL2645301W,Suzanne Slesin,,The book of lofts,,1986,Thames & Hudson,,Specialist photography publisher backlist: Thames & Hudson,C,5,Work-level metadata only; verify the exact publisher edition and printing.,,,Medium,https://openlibrary.org/works/OL2645301W,BROAD
openlibrary:OL32995424W,Sven Jacobsen,,Back to Mama,,2011,Kehrer,,Specialist photography publisher backlist: Kehrer,C,5,Work-level metadata only; verify the exact publisher edition and printing.,,,Medium,https://openlibrary.org/works/OL32995424W,BROAD
openlibrary:OL19641275W,Sylvia Plachy,,"25 Under 25: Up And Coming American Photographers, Vol 2",,2008,powerHouse Books,,Specialist photography publisher backlist: powerHouse Books,C,5,Work-level metadata only; verify the exact publisher edition and printing.,,,Medium,https://openlibrary.org/works/OL19641275W,BROAD
openlibrary:OL17493239W,T. J. Demos,,Vitamin Ph New Perspectives In Photography,,2009,Phaidon,,Specialist photography publisher backlist: Phaidon,C,5,Work-level metadata only; verify the exact publisher edition and printing.,,,Medium,https://openlibrary.org/works/OL17493239W,BROAD
openlibrary:OL2445444W,Tadao Andō,,The colours of light,,1996,Phaidon,,Specialist photography publisher backlist: Phaidon,C,5,Work-level metadata only; verify the exact publisher edition and printing.,,,Medium,https://openlibrary.org/works/OL2445444W,BROAD
openlibrary:OL21245724W,Taj Forer,,Stone by Stone,,2011,Kehrer,,Specialist photography publisher backlist: Kehrer,C,5,Work-level metadata only; verify the exact publisher edition and printing.,,,Medium,https://openlibrary.org/works/OL21245724W,BROAD
openlibrary:OL4653722W,Tamarra Kaida,,Higley,,2007,Kehrer,,Specialist photography publisher backlist: Kehrer,C,5,Work-level metadata only; verify the exact publisher edition and printing.,,,Medium,https://openlibrary.org/works/OL4653722W,BROAD
openlibrary:OL21285179W,Tami Amit,Alexandre Castant | Ory Dessau,Insomnia,,2016,Kehrer,,Specialist photography publisher backlist: Kehrer,C,5,Work-level metadata only; verify the exact publisher edition and printing.,,,Medium,https://openlibrary.org/works/OL21285179W,BROAD
openlibrary:OL21680927W,Tariq Zaidi,,Sapeurs,,2020,Kehrer,,Specialist photography publisher backlist: Kehrer,C,5,Work-level metadata only; verify the exact publisher edition and printing.,,,Medium,https://openlibrary.org/works/OL21680927W,BROAD
openlibrary:OL21708068W,TASCHEN,,Big Book of Pussy,,2020,Taschen,,Specialist photography publisher backlist: Taschen,C,5,Work-level metadata only; verify the exact publisher edition and printing.,,,Medium,https://openlibrary.org/works/OL21708068W,BROAD
openlibrary:OL9024821W,"Taschen America, Inc.",,Helmut Newton (Blankbooks),,2000,Taschen,,Specialist photography publisher backlist: Taschen,C,5,Work-level metadata only; verify the exact publisher edition and printing.,,,Medium,https://openlibrary.org/works/OL9024821W,BROAD
openlibrary:OL16803203W,Taschen Publishing,,Pierre Et Gilles,,2008,Taschen,,Specialist photography publisher backlist: Taschen,C,5,Work-level metadata only; verify the exact publisher edition and printing.,,,Medium,https://openlibrary.org/works/OL16803203W,BROAD
openlibrary:OL8309258W,Taschen Publishing,,Pk-Shulman (Postcardbooks),,1999,Taschen,,Specialist photography publisher backlist: Taschen,C,5,Work-level metadata only; verify the exact publisher edition and printing.,,,Medium,https://openlibrary.org/works/OL8309258W,BROAD
openlibrary:OL23434798W,Tatjana Neef,,Unbelichtet,,2010,Kehrer,,Specialist photography publisher backlist: Kehrer,C,5,Work-level metadata only; verify the exact publisher edition and printing.,,,Medium,https://openlibrary.org/works/OL23434798W,BROAD
openlibrary:OL28356041W,"Taylor, Christopher",,Illuminations,,2022,Kehrer,,Specialist photography publisher backlist: Kehrer,C,5,Work-level metadata only; verify the exact publisher edition and printing.,,,Medium,https://openlibrary.org/works/OL28356041W,BROAD
openlibrary:OL17926770W,Terry Jones,Susie Rushton,Fashion now 2,,2005,Taschen,,Specialist photography publisher backlist: Taschen,C,5,Work-level metadata only; verify the exact publisher edition and printing.,,,Medium,https://openlibrary.org/works/OL17926770W,BROAD
openlibrary:OL8586000W,Terry Richardson,,Terryworld,,2004,Taschen,,Specialist photography publisher backlist: Taschen,C,5,Work-level metadata only; verify the exact publisher edition and printing.,,,Medium,https://openlibrary.org/works/OL8586000W,BROAD
openlibrary:OL18252024W,Thierry de Duve,,Jeff Wall,,2002,Phaidon,,Specialist photography publisher backlist: Phaidon,C,5,Work-level metadata only; verify the exact publisher edition and printing.,,,Medium,https://openlibrary.org/works/OL18252024W,BROAD
openlibrary:OL2713165W,Thierry Le Gouès,,Soul,,1997,powerHouse Books,,Specialist photography publisher backlist: powerHouse Books,C,5,Work-level metadata only; verify the exact publisher edition and printing.,,,Medium,https://openlibrary.org/works/OL2713165W,BROAD
openlibrary:OL19096864W,Thierry-Maxime Loriot,,Peter Lindbergh: A Different Vision on Fashion Photography (Multilingual Edition),,2016,Taschen,,Specialist photography publisher backlist: Taschen,C,5,Work-level metadata only; verify the exact publisher edition and printing.,,,Medium,https://openlibrary.org/works/OL19096864W,BROAD
openlibrary:OL5792928W,Thomas Demand,Ralph Rugoff | Julia Franck | Hiroshi Sugimoto,Thomas Demand,,2000,Schirmer/Mosel,,Specialist photography publisher backlist: Schirmer/Mosel,C,5,Work-level metadata only; verify the exact publisher edition and printing.,,,Medium,https://openlibrary.org/works/OL5792928W,BROAD
openlibrary:OL17482698W,Thomas Elsen,,Along With Simon H2zentrum Fr Gegenwartskunst Im Glaspalast Kunstsammlungen Und Museen Augsburg,,2010,Kehrer,,Specialist photography publisher backlist: Kehrer,C,5,Work-level metadata only; verify the exact publisher edition and printing.,,,Medium,https://openlibrary.org/works/OL17482698W,BROAD
openlibrary:OL9899108W,Thomas Elsen,,Lotuslillies (Edition Galerie),,2004,Kehrer,,Specialist photography publisher backlist: Kehrer,C,5,Work-level metadata only; verify the exact publisher edition and printing.,,,Medium,https://openlibrary.org/works/OL9899108W,BROAD
openlibrary:OL23754418W,Thomas Elsner,,Nadja Auermann,,2000,Schirmer/Mosel,,Specialist photography publisher backlist: Schirmer/Mosel,C,5,Work-level metadata only; verify the exact publisher edition and printing.,,,Medium,https://openlibrary.org/works/OL23754418W,BROAD
openlibrary:OL16413706W,Thomas Florschuetz,,Thomas Florschuetz,,2009,Hatje Cantz,,Specialist photography publisher backlist: Hatje Cantz | Specialist photography publisher backlist: Steidl,C,5,Work-level metadata only; verify the exact publisher edition and printing.,,,Medium,https://openlibrary.org/works/OL16413706W,BROAD
openlibrary:OL24010933W,Thomas Höpker,,Thomas Hoepker,,2005,Schirmer/Mosel,,Specialist photography publisher backlist: Schirmer/Mosel,C,5,Work-level metadata only; verify the exact publisher edition and printing.,,,Medium,https://openlibrary.org/works/OL24010933W,BROAD
openlibrary:OL1832351W,Thomas Roma,,Enduring Justice,,2001,powerHouse Books,,Specialist photography publisher backlist: powerHouse Books,C,5,Work-level metadata only; verify the exact publisher edition and printing.,,,Medium,https://openlibrary.org/works/OL1832351W,BROAD
openlibrary:OL20237527W,Thomas Roma,,Plato's Dogs,,2016,powerHouse Books,,Specialist photography publisher backlist: powerHouse Books,C,5,Work-level metadata only; verify the exact publisher edition and printing.,,,Medium,https://openlibrary.org/works/OL20237527W,BROAD
openlibrary:OL1832347W,Thomas Roma,,Sicilian Passage,,2003,powerHouse Books,,Specialist photography publisher backlist: powerHouse Books,C,5,Work-level metadata only; verify the exact publisher edition and printing.,,,Medium,https://openlibrary.org/works/OL1832347W,BROAD
openlibrary:OL2367596W,Thomas Ruff,,Nudes,,2003,Schirmer/Mosel,,Specialist photography publisher backlist: Schirmer/Mosel,C,5,Work-level metadata only; verify the exact publisher edition and printing.,,,Medium,https://openlibrary.org/works/OL2367596W,BROAD
openlibrary:OL16639261W,Thomas Ruff,,Thomas Ruff,,2012,Schirmer/Mosel,,Specialist photography publisher backlist: Schirmer/Mosel | Specialist photography publisher backlist: Kehrer,C,5,Work-level metadata only; verify the exact publisher edition and printing.,,,Medium,https://openlibrary.org/works/OL16639261W,BROAD
openlibrary:OL2367598W,Thomas Ruff,,"Thomas Ruff, nudes",,2003,Schirmer/Mosel,,Specialist photography publisher backlist: Schirmer/Mosel,C,5,Work-level metadata only; verify the exact publisher edition and printing.,,,Medium,https://openlibrary.org/works/OL2367598W,BROAD
openlibrary:OL19453354W,Thomas Seelig,Christoph Ribbat | Brigitte Werneburg | Philip-Lorca diCorcia,Yet untitled,,2003,Hatje Cantz,,Specialist photography publisher backlist: Hatje Cantz,C,5,Work-level metadata only; verify the exact publisher edition and printing.,,,Medium,https://openlibrary.org/works/OL19453354W,BROAD
openlibrary:OL2243719W,Thomas Struth,,Museum Photographs,,2005,Schirmer/Mosel,,Specialist photography publisher backlist: Schirmer/Mosel,C,5,Work-level metadata only; verify the exact publisher edition and printing.,,,Medium,https://openlibrary.org/works/OL2243719W,BROAD
openlibrary:OL2243726W,Thomas Struth,,Still,,1998,Schirmer/Mosel,,Specialist photography publisher backlist: Schirmer/Mosel,C,5,Work-level metadata only; verify the exact publisher edition and printing.,,,Medium,https://openlibrary.org/works/OL2243726W,BROAD
openlibrary:OL2243727W,Thomas Struth,,Strangers and friends,,1994,Schirmer/Mosel,,Specialist photography publisher backlist: Schirmer/Mosel,C,5,Work-level metadata only; verify the exact publisher edition and printing.,,,Medium,https://openlibrary.org/works/OL2243727W,BROAD
openlibrary:OL31397844W,Thomas Struth,,Thomas Struth Composition 19 /anglais/allemand,,2019,Schirmer/Mosel,,Specialist photography publisher backlist: Schirmer/Mosel,C,5,Work-level metadata only; verify the exact publisher edition and printing.,,,Medium,https://openlibrary.org/works/OL31397844W,BROAD
openlibrary:OL2243729W,Thomas Struth,,"Thomas Struth, portraits",,1992,Schirmer/Mosel,,Specialist photography publisher backlist: Schirmer/Mosel,C,5,Work-level metadata only; verify the exact publisher edition and printing.,,,Medium,https://openlibrary.org/works/OL2243729W,BROAD
openlibrary:OL22775857W,Thomas Struth,,Unconscious places,,2012,Schirmer/Mosel,,Specialist photography publisher backlist: Schirmer/Mosel,C,5,Work-level metadata only; verify the exact publisher edition and printing.,,,Medium,https://openlibrary.org/works/OL22775857W,BROAD
openlibrary:OL32600039W,Thomas Wrede,,Sceneries,,2018,Kehrer,,Specialist photography publisher backlist: Kehrer,C,5,Work-level metadata only; verify the exact publisher edition and printing.,,,Medium,https://openlibrary.org/works/OL32600039W,BROAD
openlibrary:OL16588771W,Thomas Wrede,,Thomas Wrede,,2010,Kehrer,,Specialist photography publisher backlist: Kehrer,C,5,Work-level metadata only; verify the exact publisher edition and printing.,,,Medium,https://openlibrary.org/works/OL16588771W,BROAD
openlibrary:OL21298365W,Thorsten Sadowsky,Ernst Ludwig Kirchner,Ernst Ludwig Kirchner - The Artist As Photographer,,2016,Kehrer,,Specialist photography publisher backlist: Kehrer,C,5,Work-level metadata only; verify the exact publisher edition and printing.,,,Medium,https://openlibrary.org/works/OL21298365W,BROAD
openlibrary:OL21351078W,Tim Brown,,East End in Colour 1980-1990,,2019,Hoxton Mini Press,,Specialist photography publisher backlist: Hoxton Mini Press,C,5,Work-level metadata only; verify the exact publisher edition and printing.,,,Medium,https://openlibrary.org/works/OL21351078W,BROAD
openlibrary:OL13596670W,Tim Eitel,,Tim Eitel,,2007,Hatje Cantz,,Specialist photography publisher backlist: Hatje Cantz,C,5,Work-level metadata only; verify the exact publisher edition and printing.,,,Medium,https://openlibrary.org/works/OL13596670W,BROAD
openlibrary:OL21655078W,Tim Parchikov,,I Am Not a Robot,,2020,Kehrer,,Specialist photography publisher backlist: Kehrer,C,5,Work-level metadata only; verify the exact publisher edition and printing.,,,Medium,https://openlibrary.org/works/OL21655078W,BROAD
openlibrary:OL25738811W,Tim Richmond,Jörg M. Colberg,Last Best Hiding Place,,2015,Kehrer,,Specialist photography publisher backlist: Kehrer,C,5,Work-level metadata only; verify the exact publisher edition and printing.,,,Medium,https://openlibrary.org/works/OL25738811W,BROAD
openlibrary:OL32778993W,Timo Kelaranta,,Timo Kelaranta,,2014,Kehrer,,Specialist photography publisher backlist: Kehrer,C,5,Work-level metadata only; verify the exact publisher edition and printing.,,,Medium,https://openlibrary.org/works/OL32778993W,BROAD
openlibrary:OL5741597W,Timothy Greenfield-Sanders,Katie Couric | Simon Dumenco | Heatherette,Look,,2006,powerHouse Books,,Specialist photography publisher backlist: powerHouse Books,C,5,Work-level metadata only; verify the exact publisher edition and printing.,,,Medium,https://openlibrary.org/works/OL5741597W,BROAD
openlibrary:OL21101690W,Timothy Persons,Alistair Hicks | Lyle Rexer | Christoph Tannert,Helsinki School,,2009,Hatje Cantz,,Specialist photography publisher backlist: Hatje Cantz,C,5,Work-level metadata only; verify the exact publisher edition and printing.,,,Medium,https://openlibrary.org/works/OL21101690W,BROAD
openlibrary:OL25130714W,Timothy Persons,Alistair Hicks | Sandra Kantanen | Tomas Traskman,Sandra Kantanen,,2011,Hatje Cantz,,Specialist photography publisher backlist: Hatje Cantz,C,5,Work-level metadata only; verify the exact publisher edition and printing.,,,Medium,https://openlibrary.org/works/OL25130714W,BROAD
openlibrary:OL32626267W,Tina Ruisinger,,Tina Ruisinger,,2017,Kehrer,,Specialist photography publisher backlist: Kehrer,C,5,Work-level metadata only; verify the exact publisher edition and printing.,,,Medium,https://openlibrary.org/works/OL32626267W,BROAD
openlibrary:OL9877510W,Toby Glanville,,Actual Life,,2002,Photoworks,,Specialist photography publisher backlist: Photoworks,C,5,Work-level metadata only; verify the exact publisher edition and printing.,,,Medium,https://openlibrary.org/works/OL9877510W,BROAD
openlibrary:OL5940739W,Tom of Finland,Tom | Micha Ramakers,Tom of Finland,,1991,Taschen,,Specialist photography publisher backlist: Taschen,C,5,Work-level metadata only; verify the exact publisher edition and printing.,,,Medium,https://openlibrary.org/works/OL5940739W,BROAD
openlibrary:OL18395102W,Tom Rankin,Lauren Greenfield,Twenty-five under twenty-five,,2003,powerHouse Books,,Specialist photography publisher backlist: powerHouse Books,C,5,Work-level metadata only; verify the exact publisher edition and printing.,,,Medium,https://openlibrary.org/works/OL18395102W,BROAD
openlibrary:OL27091823W,Tomasz Liboska,,Cut It Short,,2022,Kehrer,,Specialist photography publisher backlist: Kehrer,C,5,Work-level metadata only; verify the exact publisher edition and printing.,,,Medium,https://openlibrary.org/works/OL27091823W,BROAD
openlibrary:OL21544077W,Tomek Niewiadomski,Magdalena Ujma,Tomek Niewiadomski - Blue,,2014,Kehrer,,Specialist photography publisher backlist: Kehrer,C,5,Work-level metadata only; verify the exact publisher edition and printing.,,,Medium,https://openlibrary.org/works/OL21544077W,BROAD
openlibrary:OL19090617W,Toni Schneiders,,Toni Schneiders: Photography,,2008,Hatje Cantz,,Specialist photography publisher backlist: Hatje Cantz,C,5,Work-level metadata only; verify the exact publisher edition and printing.,,,Medium,https://openlibrary.org/works/OL19090617W,BROAD
openlibrary:OL19090601W,toni-schneiders-landesmuseum-koblenz,,Toni Schneiders,,2006,Hatje Cantz,,Specialist photography publisher backlist: Hatje Cantz,C,5,Work-level metadata only; verify the exact publisher edition and printing.,,,Medium,https://openlibrary.org/works/OL19090601W,BROAD
openlibrary:OL6250630W,Tony Vaccaro,,Entering Germany,,2001,Taschen,,Specialist photography publisher backlist: Taschen,C,5,Work-level metadata only; verify the exact publisher edition and printing.,,,Medium,https://openlibrary.org/works/OL6250630W,BROAD
openlibrary:OL35721357W,Topp MILLER,,Garry Fabian Miller,,2023,Cornerhouse,,Specialist photography publisher backlist: Cornerhouse,C,5,Work-level metadata only; verify the exact publisher edition and printing.,,,Medium,https://openlibrary.org/works/OL35721357W,BROAD
openlibrary:OL27849184W,Torrance York,Rebecca A. Senf,Semaphore,,2022,Kehrer,,Specialist photography publisher backlist: Kehrer,C,5,Work-level metadata only; verify the exact publisher edition and printing.,,,Medium,https://openlibrary.org/works/OL27849184W,BROAD
openlibrary:OL32652320W,Ulf Erdmann Ziegler,,Bernd & Hilla Becher im Gespräch,,2016,Schirmer/Mosel,,Specialist photography publisher backlist: Schirmer/Mosel,C,5,Work-level metadata only; verify the exact publisher edition and printing.,,,Medium,https://openlibrary.org/works/OL32652320W,BROAD
openlibrary:OL19158668W,Ulf Poschardt,Marion de Beaupré,"Archeology of elegance, 1980-2000",,2002,Schirmer/Mosel,,Specialist photography publisher backlist: Schirmer/Mosel | Specialist photography publisher backlist: Thames & Hudson,C,5,Work-level metadata only; verify the exact publisher edition and printing.,,,Medium,https://openlibrary.org/works/OL19158668W,BROAD
openlibrary:OL33194949W,Uli Bohnen,,Uli Bohnen,,2006,Hatje Cantz,,Specialist photography publisher backlist: Hatje Cantz,C,5,Work-level metadata only; verify the exact publisher edition and printing.,,,Medium,https://openlibrary.org/works/OL33194949W,BROAD
openlibrary:OL4055298W,Ulrich Pohlmann,,"Lehrjahre, Lichtjahre",,2000,Schirmer/Mosel,,Specialist photography publisher backlist: Schirmer/Mosel,C,5,Work-level metadata only; verify the exact publisher edition and printing.,,,Medium,https://openlibrary.org/works/OL4055298W,BROAD
openlibrary:OL21592921W,Ulrich Wust,,Spater Sommer / Letzter Herbst,,2016,Kehrer,,Specialist photography publisher backlist: Kehrer,C,5,Work-level metadata only; verify the exact publisher edition and printing.,,,Medium,https://openlibrary.org/works/OL21592921W,BROAD
openlibrary:OL21629184W,Ulrike Crespo,,Cold Landscape,,2018,Kehrer,,Specialist photography publisher backlist: Kehrer,C,5,Work-level metadata only; verify the exact publisher edition and printing.,,,Medium,https://openlibrary.org/works/OL21629184W,BROAD
openlibrary:OL21508984W,Ulrike Crespo,Catherin Nielsen,Ulrike Crespo,,2011,Kehrer,,Specialist photography publisher backlist: Kehrer,C,5,Work-level metadata only; verify the exact publisher edition and printing.,,,Medium,https://openlibrary.org/works/OL21508984W,BROAD
openlibrary:OL17539782W,Ulrike Willingmann,,From Polaroid to Impossible,,2011,Hatje Cantz,,Specialist photography publisher backlist: Hatje Cantz,C,5,Work-level metadata only; verify the exact publisher edition and printing.,,,Medium,https://openlibrary.org/works/OL17539782W,BROAD
openlibrary:OL3603974W,Urs Lüthi,,Run for your life,,2000,Hatje Cantz,,Specialist photography publisher backlist: Hatje Cantz,C,5,Work-level metadata only; verify the exact publisher edition and printing.,,,Medium,https://openlibrary.org/works/OL3603974W,BROAD
openlibrary:OL21265776W,Ursula Sprecher,,HOBBY BUDDIES - FREIZEITFREUNDE,,2014,Kehrer,,Specialist photography publisher backlist: Kehrer,C,5,Work-level metadata only; verify the exact publisher edition and printing.,,,Medium,https://openlibrary.org/works/OL21265776W,BROAD
openlibrary:OL32645833W,Ursula Wulfekamp,Simon Byrne | Katy Derbyshire,Imagine reality,,2015,Kehrer,,Specialist photography publisher backlist: Kehrer,C,5,Work-level metadata only; verify the exact publisher edition and printing.,,,Medium,https://openlibrary.org/works/OL32645833W,BROAD
openlibrary:OL31515773W,Ute Mahler,Ingo Taubhorn | Brigitte Woischnik | T. O. Immisch,"Ute Mahler, Werner Mahler",,2014,Kehrer,,Specialist photography publisher backlist: Kehrer,C,5,Work-level metadata only; verify the exact publisher edition and printing.,,,Medium,https://openlibrary.org/works/OL31515773W,BROAD
openlibrary:OL18835720W,Uwe M. Schneede,Uwe Fleckner,Begierde im Blick: surrealistische Photographie. Ausstellung Hamburger Kunsthalle 10. M arz bis 29. Mai 2005,,2005,Hatje Cantz,,Specialist photography publisher backlist: Hatje Cantz,C,5,Work-level metadata only; verify the exact publisher edition and printing.,,,Medium,https://openlibrary.org/works/OL18835720W,BROAD
openlibrary:OL5006778W,Uwe Ommer,,1000 families,,2000,Taschen,,Specialist photography publisher backlist: Taschen,C,5,Work-level metadata only; verify the exact publisher edition and printing.,,,Medium,https://openlibrary.org/works/OL5006778W,BROAD
openlibrary:OL17584548W,Val Williams,,Anna Fox Photographs 19832007,,2005,Photoworks,,Specialist photography publisher backlist: Photoworks,C,5,Work-level metadata only; verify the exact publisher edition and printing.,,,Medium,https://openlibrary.org/works/OL17584548W,BROAD
openlibrary:OL16520833W,Val Williams,,Daniel Meadows,,2011,Photoworks,,Specialist photography publisher backlist: Photoworks,C,5,Work-level metadata only; verify the exact publisher edition and printing.,,,Medium,https://openlibrary.org/works/OL16520833W,BROAD
openlibrary:OL3167106W,Val Williams,,Derek Ridgers,,2004,Photoworks,,Specialist photography publisher backlist: Photoworks,C,5,Work-level metadata only; verify the exact publisher edition and printing.,,,Medium,https://openlibrary.org/works/OL3167106W,BROAD
openlibrary:OL3167118W,Val Williams,,Martin Parr,,2002,Phaidon,,Specialist photography publisher backlist: Phaidon,C,5,Work-level metadata only; verify the exact publisher edition and printing.,,,Medium,https://openlibrary.org/works/OL3167118W,BROAD
openlibrary:OL24844327W,Val Williams,Chris Harrison,Noblesse oblige,,,Photoworks,,Specialist photography publisher backlist: Photoworks,C,5,Work-level metadata only; verify the exact publisher edition and printing.,,,Medium,https://openlibrary.org/works/OL24844327W,BROAD
openlibrary:OL3167120W,Val Williams,,Who's Looking at the Family,,1994,Cornerhouse,,Specialist photography publisher backlist: Cornerhouse,C,5,Work-level metadata only; verify the exact publisher edition and printing.,,,Medium,https://openlibrary.org/works/OL3167120W,BROAD
openlibrary:OL21605356W,Valerie Loudon,Moritz Stipsicz,Insights - Wienerberger Contemporary Photography Collection,,2018,Kehrer,,Specialist photography publisher backlist: Kehrer,C,5,Work-level metadata only; verify the exact publisher edition and printing.,,,Medium,https://openlibrary.org/works/OL21605356W,BROAD
openlibrary:OL4288065W,Van Deren Coke,,"Avant-garde photography in Germany, 1919-1939",,1982,Schirmer/Mosel,,Specialist photography publisher backlist: Schirmer/Mosel,C,5,Work-level metadata only; verify the exact publisher edition and printing.,,,Medium,https://openlibrary.org/works/OL4288065W,BROAD
openlibrary:OL15063288W,Various,,Issue 3,,2007,powerHouse Books,,Specialist photography publisher backlist: powerHouse Books,C,5,Work-level metadata only; verify the exact publisher edition and printing.,,,Medium,https://openlibrary.org/works/OL15063288W,BROAD
openlibrary:OL25737739W,Vee Speers,Julie Esteve,Bulletproof,,2014,Kehrer,,Specialist photography publisher backlist: Kehrer,C,5,Work-level metadata only; verify the exact publisher edition and printing.,,,Medium,https://openlibrary.org/works/OL25737739W,BROAD
openlibrary:OL16164891W,Vera Mercer,Vera Mercer,Vera Mercer,,2010,Kehrer,,Specialist photography publisher backlist: Kehrer,C,5,Work-level metadata only; verify the exact publisher edition and printing.,,,Medium,https://openlibrary.org/works/OL16164891W,BROAD
openlibrary:OL32760904W,Veronica Losantos,,Veronica Losantos / Anja Schürmann,,2015,Kehrer,,Specialist photography publisher backlist: Kehrer,C,5,Work-level metadata only; verify the exact publisher edition and printing.,,,Medium,https://openlibrary.org/works/OL32760904W,BROAD
openlibrary:OL1926060W,Veronique Vial,,Hollywood Splash,,2003,powerHouse Books,,Specialist photography publisher backlist: powerHouse Books,C,5,Work-level metadata only; verify the exact publisher edition and printing.,,,Medium,https://openlibrary.org/works/OL1926060W,BROAD
openlibrary:OL1926061W,Veronique Vial,,Men before 10 A.M. too!!!,,2001,powerHouse Books,,Specialist photography publisher backlist: powerHouse Books,C,5,Work-level metadata only; verify the exact publisher edition and printing.,,,Medium,https://openlibrary.org/works/OL1926061W,BROAD
openlibrary:OL1926064W,Veronique Vial,,Women before 10 A.M,,1998,powerHouse Books,,Specialist photography publisher backlist: powerHouse Books,C,5,Work-level metadata only; verify the exact publisher edition and printing.,,,Medium,https://openlibrary.org/works/OL1926064W,BROAD
openlibrary:OL18736541W,Victor von Brauchitsch,,Sichtweite,,2009,Kehrer,,Specialist photography publisher backlist: Kehrer,C,5,Work-level metadata only; verify the exact publisher edition and printing.,,,Medium,https://openlibrary.org/works/OL18736541W,BROAD
openlibrary:OL8772605W,Vince Aletti,,Kohei Yoshiyuki,,2007,Hatje Cantz,,Specialist photography publisher backlist: Hatje Cantz,C,5,Work-level metadata only; verify the exact publisher edition and printing.,,,Medium,https://openlibrary.org/works/OL8772605W,BROAD
openlibrary:OL19099324W,Vince Aletti,Adam Harrison Levy | Carrie Springer | Margit Erb,Saul Leiter,,2012,Kehrer,,Specialist photography publisher backlist: Kehrer,C,5,Work-level metadata only; verify the exact publisher edition and printing.,,,Medium,https://openlibrary.org/works/OL19099324W,BROAD
openlibrary:OL21665876W,Vincent Desailly,Nadine Barth | Gucci Mane,Vincent Desailly,,2019,Hatje Cantz,,Specialist photography publisher backlist: Hatje Cantz,C,5,Work-level metadata only; verify the exact publisher edition and printing.,,,Medium,https://openlibrary.org/works/OL21665876W,BROAD
openlibrary:OL21782579W,Vivian Maier,John Maloof | Marvin Heiferman | Howard Greenberg,Vivian Maier,,2012,powerHouse Books,,Specialist photography publisher backlist: powerHouse Books,C,5,Work-level metadata only; verify the exact publisher edition and printing.,,,Medium,https://openlibrary.org/works/OL21782579W,BROAD
openlibrary:OL17582191W,Vivian Maier,,Vivian Maier Selfportraits,,2013,powerHouse Books,,Specialist photography publisher backlist: powerHouse Books,C,5,Work-level metadata only; verify the exact publisher edition and printing.,,,Medium,https://openlibrary.org/works/OL17582191W,BROAD
openlibrary:OL17408564W,Vivian Maier,,"Vivian Maier, Street Photographer",,2011,powerHouse Books,,Specialist photography publisher backlist: powerHouse Books,C,5,Work-level metadata only; verify the exact publisher edition and printing.,,,Medium,https://openlibrary.org/works/OL17408564W,BROAD
openlibrary:OL21678375W,Vivian Rutsch,,Still Here,,2020,Kehrer,,Specialist photography publisher backlist: Kehrer,C,5,Work-level metadata only; verify the exact publisher edition and printing.,,,Medium,https://openlibrary.org/works/OL21678375W,BROAD
openlibrary:OL9024660W,Vlastimil Kula,,Kula,,2004,Taschen,,Specialist photography publisher backlist: Taschen,C,5,Work-level metadata only; verify the exact publisher edition and printing.,,,Medium,https://openlibrary.org/works/OL9024660W,BROAD
openlibrary:OL19656276W,W. Honscheidt,Uwe Scheid,Wheels and curves,,1994,Taschen,,Specialist photography publisher backlist: Taschen,C,5,Work-level metadata only; verify the exact publisher edition and printing.,,,Medium,https://openlibrary.org/works/OL19656276W,BROAD
openlibrary:OL35144W,Walker Evans,,"Walker Evans, Amerika",,1990,Schirmer/Mosel,,Specialist photography publisher backlist: Schirmer/Mosel,C,5,Work-level metadata only; verify the exact publisher edition and printing.,,,Medium,https://openlibrary.org/works/OL35144W,BROAD
openlibrary:OL35159W,Walker Evans,,Walker Evans at Work,,1982,Thames & Hudson,,Specialist photography publisher backlist: Thames & Hudson,C,5,Work-level metadata only; verify the exact publisher edition and printing.,,,Medium,https://openlibrary.org/works/OL35159W,BROAD
openlibrary:OL15098102W,Walt Whitman,,Fall,,2004,powerHouse Books,,Specialist photography publisher backlist: powerHouse Books,C,5,Work-level metadata only; verify the exact publisher edition and printing.,,,Medium,https://openlibrary.org/works/OL15098102W,BROAD
openlibrary:OL6138488W,Walter Ballhause,,Zwischen Weimar und Hitler,,1981,Schirmer/Mosel,,Specialist photography publisher backlist: Schirmer/Mosel,C,5,Work-level metadata only; verify the exact publisher edition and printing.,,,Medium,https://openlibrary.org/works/OL6138488W,BROAD
openlibrary:OL15998012W,Walter Kehr,,Walter Kehr,,2009,Kehrer,,Specialist photography publisher backlist: Kehrer,C,5,Work-level metadata only; verify the exact publisher edition and printing.,,,Medium,https://openlibrary.org/works/OL15998012W,BROAD
openlibrary:OL13577738W,Walter Niedermayr,Franz Xaver Baier | Marion Piffer-Damiani | Walter Niedermayr,Walter Niedermayr,,2003,Hatje Cantz,,Specialist photography publisher backlist: Hatje Cantz,C,5,Work-level metadata only; verify the exact publisher edition and printing.,,,Medium,https://openlibrary.org/works/OL13577738W,BROAD
openlibrary:OL19090668W,Walter Niedermayr,,Walter Niedermayr: Recollection,,2011,Hatje Cantz,,Specialist photography publisher backlist: Hatje Cantz,C,5,Work-level metadata only; verify the exact publisher edition and printing.,,,Medium,https://openlibrary.org/works/OL19090668W,BROAD
openlibrary:OL3371694W,"Weber, Bruce",,Bruce Weber,,1983,Schirmer/Mosel,,Specialist photography publisher backlist: Schirmer/Mosel,C,5,Work-level metadata only; verify the exact publisher edition and printing.,,,Medium,https://openlibrary.org/works/OL3371694W,BROAD
openlibrary:OL10492570W,Weegee,,Weegee,,1978,Schirmer/Mosel,,Specialist photography publisher backlist: Schirmer/Mosel | Specialist photography publisher backlist: Aperture,C,5,Work-level metadata only; verify the exact publisher edition and printing.,,,Medium,https://openlibrary.org/works/OL10492570W,BROAD
openlibrary:OL17586692W,Wendy Paton,,Visages De Nuit,,2013,Kehrer,,Specialist photography publisher backlist: Kehrer,C,5,Work-level metadata only; verify the exact publisher edition and printing.,,,Medium,https://openlibrary.org/works/OL17586692W,BROAD
openlibrary:OL4648635W,"White, Stephen",,John Thomson,,1985,Thames & Hudson,,Specialist photography publisher backlist: Thames & Hudson,C,5,Work-level metadata only; verify the exact publisher edition and printing.,,,Medium,https://openlibrary.org/works/OL4648635W,BROAD
openlibrary:OL21197175W,Wiedemann,Julius Wiedemann,Taschen's 1000 favourite websites,,2003,Taschen,,Specialist photography publisher backlist: Taschen,C,5,Work-level metadata only; verify the exact publisher edition and printing.,,,Medium,https://openlibrary.org/works/OL21197175W,BROAD
openlibrary:OL3031822W,Wilhelm von Gloeden,,Wilhelm von Gloeden,,1978,Schirmer/Mosel,,Specialist photography publisher backlist: Schirmer/Mosel,C,5,Work-level metadata only; verify the exact publisher edition and printing.,,,Medium,https://openlibrary.org/works/OL3031822W,BROAD
openlibrary:OL3099622W,Will McBride,,Will McBride,,1992,Taschen,,Specialist photography publisher backlist: Taschen,C,5,Work-level metadata only; verify the exact publisher edition and printing.,,,Medium,https://openlibrary.org/works/OL3099622W,BROAD
openlibrary:OL2758502W,William A. Ewing,,Breaking bounds,,1992,Thames & Hudson,,Specialist photography publisher backlist: Thames & Hudson,C,5,Work-level metadata only; verify the exact publisher edition and printing.,,,Medium,https://openlibrary.org/works/OL2758502W,BROAD
openlibrary:OL18225219W,William A. Ewing,Christophe Blazer | Nassim Daghighian | Daniel Girardin,The century of the body,,2000,Thames & Hudson,,Specialist photography publisher backlist: Thames & Hudson,C,5,Work-level metadata only; verify the exact publisher edition and printing.,,,Medium,https://openlibrary.org/works/OL18225219W,BROAD
openlibrary:OL2758505W,William A. Ewing,,The fugitive gesture,,1987,Thames & Hudson,,Specialist photography publisher backlist: Thames & Hudson,C,5,Work-level metadata only; verify the exact publisher edition and printing.,,,Medium,https://openlibrary.org/works/OL2758505W,BROAD
openlibrary:OL2758507W,William A. Ewing,,The photographic art of Hoyningen-Huene,,1986,Thames & Hudson,,Specialist photography publisher backlist: Thames & Hudson,C,5,Work-level metadata only; verify the exact publisher edition and printing.,,,Medium,https://openlibrary.org/works/OL2758507W,BROAD
openlibrary:OL14865090W,William Claxton,,Photographic Memory,,2002,powerHouse Books,,Specialist photography publisher backlist: powerHouse Books,C,5,Work-level metadata only; verify the exact publisher edition and printing.,,,Medium,https://openlibrary.org/works/OL14865090W,BROAD
openlibrary:OL4300619W,William Henry Fox Talbot,Michael Gray | Arthur Ollman | Carol McCusker,First photographs,,2002,powerHouse Books,,Specialist photography publisher backlist: powerHouse Books,C,5,Work-level metadata only; verify the exact publisher edition and printing.,,,Medium,https://openlibrary.org/works/OL4300619W,BROAD
openlibrary:OL24141550W,William Johnson (photographer),,A history of photography,,2005,Taschen,,Specialist photography publisher backlist: Taschen,C,5,Work-level metadata only; verify the exact publisher edition and printing.,,,Medium,https://openlibrary.org/works/OL24141550W,BROAD
openlibrary:OL9060955W,William Ropp,,Children,,2004,Kehrer,,Specialist photography publisher backlist: Kehrer,C,5,Work-level metadata only; verify the exact publisher edition and printing.,,,Medium,https://openlibrary.org/works/OL9060955W,BROAD
openlibrary:OL18316305W,William Sansom,Harold Chapman,Victorian life in photographs,,1974,Thames & Hudson,,Specialist photography publisher backlist: Thames & Hudson,C,5,Work-level metadata only; verify the exact publisher edition and printing.,,,Medium,https://openlibrary.org/works/OL18316305W,BROAD
openlibrary:OL18957582W,Willie Doherty,Yilmaz Dziewior | Francis McKee,Willie Doherty,,2007,Hatje Cantz,,Specialist photography publisher backlist: Hatje Cantz | Specialist photography publisher backlist: Steidl,C,5,Work-level metadata only; verify the exact publisher edition and printing.,,,Medium,https://openlibrary.org/works/OL18957582W,BROAD
openlibrary:OL21613207W,Wilma Hurskainen,,Wilma Hurskainen,,2016,Kehrer,,Specialist photography publisher backlist: Kehrer,C,5,Work-level metadata only; verify the exact publisher edition and printing.,,,Medium,https://openlibrary.org/works/OL21613207W,BROAD
openlibrary:OL2551547W,Wim Wenders,,Pictures from the Surface of the Earth,,2003,Schirmer/Mosel,,Specialist photography publisher backlist: Schirmer/Mosel,C,5,Work-level metadata only; verify the exact publisher edition and printing.,,,Medium,https://openlibrary.org/works/OL2551547W,BROAD
openlibrary:OL2551553W,Wim Wenders,,Wim Wenders,,1995,Schirmer/Mosel,,Specialist photography publisher backlist: Schirmer/Mosel,C,5,Work-level metadata only; verify the exact publisher edition and printing.,,,Medium,https://openlibrary.org/works/OL2551553W,BROAD
openlibrary:OL19090712W,Wim Wenders,,"Wim Wenders: Places, Strange and Quiet",,2011,Hatje Cantz,,Specialist photography publisher backlist: Hatje Cantz,C,5,Work-level metadata only; verify the exact publisher edition and printing.,,,Medium,https://openlibrary.org/works/OL19090712W,BROAD
openlibrary:OL2551555W,Wim Wenders,,Written in the West,,1987,Schirmer/Mosel,,Specialist photography publisher backlist: Schirmer/Mosel,C,5,Work-level metadata only; verify the exact publisher edition and printing.,,,Medium,https://openlibrary.org/works/OL2551555W,BROAD
openlibrary:OL18687498W,Winfried Bullinger,,Caves,,2008,Kehrer,,Specialist photography publisher backlist: Kehrer,C,5,Work-level metadata only; verify the exact publisher edition and printing.,,,Medium,https://openlibrary.org/works/OL18687498W,BROAD
openlibrary:OL6484755W,Wolfgang Baier,,Quellendarstellungen zur Geschichte der Fotografie,,1964,Schirmer/Mosel,,Specialist photography publisher backlist: Schirmer/Mosel,C,5,Work-level metadata only; verify the exact publisher edition and printing.,,,Medium,https://openlibrary.org/works/OL6484755W,BROAD
openlibrary:OL32915791W,Wolfgang Bellwinkel,,Das Vertraute im Fremden,,2011,Kehrer,,Specialist photography publisher backlist: Kehrer,C,5,Work-level metadata only; verify the exact publisher edition and printing.,,,Medium,https://openlibrary.org/works/OL32915791W,BROAD
openlibrary:OL2582583W,Wolfgang Kemp,,Foto-Essays,,1978,Schirmer/Mosel,,Specialist photography publisher backlist: Schirmer/Mosel,C,5,Work-level metadata only; verify the exact publisher edition and printing.,,,Medium,https://openlibrary.org/works/OL2582583W,BROAD
openlibrary:OL19039629W,Wolfgang Kemp,,Theorie der Fotografie,,1979,Schirmer/Mosel,,Specialist photography publisher backlist: Schirmer/Mosel,C,5,Work-level metadata only; verify the exact publisher edition and printing.,,,Medium,https://openlibrary.org/works/OL19039629W,BROAD
openlibrary:OL2582588W,Wolfgang Kemp,,Theorie Der Fotografie II,,1979,Schirmer/Mosel,,Specialist photography publisher backlist: Schirmer/Mosel,C,5,Work-level metadata only; verify the exact publisher edition and printing.,,,Medium,https://openlibrary.org/works/OL2582588W,BROAD
openlibrary:OL19574015W,Wolfgang Kemp,Lothar Schirmer | Wulf Herzogenrath,Von Beuys bis Cindy Sherman,,1999,Schirmer/Mosel,,Specialist photography publisher backlist: Schirmer/Mosel,C,5,Work-level metadata only; verify the exact publisher edition and printing.,,,Medium,https://openlibrary.org/works/OL19574015W,BROAD
openlibrary:OL22370584W,Wolfgang Scheppe,Michael Danner,Sight-_Seeing,,2011,Hatje Cantz,,Specialist photography publisher backlist: Hatje Cantz,C,5,Work-level metadata only; verify the exact publisher edition and printing.,,,Medium,https://openlibrary.org/works/OL22370584W,BROAD
openlibrary:OL32528966W,Wolfgang Till,Wilhelm Hausenstein,Karl Valentin,,2019,Schirmer/Mosel,,Specialist photography publisher backlist: Schirmer/Mosel,C,5,Work-level metadata only; verify the exact publisher edition and printing.,,,Medium,https://openlibrary.org/works/OL32528966W,BROAD
openlibrary:OL13522207W,Wolfgang Tillmans,,Wolfgang Tillmans,,1996,Hatje Cantz,,Specialist photography publisher backlist: Hatje Cantz,C,5,Work-level metadata only; verify the exact publisher edition and printing.,,,Medium,https://openlibrary.org/works/OL13522207W,BROAD
openlibrary:OL15610366W,Wolfgang Zurborn,,Wolfgang Zurborn,,2007,Kehrer,,Specialist photography publisher backlist: Kehrer,C,5,Work-level metadata only; verify the exact publisher edition and printing.,,,Medium,https://openlibrary.org/works/OL15610366W,BROAD
openlibrary:OL21112569W,Won Beomsik,Ilwoo Foundation Staff | Suejin Shin,Beomsik Won - Archisculpture,,2015,Hatje Cantz,,Specialist photography publisher backlist: Hatje Cantz,C,5,Work-level metadata only; verify the exact publisher edition and printing.,,,Medium,https://openlibrary.org/works/OL21112569W,BROAD
openlibrary:OL23817717W,Xiao Hui Wang,,Abstract photography,,2001,Kehrer,,Specialist photography publisher backlist: Kehrer,C,5,Work-level metadata only; verify the exact publisher edition and printing.,,,Medium,https://openlibrary.org/works/OL23817717W,BROAD
openlibrary:OL21594940W,Yener Torun,,City in Colour,,2016,Hoxton Mini Press,,Specialist photography publisher backlist: Hoxton Mini Press,C,5,Work-level metadata only; verify the exact publisher edition and printing.,,,Medium,https://openlibrary.org/works/OL21594940W,BROAD
openlibrary:OL17586484W,Yoon Ji,,Yoon Ji Seon,,2014,Hatje Cantz,,Specialist photography publisher backlist: Hatje Cantz,C,5,Work-level metadata only; verify the exact publisher edition and printing.,,,Medium,https://openlibrary.org/works/OL17586484W,BROAD
openlibrary:OL526972W,Yorick Blumenfeld,,Naked and veiled,,1999,Thames & Hudson,,Specialist photography publisher backlist: Thames & Hudson,C,5,Work-level metadata only; verify the exact publisher edition and printing.,,,Medium,https://openlibrary.org/works/OL526972W,BROAD
openlibrary:OL13676243W,"Yoshinaga, Masayuki, $d",Masayuki Yoshinaga | Katsuhiko Ishikawa,Gothic & Lolita,,2007,Phaidon,,Specialist photography publisher backlist: Phaidon,C,5,Work-level metadata only; verify the exact publisher edition and printing.,,,Medium,https://openlibrary.org/works/OL13676243W,BROAD
openlibrary:OL21287760W,Yury Toroptsov,Claude d'Anthenaise,Deleted Scene,,2015,Kehrer,,Specialist photography publisher backlist: Kehrer,C,5,Work-level metadata only; verify the exact publisher edition and printing.,,,Medium,https://openlibrary.org/works/OL21287760W,BROAD
openlibrary:OL17523889W,Yvan Rodic,,Facehunter,,2010,Thames & Hudson,,Specialist photography publisher backlist: Thames & Hudson,C,5,Work-level metadata only; verify the exact publisher edition and printing.,,,Medium,https://openlibrary.org/works/OL17523889W,BROAD
openlibrary:OL14909766W,Yve Lomax,,Other Than Itself,,1989,Cornerhouse,,Specialist photography publisher backlist: Cornerhouse,C,5,Work-level metadata only; verify the exact publisher edition and printing.,,,Medium,https://openlibrary.org/works/OL14909766W,BROAD
openlibrary:OL18539744W,Yves Saint Laurent,,Yves Saint Laurent,,1992,Schirmer/Mosel,,Specialist photography publisher backlist: Schirmer/Mosel,C,5,Work-level metadata only; verify the exact publisher edition and printing.,,,Medium,https://openlibrary.org/works/OL18539744W,BROAD
openlibrary:OL16644471W,Øyvind Hjelmen,,Elsewhere,,2010,Kehrer,,Specialist photography publisher backlist: Kehrer,C,5,Work-level metadata only; verify the exact publisher edition and printing.,,,Medium,https://openlibrary.org/works/OL16644471W,BROAD
openlibrary:OL21651685W,Yvonne Most,Feli Hoffman | Andreas Otto Weber,Die Erinnerungen der Anderen,,2019,Kehrer,,Specialist photography publisher backlist: Kehrer,C,5,Work-level metadata only; verify the exact publisher edition and printing.,,,Medium,https://openlibrary.org/works/OL21651685W,BROAD
openlibrary:OL2016985W,Zaha Hadid,Joseph Giovannini | Charles Desmarais | Detlef Mertins,Zaha Hadid,,1989,Hatje Cantz,,Specialist photography publisher backlist: Hatje Cantz,C,5,Work-level metadata only; verify the exact publisher edition and printing.,,,Medium,https://openlibrary.org/works/OL2016985W,BROAD
openlibrary:OL18870966W,Zdenek Felix,,A clear vision,,2003,Hatje Cantz,,Specialist photography publisher backlist: Hatje Cantz,C,5,Work-level metadata only; verify the exact publisher edition and printing.,,,Medium,https://openlibrary.org/works/OL18870966W,BROAD
openlibrary:OL21230167W,Zoe Butt,Wang Qingsong,Wang Qingsong,,2006,Hatje Cantz,,Specialist photography publisher backlist: Hatje Cantz,C,5,Work-level metadata only; verify the exact publisher edition and printing.,,,Medium,https://openlibrary.org/works/OL21230167W,BROAD
openlibrary:OL22149787W,Zosia Prominska,N. N.,12 - -17 (waiting Room),,2020,Kehrer,,Specialist photography publisher backlist: Kehrer,C,5,Work-level metadata only; verify the exact publisher edition and printing.,,,Medium,https://openlibrary.org/works/OL22149787W,BROAD
